order_id,customer_id,order_date,status
1,841,2025-06-24 15:31:45,shipped
2,286,2025-05-08 14:13:29,delivered
3,899,2026-03-09 03:53:37,processing
4,445,2026-01-14 22:01:40,processing
5,261,2026-02-14 00:38:40,delivered
6,943,2025-06-04 23:07:40,processing
7,714,2025-06-19 00:09:44,processing
8,309,2026-03-01 17:59:19,cancelled
9,671,2025-09-16 04:06:19,processing
10,675,2025-09-28 22:03:04,delivered
11,231,2026-02-04 21:10:51,shipped
12,626,2026-02-28 17:18:31,delivered
13,152,2026-02-03 16:20:41,delivered
14,824,2026-03-28 20:03:18,cancelled
15,137,2025-05-18 18:32:26,cancelled
16,487,2025-11-26 12:03:16,cancelled
17,282,2025-07-09 20:54:28,cancelled
18,344,2025-07-03 23:28:29,processing
19,724,2025-05-12 07:30:18,shipped
20,556,2026-04-05 18:08:04,cancelled
21,21,2025-05-14 22:57:54,cancelled
22,766,2025-08-08 17:23:54,shipped
23,345,2026-02-17 05:31:10,cancelled
24,28,2025-11-28 22:07:38,cancelled
25,267,2025-11-03 13:49:02,cancelled
26,901,2025-12-19 06:15:02,cancelled
27,768,2026-03-08 14:01:31,delivered
28,205,2026-04-27 15:24:17,delivered
29,477,2026-01-19 02:38:04,processing
30,593,2026-04-06 07:41:10,delivered
31,708,2025-10-25 12:14:27,shipped
32,825,2025-11-15 02:26:29,delivered
33,350,2025-11-09 05:06:34,delivered
34,849,2025-11-10 03:59:19,cancelled
35,989,2026-03-29 02:03:56,processing
36,958,2025-12-04 15:14:47,delivered
37,685,2025-10-14 22:25:10,cancelled
38,218,2025-09-10 08:20:52,processing
39,530,2026-01-18 04:06:15,shipped
40,501,2025-07-18 11:19:00,shipped
41,415,2026-01-21 22:43:21,shipped
42,564,2026-02-09 01:38:22,processing
43,124,2026-02-02 02:27:28,shipped
44,496,2026-01-26 11:09:09,processing
45,310,2026-04-03 20:52:17,delivered
46,654,2025-09-19 05:36:16,cancelled
47,481,2026-01-11 20:38:55,cancelled
48,842,2025-11-13 10:27:39,delivered
49,577,2025-09-13 11:23:31,processing
50,783,2025-07-08 09:38:10,cancelled
51,313,2025-07-28 15:36:46,delivered
52,178,2025-12-31 05:46:01,delivered
53,609,2025-11-21 10:58:47,cancelled
54,720,2025-09-27 20:05:04,cancelled
55,811,2026-04-21 15:38:24,shipped
56,62,2025-05-21 07:58:03,shipped
57,312,2026-03-03 20:51:54,cancelled
58,911,2026-03-19 01:53:06,cancelled
59,857,2026-04-20 23:16:50,delivered
60,453,2026-02-13 04:40:42,processing
61,357,2026-02-28 14:58:53,cancelled
62,711,2026-03-09 15:54:57,cancelled
63,259,2026-02-20 04:05:41,processing
64,2,2025-05-13 09:25:23,cancelled
65,779,2025-07-15 03:14:50,delivered
66,902,2025-05-04 10:06:29,cancelled
67,819,2025-08-13 16:52:36,shipped
68,96,2025-08-23 00:19:28,shipped
69,853,2025-07-28 10:52:23,shipped
70,468,2026-04-20 23:15:18,shipped
71,957,2025-09-25 07:32:59,processing
72,858,2026-01-03 08:08:36,cancelled
73,566,2025-05-29 12:54:10,cancelled
74,795,2026-03-10 01:48:56,cancelled
75,723,2025-12-06 02:08:55,cancelled
76,340,2026-03-25 19:25:23,delivered
77,671,2026-03-02 03:26:59,shipped
78,639,2025-12-06 13:12:24,cancelled
79,547,2025-08-30 05:58:27,cancelled
80,701,2025-06-09 04:57:03,processing
81,649,2025-10-23 10:01:41,delivered
82,58,2025-05-23 11:29:13,processing
83,422,2025-09-09 09:44:27,shipped
84,392,2026-03-18 00:59:43,shipped
85,683,2026-04-01 06:30:56,delivered
86,307,2025-06-29 23:49:47,cancelled
87,495,2025-07-18 06:20:11,delivered
88,717,2026-04-01 08:12:22,processing
89,580,2026-02-04 09:34:25,delivered
90,636,2025-12-05 06:06:40,processing
91,452,2026-04-11 15:30:46,delivered
92,180,2026-04-23 07:06:39,shipped
93,936,2026-03-30 15:03:49,cancelled
94,773,2025-06-03 00:38:38,shipped
95,127,2025-05-06 13:24:18,cancelled
96,240,2026-02-24 04:48:27,cancelled
97,664,2025-06-24 15:18:13,delivered
98,312,2026-01-02 08:53:11,cancelled
99,551,2025-12-07 20:18:06,shipped
100,102,2025-07-01 17:32:34,cancelled
101,974,2026-02-24 07:22:37,shipped
102,283,2026-04-22 15:29:37,shipped
103,218,2026-02-05 02:26:07,delivered
104,806,2025-12-11 14:37:44,shipped
105,833,2026-02-12 16:17:43,shipped
106,554,2025-09-09 22:25:04,processing
107,367,2026-01-10 13:31:19,shipped
108,432,2025-05-07 00:29:27,delivered
109,371,2025-06-02 14:26:44,delivered
110,63,2025-08-23 06:43:44,cancelled
111,83,2025-07-13 21:50:02,processing
112,544,2025-10-30 07:30:25,processing
113,910,2025-08-13 08:03:33,shipped
114,321,2026-01-06 13:57:03,cancelled
115,486,2026-03-30 17:31:43,delivered
116,99,2026-02-07 02:29:10,processing
117,421,2025-11-12 06:55:54,processing
118,520,2025-07-11 14:01:11,shipped
119,866,2025-05-19 16:53:31,processing
120,827,2025-12-21 09:30:58,cancelled
121,317,2026-03-13 09:45:14,processing
122,411,2025-07-12 22:28:05,delivered
123,221,2026-04-16 17:45:03,cancelled
124,333,2025-04-29 14:18:11,delivered
125,633,2025-12-07 14:20:36,delivered
126,435,2025-10-06 02:02:34,cancelled
127,114,2025-10-27 06:08:00,processing
128,8,2025-05-29 18:50:56,shipped
129,123,2025-07-18 09:44:42,delivered
130,236,2026-01-19 09:42:31,processing
131,447,2025-12-14 04:11:46,delivered
132,428,2025-11-07 19:35:50,processing
133,176,2025-06-02 18:40:43,cancelled
134,604,2025-12-20 01:59:04,cancelled
135,173,2025-06-11 09:58:44,delivered
136,150,2025-06-23 01:43:44,processing
137,182,2025-09-29 04:27:43,cancelled
138,481,2025-05-16 11:47:22,cancelled
139,318,2025-12-29 15:12:45,cancelled
140,885,2025-06-25 07:18:04,delivered
141,488,2026-02-05 20:58:13,shipped
142,921,2025-06-25 15:16:35,processing
143,725,2025-06-11 13:36:32,cancelled
144,794,2025-07-17 04:11:05,processing
145,396,2025-06-27 19:37:56,processing
146,145,2025-06-12 13:05:36,processing
147,386,2026-03-30 07:01:58,processing
148,19,2026-01-19 09:49:28,processing
149,232,2026-04-21 12:42:12,shipped
150,790,2026-01-24 16:44:07,delivered
151,852,2025-10-23 11:14:22,shipped
152,292,2025-10-03 23:01:54,cancelled
153,856,2025-10-25 21:06:10,shipped
154,541,2026-02-13 23:48:49,cancelled
155,657,2026-01-09 01:51:55,cancelled
156,165,2025-06-20 22:00:30,processing
157,358,2025-05-18 11:12:14,delivered
158,384,2025-06-11 09:56:22,shipped
159,732,2025-12-18 23:19:42,processing
160,850,2026-02-21 06:16:09,cancelled
161,928,2026-02-11 09:56:09,delivered
162,154,2026-01-14 05:24:35,cancelled
163,125,2025-06-01 08:15:39,delivered
164,857,2025-06-11 17:05:52,cancelled
165,362,2025-06-10 11:02:42,shipped
166,520,2025-09-23 06:26:19,delivered
167,17,2025-10-01 01:55:01,processing
168,673,2025-06-07 06:34:39,delivered
169,851,2025-06-16 23:33:58,cancelled
170,207,2026-04-17 08:57:04,delivered
171,408,2025-07-06 20:49:36,cancelled
172,800,2025-05-13 22:35:46,delivered
173,410,2025-06-13 15:54:52,cancelled
174,817,2025-12-23 12:06:24,processing
175,617,2026-02-01 22:58:26,shipped
176,314,2025-05-10 02:00:24,cancelled
177,891,2025-10-18 02:06:48,processing
178,821,2025-06-19 12:00:14,shipped
179,801,2026-02-02 11:21:28,cancelled
180,798,2025-09-07 20:56:17,processing
181,972,2026-01-09 16:10:16,processing
182,408,2026-02-10 01:51:34,processing
183,512,2026-04-22 03:05:11,cancelled
184,711,2025-11-19 04:35:58,cancelled
185,177,2026-02-16 19:46:53,cancelled
186,727,2025-10-14 15:35:15,delivered
187,125,2026-04-24 19:08:09,shipped
188,568,2025-08-02 06:19:25,processing
189,737,2025-07-13 13:33:20,cancelled
190,461,2026-04-22 02:38:31,cancelled
191,890,2025-12-25 15:03:15,delivered
192,166,2026-02-11 16:56:42,processing
193,202,2026-02-05 01:38:05,processing
194,173,2025-07-19 19:58:18,shipped
195,47,2025-05-12 01:35:42,processing
196,643,2025-08-19 17:10:47,processing
197,75,2025-12-05 18:51:33,delivered
198,209,2025-07-11 10:13:44,processing
199,380,2025-10-12 05:54:27,delivered
200,254,2025-09-22 09:00:56,shipped
201,885,2025-09-05 16:30:08,cancelled
202,321,2025-07-17 14:57:43,shipped
203,316,2025-11-21 21:46:53,cancelled
204,469,2025-05-02 21:29:49,shipped
205,507,2026-01-09 03:18:16,cancelled
206,271,2025-07-06 03:24:13,processing
207,200,2025-10-21 12:37:20,processing
208,626,2026-01-05 08:47:39,delivered
209,348,2026-04-03 05:33:35,processing
210,47,2026-01-11 00:06:18,delivered
211,153,2026-03-08 17:59:58,shipped
212,863,2025-08-22 18:22:28,processing
213,690,2026-02-23 07:24:23,delivered
214,996,2025-11-16 00:31:10,shipped
215,645,2025-06-06 22:24:47,cancelled
216,113,2025-06-24 19:11:05,shipped
217,156,2026-02-18 12:52:04,cancelled
218,64,2026-02-26 13:15:19,shipped
219,935,2025-08-15 05:21:55,processing
220,306,2025-07-05 02:13:58,shipped
221,358,2025-06-05 16:51:29,processing
222,824,2025-06-01 16:18:45,shipped
223,453,2025-08-16 03:47:08,processing
224,631,2025-05-06 12:10:58,shipped
225,54,2026-02-28 10:19:47,delivered
226,952,2025-11-30 13:03:21,shipped
227,662,2026-01-17 22:55:32,delivered
228,741,2025-09-28 00:09:58,delivered
229,407,2025-12-26 13:11:06,cancelled
230,582,2025-11-17 12:09:31,delivered
231,517,2025-06-21 07:06:25,cancelled
232,470,2026-04-20 17:30:59,processing
233,691,2025-09-05 15:02:01,shipped
234,89,2026-03-27 14:50:27,cancelled
235,332,2025-05-01 01:59:54,shipped
236,458,2025-12-07 13:13:42,processing
237,710,2026-01-10 22:03:05,shipped
238,164,2025-09-01 13:00:51,cancelled
239,490,2025-06-18 23:23:51,shipped
240,773,2025-06-24 23:48:38,delivered
241,518,2025-12-15 06:39:04,shipped
242,735,2025-08-17 00:52:26,cancelled
243,136,2025-09-20 13:08:46,cancelled
244,837,2025-06-16 17:05:15,delivered
245,718,2025-05-04 08:02:16,delivered
246,788,2026-03-19 21:48:09,shipped
247,700,2026-03-13 09:39:05,shipped
248,746,2025-12-13 08:46:27,shipped
249,690,2025-07-11 21:30:02,cancelled
250,194,2026-01-24 18:49:13,delivered
251,959,2026-03-22 13:56:41,delivered
252,35,2025-09-17 02:39:38,cancelled
253,223,2025-09-10 14:31:19,delivered
254,327,2026-02-01 22:04:28,processing
255,227,2025-09-22 10:59:30,cancelled
256,438,2026-03-19 18:35:02,cancelled
257,391,2026-02-28 20:56:33,processing
258,551,2025-05-23 07:50:38,cancelled
259,826,2026-03-08 10:35:35,cancelled
260,543,2026-02-09 21:30:04,shipped
261,945,2026-02-07 12:22:35,cancelled
262,690,2026-01-07 03:00:56,delivered
263,688,2025-04-28 04:02:11,shipped
264,195,2026-03-06 11:02:05,delivered
265,795,2026-04-24 03:16:31,processing
266,904,2025-07-20 00:54:06,cancelled
267,424,2026-01-30 15:04:28,delivered
268,201,2026-01-11 16:56:43,processing
269,671,2025-12-04 14:46:08,processing
270,815,2025-12-15 05:31:40,processing
271,911,2025-09-08 18:22:27,delivered
272,646,2025-06-16 11:27:25,shipped
273,518,2026-02-24 07:21:43,cancelled
274,545,2026-01-22 10:17:21,cancelled
275,282,2025-12-10 06:44:47,processing
276,941,2025-11-06 12:46:19,delivered
277,407,2026-03-13 12:01:57,delivered
278,308,2025-05-04 07:47:32,delivered
279,387,2026-02-23 04:44:35,cancelled
280,85,2025-06-04 10:11:15,cancelled
281,889,2025-07-25 13:40:31,cancelled
282,674,2025-10-20 21:37:33,delivered
283,148,2025-06-12 18:25:00,cancelled
284,247,2025-06-21 18:55:25,cancelled
285,448,2025-08-12 16:00:24,shipped
286,629,2025-07-10 18:29:39,cancelled
287,365,2025-10-09 07:11:48,cancelled
288,76,2026-04-25 20:55:15,delivered
289,325,2025-09-14 02:47:16,processing
290,456,2025-11-27 04:02:38,processing
291,460,2025-09-01 13:00:40,cancelled
292,568,2025-11-23 06:19:07,delivered
293,87,2025-09-17 02:19:11,shipped
294,505,2025-09-25 03:03:14,shipped
295,432,2025-08-24 21:27:06,processing
296,508,2026-02-17 20:12:10,shipped
297,862,2026-04-21 13:00:23,cancelled
298,140,2025-06-17 07:18:46,processing
299,992,2025-07-19 00:36:58,processing
300,837,2026-03-22 08:59:44,cancelled
301,564,2025-05-08 04:34:00,delivered
302,512,2025-08-06 09:54:01,shipped
303,809,2025-05-26 19:05:27,cancelled
304,597,2026-04-07 14:13:44,cancelled
305,681,2026-02-10 02:28:20,processing
306,441,2026-02-24 00:51:28,delivered
307,523,2025-06-27 08:07:50,shipped
308,495,2025-05-07 15:32:57,delivered
309,357,2025-06-21 09:17:37,processing
310,100,2025-10-31 19:42:21,cancelled
311,24,2026-04-23 22:28:13,processing
312,529,2025-05-18 14:06:41,shipped
313,189,2025-10-08 18:07:34,shipped
314,399,2025-06-14 12:00:37,delivered
315,816,2025-09-15 04:56:47,delivered
316,269,2025-12-22 05:45:04,cancelled
317,469,2025-06-29 14:02:05,shipped
318,313,2025-10-30 20:00:47,delivered
319,429,2025-07-26 07:47:26,shipped
320,502,2025-11-30 05:03:24,processing
321,55,2025-11-05 20:55:04,processing
322,835,2025-08-13 15:01:05,cancelled
323,85,2025-05-21 02:38:09,delivered
324,551,2025-07-01 07:01:37,processing
325,116,2025-12-16 08:13:22,delivered
326,436,2025-12-24 05:58:22,delivered
327,357,2025-05-21 13:54:36,delivered
328,648,2025-10-16 18:38:33,cancelled
329,61,2026-01-31 20:35:56,processing
330,976,2026-02-01 21:49:32,delivered
331,672,2025-05-30 20:15:18,shipped
332,849,2025-10-12 03:47:41,shipped
333,78,2025-10-10 04:58:37,delivered
334,3,2026-03-28 10:36:18,delivered
335,217,2025-12-13 03:17:19,cancelled
336,134,2025-05-06 09:06:57,cancelled
337,857,2025-10-04 19:48:48,cancelled
338,468,2025-07-25 07:30:19,delivered
339,671,2025-06-17 04:05:16,processing
340,641,2025-06-15 19:25:13,processing
341,2,2026-03-27 16:23:53,shipped
342,713,2025-08-14 23:20:32,processing
343,490,2025-11-19 22:14:03,delivered
344,105,2026-01-05 03:49:59,delivered
345,833,2026-04-12 15:33:45,shipped
346,169,2025-06-08 06:11:51,cancelled
347,454,2025-09-07 15:49:28,shipped
348,127,2025-08-29 17:52:01,cancelled
349,661,2025-08-07 01:47:18,delivered
350,309,2026-03-29 06:05:36,shipped
351,116,2025-06-28 06:45:36,shipped
352,882,2026-03-15 03:52:08,cancelled
353,70,2026-04-03 21:32:29,delivered
354,294,2026-01-18 12:02:23,cancelled
355,81,2025-12-29 00:42:36,shipped
356,782,2026-01-02 00:46:16,delivered
357,947,2025-04-30 15:08:33,cancelled
358,57,2025-07-22 20:11:07,processing
359,719,2026-01-25 00:10:57,delivered
360,802,2026-01-28 13:17:13,processing
361,895,2026-03-30 04:27:18,processing
362,440,2025-08-16 13:09:23,processing
363,57,2025-05-10 06:20:48,cancelled
364,741,2025-08-02 15:51:51,delivered
365,48,2025-05-20 11:09:09,cancelled
366,823,2025-06-15 02:45:15,cancelled
367,738,2025-05-04 05:39:48,processing
368,924,2025-12-22 23:19:49,delivered
369,899,2025-09-15 17:39:41,cancelled
370,9,2026-04-15 07:30:26,processing
371,249,2026-04-14 04:37:27,cancelled
372,955,2025-10-02 04:25:20,cancelled
373,652,2025-11-06 11:10:40,delivered
374,543,2025-12-02 21:22:06,shipped
375,944,2026-04-17 17:32:17,shipped
376,653,2026-02-20 02:38:20,cancelled
377,988,2026-01-01 04:14:39,shipped
378,821,2025-10-20 00:33:16,cancelled
379,967,2025-09-17 19:48:02,shipped
380,461,2025-10-09 00:55:26,cancelled
381,316,2026-04-09 12:16:30,cancelled
382,847,2026-02-27 06:23:30,delivered
383,255,2025-08-25 09:42:02,processing
384,876,2025-12-25 14:25:26,cancelled
385,64,2025-05-22 21:15:47,shipped
386,646,2025-09-18 17:26:32,delivered
387,829,2025-10-16 15:49:30,shipped
388,965,2025-12-12 20:51:34,cancelled
389,842,2026-01-15 15:15:03,cancelled
390,931,2026-02-23 23:32:45,shipped
391,635,2025-09-09 20:24:36,shipped
392,287,2025-09-19 03:31:31,cancelled
393,817,2025-08-16 09:18:52,shipped
394,580,2025-10-09 19:23:17,processing
395,31,2026-03-21 06:33:17,processing
396,786,2025-07-03 16:10:08,shipped
397,273,2025-08-01 06:18:39,delivered
398,243,2025-08-03 06:37:34,processing
399,857,2025-10-30 22:26:45,cancelled
400,617,2026-03-20 12:35:52,shipped
401,940,2025-06-08 00:28:07,shipped
402,23,2025-06-19 20:08:07,shipped
403,406,2026-03-18 15:46:44,delivered
404,972,2026-03-08 07:04:52,cancelled
405,835,2025-08-03 04:55:58,shipped
406,972,2025-10-24 00:17:56,cancelled
407,340,2025-10-13 07:24:42,delivered
408,907,2025-04-28 17:58:47,delivered
409,710,2025-06-09 15:00:41,delivered
410,449,2025-05-14 19:46:38,cancelled
411,560,2025-11-29 04:56:39,cancelled
412,777,2025-05-20 18:08:58,shipped
413,21,2026-02-20 09:34:38,processing
414,385,2025-06-12 17:06:17,shipped
415,629,2026-03-03 07:30:30,cancelled
416,622,2026-02-26 00:12:09,cancelled
417,998,2025-11-13 09:02:55,shipped
418,403,2025-06-14 07:34:24,cancelled
419,90,2025-05-12 17:30:32,processing
420,299,2025-07-17 03:56:27,delivered
421,677,2025-05-08 00:52:07,processing
422,907,2026-03-06 17:52:54,cancelled
423,477,2026-04-16 16:00:43,processing
424,714,2026-02-07 18:53:57,delivered
425,995,2026-03-01 11:25:47,shipped
426,81,2025-10-04 21:58:19,cancelled
427,460,2025-11-28 18:42:35,shipped
428,434,2025-07-25 22:52:53,delivered
429,827,2025-06-05 16:05:55,delivered
430,566,2025-10-19 04:32:07,processing
431,154,2025-09-29 12:05:39,shipped
432,393,2025-08-12 22:36:23,cancelled
433,624,2026-02-18 04:19:53,cancelled
434,244,2025-06-01 15:11:46,delivered
435,288,2025-11-03 14:10:43,cancelled
436,998,2025-06-29 13:17:38,cancelled
437,217,2025-10-09 06:40:01,cancelled
438,519,2025-11-14 04:35:35,cancelled
439,853,2025-05-14 05:47:41,shipped
440,52,2025-11-25 02:26:10,processing
441,407,2025-05-02 18:53:12,delivered
442,609,2025-11-14 09:55:28,cancelled
443,858,2025-06-04 12:36:48,processing
444,51,2026-03-09 04:02:14,shipped
445,526,2026-02-03 22:26:17,delivered
446,178,2026-01-12 23:10:50,delivered
447,659,2025-09-16 22:09:21,processing
448,310,2025-10-18 13:57:09,cancelled
449,494,2025-06-08 09:34:34,delivered
450,729,2025-06-24 05:12:25,processing
451,878,2025-12-13 21:19:17,cancelled
452,929,2025-05-09 12:37:43,cancelled
453,228,2026-03-30 22:53:38,cancelled
454,483,2026-02-01 05:28:08,shipped
455,229,2025-06-08 16:50:28,processing
456,121,2025-09-07 18:53:17,cancelled
457,200,2026-01-26 05:06:09,delivered
458,351,2025-05-21 07:14:07,cancelled
459,647,2025-10-24 16:13:56,shipped
460,780,2025-05-30 11:30:24,shipped
461,414,2025-07-12 14:34:29,cancelled
462,973,2025-11-11 02:48:10,delivered
463,255,2025-05-14 04:11:02,shipped
464,603,2025-10-03 08:49:15,processing
465,467,2025-10-20 14:26:16,processing
466,971,2025-06-06 04:06:55,cancelled
467,135,2025-08-01 10:05:24,shipped
468,729,2025-05-18 14:44:32,delivered
469,21,2025-10-24 02:09:57,delivered
470,127,2026-01-29 10:37:37,processing
471,104,2025-07-25 16:42:42,processing
472,109,2025-09-03 16:16:41,cancelled
473,367,2025-05-28 15:26:38,cancelled
474,956,2025-05-16 06:01:43,cancelled
475,929,2026-03-09 10:11:53,delivered
476,237,2026-03-31 15:38:21,cancelled
477,179,2025-08-17 10:18:35,delivered
478,98,2025-09-14 22:24:30,delivered
479,175,2025-11-19 18:56:36,processing
480,351,2025-08-12 16:48:25,shipped
481,279,2025-11-04 18:35:48,cancelled
482,61,2025-08-22 06:55:23,shipped
483,822,2025-07-14 03:56:21,cancelled
484,884,2026-03-04 18:37:30,shipped
485,268,2025-09-30 06:32:16,processing
486,347,2025-07-04 15:27:11,delivered
487,847,2025-06-11 00:59:28,delivered
488,481,2026-01-26 02:52:28,cancelled
489,339,2025-07-13 00:31:40,processing
490,388,2025-05-07 07:34:35,cancelled
491,587,2025-05-04 10:58:16,cancelled
492,122,2025-12-03 03:55:12,cancelled
493,37,2025-10-13 15:54:18,delivered
494,212,2025-07-07 06:19:24,cancelled
495,574,2025-09-10 04:48:43,cancelled
496,3,2025-11-20 04:14:28,processing
497,169,2026-03-27 10:44:47,cancelled
498,201,2025-11-18 18:58:20,shipped
499,845,2026-01-15 08:42:17,shipped
500,689,2025-09-12 16:27:50,delivered
501,50,2025-10-18 05:10:41,cancelled
502,615,2025-10-10 02:16:10,processing
503,464,2026-01-25 20:45:03,shipped
504,882,2025-10-11 11:36:18,processing
505,728,2025-12-15 05:07:55,shipped
506,916,2025-08-04 05:44:10,processing
507,687,2025-11-06 09:11:37,delivered
508,257,2025-05-09 05:11:27,shipped
509,555,2025-07-16 03:10:14,delivered
510,575,2025-06-13 11:37:23,cancelled
511,427,2025-12-01 15:49:04,processing
512,649,2025-04-29 19:28:08,processing
513,192,2025-09-04 07:24:35,shipped
514,134,2025-07-13 23:00:07,shipped
515,951,2026-01-13 07:09:44,processing
516,539,2026-03-05 19:06:31,shipped
517,550,2026-04-01 09:42:42,cancelled
518,219,2026-02-23 10:43:32,processing
519,487,2025-07-14 12:03:31,delivered
520,927,2025-12-19 09:49:05,shipped
521,816,2025-10-01 00:49:55,delivered
522,521,2025-06-27 11:59:19,cancelled
523,971,2026-03-13 03:34:04,delivered
524,645,2026-03-08 05:00:52,shipped
525,158,2026-04-19 18:28:07,delivered
526,814,2026-04-27 06:12:39,processing
527,415,2025-10-15 08:43:52,cancelled
528,657,2026-04-20 17:53:31,delivered
529,622,2025-08-04 10:01:42,delivered
530,486,2026-03-19 06:19:27,shipped
531,909,2025-10-14 14:04:37,processing
532,6,2026-04-08 04:31:44,cancelled
533,662,2025-09-27 13:21:29,shipped
534,259,2025-10-14 07:52:09,shipped
535,581,2026-03-13 09:13:53,delivered
536,744,2025-06-24 12:29:26,cancelled
537,635,2025-05-28 08:13:42,delivered
538,632,2025-09-11 20:53:34,processing
539,253,2025-12-10 22:28:58,shipped
540,457,2025-05-22 13:44:02,processing
541,84,2025-11-17 10:17:26,processing
542,642,2025-07-30 02:35:02,delivered
543,32,2026-03-16 07:08:10,cancelled
544,229,2025-06-20 08:50:18,processing
545,515,2026-01-24 08:06:58,delivered
546,184,2026-03-25 06:02:20,shipped
547,271,2025-10-29 03:52:06,processing
548,811,2025-05-05 01:25:40,processing
549,106,2025-05-10 03:33:58,processing
550,670,2025-05-20 01:12:30,delivered
551,812,2025-08-08 23:51:22,cancelled
552,659,2025-10-01 04:36:07,processing
553,617,2025-10-05 18:46:10,delivered
554,494,2025-10-09 23:03:20,cancelled
555,131,2025-06-05 14:08:29,shipped
556,265,2025-08-26 07:31:46,shipped
557,483,2025-09-02 23:25:51,cancelled
558,814,2025-12-27 03:03:58,shipped
559,395,2025-12-12 13:19:20,shipped
560,881,2025-05-07 08:54:42,cancelled
561,630,2026-02-14 22:31:16,delivered
562,442,2025-05-24 00:33:44,cancelled
563,788,2026-03-02 11:24:59,cancelled
564,785,2025-06-11 22:11:01,shipped
565,557,2025-05-17 07:55:58,cancelled
566,121,2025-10-18 06:13:05,delivered
567,437,2025-12-12 05:51:59,processing
568,774,2025-11-02 07:08:10,shipped
569,592,2026-01-11 13:05:11,processing
570,103,2025-10-26 04:36:50,shipped
571,824,2025-06-14 23:17:38,delivered
572,270,2026-04-17 14:57:18,shipped
573,672,2025-08-03 16:16:38,processing
574,673,2025-05-12 04:38:59,processing
575,691,2025-05-05 07:38:49,delivered
576,799,2026-02-12 13:54:47,cancelled
577,755,2026-01-07 02:31:12,delivered
578,573,2025-08-07 17:00:11,processing
579,414,2025-12-11 02:22:24,delivered
580,516,2025-07-28 07:44:51,processing
581,990,2025-11-24 21:49:33,cancelled
582,29,2026-02-20 01:20:10,cancelled
583,649,2025-11-28 01:51:05,shipped
584,549,2025-05-24 01:48:22,delivered
585,767,2026-03-12 08:34:20,processing
586,363,2026-01-30 07:53:33,shipped
587,248,2025-12-02 07:19:04,processing
588,634,2026-02-15 18:56:39,processing
589,979,2026-01-24 12:22:20,cancelled
590,903,2026-03-26 20:54:45,processing
591,56,2026-01-27 10:57:46,cancelled
592,716,2025-12-28 18:33:25,cancelled
593,104,2026-01-23 03:47:20,processing
594,483,2025-08-10 08:57:44,processing
595,718,2025-12-06 16:09:26,processing
596,135,2025-04-28 20:43:42,shipped
597,443,2025-08-28 00:57:59,cancelled
598,10,2025-08-02 12:04:18,shipped
599,576,2026-01-12 00:01:16,delivered
600,860,2026-01-27 13:01:38,delivered
601,955,2025-05-23 05:37:08,processing
602,696,2025-08-28 16:03:21,shipped
603,911,2026-02-26 08:11:29,delivered
604,951,2025-07-03 12:47:45,processing
605,322,2025-05-14 02:45:06,processing
606,884,2025-08-04 22:09:02,processing
607,241,2025-12-20 19:19:57,processing
608,106,2025-12-20 03:24:06,delivered
609,27,2025-11-08 13:58:00,cancelled
610,907,2025-05-12 09:44:56,cancelled
611,130,2026-03-07 10:03:18,shipped
612,999,2025-12-12 16:24:44,processing
613,655,2025-08-21 06:37:04,processing
614,375,2026-01-03 19:06:57,cancelled
615,835,2026-03-16 01:53:49,shipped
616,504,2025-12-15 21:39:30,cancelled
617,816,2026-03-12 19:25:25,delivered
618,733,2025-11-06 16:00:49,cancelled
619,530,2026-04-23 13:51:22,processing
620,140,2026-04-17 02:20:23,processing
621,279,2025-09-28 02:11:04,cancelled
622,993,2026-02-25 21:38:31,delivered
623,733,2025-12-19 01:51:43,cancelled
624,16,2025-11-19 04:54:16,cancelled
625,819,2025-11-05 01:58:20,cancelled
626,769,2025-12-31 19:19:26,shipped
627,557,2025-07-23 13:22:16,cancelled
628,13,2026-01-04 08:33:52,delivered
629,35,2025-05-22 23:27:56,shipped
630,959,2025-07-13 20:11:47,processing
631,654,2025-10-24 14:17:52,processing
632,997,2025-12-12 22:40:13,delivered
633,814,2025-10-15 04:27:14,processing
634,708,2026-01-18 18:37:47,cancelled
635,703,2025-06-13 09:35:14,processing
636,158,2026-03-09 16:25:34,delivered
637,808,2025-10-05 16:38:48,processing
638,257,2025-09-23 03:04:33,delivered
639,557,2025-12-17 20:45:42,processing
640,159,2025-11-29 19:51:48,cancelled
641,654,2026-02-12 22:09:12,cancelled
642,329,2025-08-19 07:53:41,delivered
643,657,2025-06-06 07:44:28,processing
644,69,2025-10-04 06:15:43,delivered
645,498,2026-04-15 08:23:43,shipped
646,857,2025-09-23 01:03:04,cancelled
647,73,2025-06-05 08:38:18,delivered
648,655,2025-06-24 08:04:32,delivered
649,542,2025-07-20 16:25:29,delivered
650,984,2025-11-02 00:37:40,delivered
651,195,2025-08-17 00:20:03,shipped
652,720,2025-05-16 18:11:59,cancelled
653,412,2025-11-02 01:14:34,processing
654,333,2025-10-31 01:25:56,processing
655,564,2025-12-05 10:47:18,processing
656,36,2025-08-09 01:26:18,processing
657,877,2025-08-02 02:17:49,processing
658,570,2025-07-27 07:01:08,shipped
659,160,2026-03-16 09:13:06,shipped
660,308,2025-07-04 08:08:05,delivered
661,846,2026-02-17 16:41:20,delivered
662,901,2025-08-30 20:45:06,cancelled
663,537,2025-10-14 08:39:37,delivered
664,690,2025-07-07 18:20:32,cancelled
665,136,2025-07-18 14:34:35,processing
666,51,2026-02-07 21:33:18,cancelled
667,781,2026-01-20 05:22:54,shipped
668,754,2025-11-13 20:16:52,shipped
669,702,2026-01-12 18:51:57,delivered
670,357,2025-12-13 04:48:09,shipped
671,632,2025-12-14 19:26:55,cancelled
672,160,2025-08-17 23:10:40,delivered
673,949,2025-12-10 01:12:05,shipped
674,483,2025-12-04 10:58:14,delivered
675,769,2026-04-16 20:41:20,processing
676,62,2025-06-10 22:29:56,processing
677,968,2025-12-20 19:13:06,delivered
678,679,2025-10-17 22:10:14,processing
679,905,2026-03-07 02:25:33,cancelled
680,888,2025-05-03 09:09:41,delivered
681,730,2025-05-23 16:57:36,delivered
682,342,2026-01-29 00:03:15,cancelled
683,310,2026-03-13 03:11:59,shipped
684,231,2026-04-16 12:18:41,shipped
685,534,2025-08-08 06:14:02,shipped
686,460,2025-06-30 19:45:27,shipped
687,706,2026-04-05 18:38:00,shipped
688,972,2025-10-11 23:44:30,delivered
689,784,2026-03-23 01:34:53,processing
690,193,2026-01-09 03:09:56,delivered
691,274,2025-06-20 21:22:14,shipped
692,489,2025-05-07 21:42:51,shipped
693,168,2025-07-19 22:19:49,shipped
694,277,2025-10-26 03:46:25,cancelled
695,950,2025-05-17 11:41:28,cancelled
696,43,2025-11-13 21:59:17,cancelled
697,847,2025-10-23 14:56:26,delivered
698,529,2026-03-12 01:44:00,delivered
699,312,2026-04-13 19:07:09,processing
700,926,2025-11-23 14:48:36,shipped
701,713,2026-03-21 13:30:15,shipped
702,605,2025-07-03 07:16:27,shipped
703,127,2025-06-07 17:37:44,delivered
704,88,2025-06-01 06:16:07,cancelled
705,893,2025-10-04 04:54:28,shipped
706,430,2025-05-19 00:25:49,processing
707,135,2026-03-20 07:27:35,shipped
708,510,2025-06-28 04:31:25,cancelled
709,453,2026-01-09 07:12:27,delivered
710,57,2026-01-11 02:06:06,processing
711,592,2026-01-08 17:18:01,processing
712,166,2025-05-08 08:10:35,processing
713,378,2025-12-28 16:13:39,cancelled
714,300,2026-03-05 15:20:37,cancelled
715,424,2026-01-09 04:15:50,shipped
716,645,2025-12-27 11:45:25,delivered
717,639,2025-08-06 11:09:06,processing
718,185,2025-06-03 14:42:26,shipped
719,641,2026-03-23 15:32:32,delivered
720,359,2026-04-24 05:01:43,shipped
721,261,2026-04-12 23:10:19,delivered
722,342,2026-04-26 09:26:49,processing
723,689,2025-11-25 15:15:09,cancelled
724,914,2026-03-04 01:28:03,processing
725,20,2025-05-30 04:32:51,shipped
726,385,2025-07-28 00:50:19,shipped
727,279,2025-09-18 03:21:31,cancelled
728,463,2026-01-18 11:05:03,processing
729,804,2026-01-25 05:55:27,delivered
730,819,2026-02-13 07:39:01,cancelled
731,788,2025-12-22 14:41:01,delivered
732,535,2025-12-05 15:51:50,delivered
733,869,2025-11-12 21:36:18,delivered
734,675,2025-12-14 22:44:06,processing
735,215,2025-11-09 14:23:37,processing
736,327,2026-04-06 08:51:24,cancelled
737,281,2026-02-24 15:00:36,delivered
738,359,2025-12-10 18:26:07,processing
739,319,2025-10-18 21:35:12,processing
740,109,2026-04-12 12:52:58,cancelled
741,184,2025-06-23 14:58:54,cancelled
742,135,2026-04-11 05:19:35,delivered
743,971,2025-06-10 04:01:40,shipped
744,717,2025-05-30 02:47:58,processing
745,116,2025-10-17 07:09:12,processing
746,131,2025-05-06 09:25:17,delivered
747,411,2026-02-05 13:31:34,cancelled
748,68,2026-03-18 11:12:46,processing
749,351,2025-11-22 10:23:45,shipped
750,611,2025-11-09 06:52:10,cancelled
751,72,2025-12-26 18:53:31,delivered
752,143,2025-12-11 21:47:11,delivered
753,400,2025-08-18 05:20:12,cancelled
754,814,2026-04-23 00:16:12,processing
755,302,2026-01-09 14:00:55,delivered
756,289,2025-11-11 01:26:46,delivered
757,729,2025-05-09 13:07:47,cancelled
758,193,2026-03-10 07:50:18,cancelled
759,138,2026-03-12 06:43:06,delivered
760,907,2026-03-24 08:08:40,cancelled
761,808,2025-05-25 02:38:34,cancelled
762,191,2025-11-25 23:21:58,cancelled
763,376,2026-04-23 02:48:31,delivered
764,116,2025-09-29 15:28:50,cancelled
765,540,2026-04-09 22:43:28,processing
766,680,2025-08-06 16:13:28,delivered
767,928,2025-08-23 19:03:52,cancelled
768,712,2025-11-21 12:02:46,processing
769,829,2025-06-20 09:00:43,delivered
770,872,2025-06-29 02:30:01,processing
771,760,2026-02-16 00:01:41,delivered
772,718,2025-06-13 09:15:38,shipped
773,957,2025-10-19 22:51:21,shipped
774,172,2026-04-04 12:21:47,shipped
775,409,2026-04-05 18:47:09,cancelled
776,400,2025-09-12 23:09:01,cancelled
777,817,2025-11-16 09:24:28,cancelled
778,941,2025-11-12 23:22:37,processing
779,599,2026-02-08 02:00:24,cancelled
780,11,2026-04-22 17:44:07,delivered
781,538,2025-07-27 05:31:04,delivered
782,25,2025-12-05 11:26:17,delivered
783,125,2025-10-15 16:54:31,delivered
784,783,2025-11-10 12:40:53,shipped
785,479,2025-09-19 20:34:39,delivered
786,76,2025-10-14 15:52:32,processing
787,62,2026-04-24 20:06:38,processing
788,206,2025-05-02 04:01:14,cancelled
789,788,2025-11-23 01:17:23,cancelled
790,106,2025-07-03 17:01:54,delivered
791,257,2025-05-21 15:44:11,cancelled
792,656,2026-03-08 23:41:43,delivered
793,717,2025-05-07 15:59:29,processing
794,746,2025-08-06 11:14:14,delivered
795,958,2025-11-23 10:33:57,processing
796,93,2025-05-15 20:55:53,processing
797,41,2025-10-07 07:53:56,cancelled
798,706,2025-10-28 21:23:00,processing
799,26,2025-08-30 00:58:43,shipped
800,832,2025-10-28 11:45:39,cancelled
801,346,2026-01-11 13:31:45,delivered
802,239,2025-06-03 01:50:08,delivered
803,20,2026-03-15 13:35:27,cancelled
804,927,2026-03-20 22:02:53,processing
805,856,2025-07-06 12:39:09,delivered
806,819,2026-03-20 17:37:53,shipped
807,831,2025-07-10 01:19:30,cancelled
808,47,2025-09-22 08:42:06,shipped
809,426,2025-12-02 12:03:20,shipped
810,137,2025-05-30 17:57:59,delivered
811,184,2025-08-22 00:34:37,delivered
812,278,2025-12-15 00:39:34,cancelled
813,627,2025-10-01 06:53:14,delivered
814,197,2025-06-02 05:23:31,delivered
815,199,2026-02-18 15:11:36,delivered
816,687,2026-01-04 07:51:58,delivered
817,446,2026-01-12 02:34:32,processing
818,948,2025-05-30 07:45:20,shipped
819,73,2026-04-25 11:24:45,shipped
820,113,2025-06-27 23:36:25,processing
821,891,2025-11-12 02:25:58,shipped
822,447,2026-04-08 17:08:38,shipped
823,140,2025-11-07 17:54:41,cancelled
824,131,2026-01-14 13:49:28,delivered
825,176,2026-03-11 00:49:57,processing
826,928,2025-12-12 23:43:18,shipped
827,858,2025-08-10 16:58:36,cancelled
828,445,2026-03-01 01:29:18,shipped
829,788,2025-06-30 21:41:03,delivered
830,86,2025-12-16 16:00:18,delivered
831,93,2026-01-13 01:12:42,delivered
832,791,2025-10-09 03:35:03,shipped
833,395,2025-12-01 01:11:40,processing
834,636,2026-04-13 16:39:02,processing
835,393,2025-11-09 16:32:12,processing
836,722,2025-06-25 02:41:25,delivered
837,756,2025-10-24 15:20:07,shipped
838,697,2026-02-03 17:14:28,cancelled
839,498,2026-02-13 19:07:23,delivered
840,906,2025-09-26 23:11:41,cancelled
841,184,2025-12-08 09:25:16,processing
842,115,2026-01-12 23:56:32,shipped
843,555,2026-04-23 22:44:52,shipped
844,65,2026-03-22 23:49:06,delivered
845,672,2025-10-29 23:44:34,processing
846,809,2026-01-10 18:52:56,processing
847,866,2025-12-30 10:45:59,delivered
848,634,2025-05-17 02:47:10,shipped
849,43,2025-08-09 10:23:22,processing
850,725,2025-05-14 10:33:37,delivered
851,999,2025-12-12 08:55:05,shipped
852,951,2025-09-12 10:00:42,processing
853,303,2025-07-25 18:05:38,cancelled
854,750,2026-01-29 17:43:04,cancelled
855,120,2025-06-12 11:33:13,processing
856,226,2025-08-06 03:19:19,cancelled
857,200,2026-04-14 01:07:53,shipped
858,457,2026-02-28 16:14:17,delivered
859,408,2025-06-01 00:48:29,shipped
860,360,2026-02-28 12:56:10,processing
861,168,2025-12-09 07:35:34,cancelled
862,889,2025-10-09 04:02:03,processing
863,420,2025-06-10 09:01:35,processing
864,391,2025-09-12 09:43:15,processing
865,475,2025-10-10 13:50:21,shipped
866,308,2025-05-14 18:49:23,cancelled
867,504,2025-11-05 16:14:34,shipped
868,994,2026-04-12 01:16:27,delivered
869,123,2025-11-28 00:06:43,processing
870,900,2026-01-02 03:26:08,shipped
871,652,2025-08-02 01:04:58,processing
872,655,2025-07-05 10:32:54,delivered
873,866,2025-11-03 00:24:30,processing
874,141,2025-08-16 00:40:57,processing
875,224,2026-01-14 12:26:41,shipped
876,839,2026-04-09 18:59:20,shipped
877,708,2026-03-07 16:05:41,processing
878,312,2026-01-21 00:27:15,delivered
879,711,2025-11-28 12:49:10,shipped
880,81,2025-11-30 11:12:05,cancelled
881,496,2025-07-23 17:33:55,cancelled
882,813,2025-09-04 03:09:41,delivered
883,11,2026-02-02 10:06:31,delivered
884,205,2025-09-21 06:00:58,shipped
885,972,2025-09-12 04:25:54,processing
886,593,2025-06-08 05:54:39,delivered
887,947,2026-02-24 05:36:29,shipped
888,364,2026-04-24 06:09:34,cancelled
889,478,2025-10-23 10:15:31,delivered
890,506,2025-12-09 08:08:34,delivered
891,418,2026-03-03 13:08:56,processing
892,691,2026-03-27 06:54:49,cancelled
893,675,2026-03-06 05:54:11,delivered
894,712,2026-01-08 11:24:11,delivered
895,206,2026-01-12 21:38:01,cancelled
896,512,2026-01-01 16:43:03,processing
897,286,2025-09-29 07:37:08,shipped
898,644,2025-07-07 06:19:04,shipped
899,851,2025-08-19 10:04:28,delivered
900,637,2026-01-01 05:44:07,delivered
901,301,2025-05-15 05:30:29,cancelled
902,937,2026-04-06 07:08:46,delivered
903,34,2025-12-18 13:09:52,shipped
904,399,2026-04-22 09:34:41,cancelled
905,702,2025-10-08 10:24:56,cancelled
906,995,2026-01-25 07:43:58,cancelled
907,132,2026-01-01 02:31:23,processing
908,354,2025-08-15 14:38:22,processing
909,320,2026-03-18 00:05:13,delivered
910,174,2025-12-20 12:29:41,delivered
911,713,2025-09-20 20:01:19,cancelled
912,828,2025-09-23 17:08:41,cancelled
913,515,2025-11-26 01:02:48,processing
914,509,2025-08-02 06:08:51,delivered
915,824,2026-02-01 10:42:37,shipped
916,544,2025-08-08 12:55:23,cancelled
917,308,2026-04-26 00:32:04,cancelled
918,465,2025-12-21 06:56:30,shipped
919,219,2025-10-11 09:57:31,cancelled
920,152,2025-05-07 15:19:16,shipped
921,881,2025-08-08 20:30:13,delivered
922,165,2025-10-20 15:20:20,processing
923,252,2025-11-12 09:54:40,processing
924,280,2025-08-27 00:14:09,shipped
925,564,2025-06-25 14:21:48,shipped
926,881,2025-05-22 20:07:19,delivered
927,674,2025-10-17 02:23:47,delivered
928,849,2025-05-02 04:46:40,processing
929,599,2025-06-26 02:06:22,cancelled
930,180,2025-12-01 11:51:34,shipped
931,503,2025-09-05 23:04:16,processing
932,487,2025-06-06 09:10:44,shipped
933,842,2025-09-24 13:41:33,processing
934,819,2025-06-21 23:13:04,delivered
935,982,2025-06-28 18:01:38,processing
936,9,2026-04-25 04:35:54,cancelled
937,881,2025-09-12 18:40:52,shipped
938,799,2025-12-08 22:29:00,cancelled
939,268,2026-02-16 20:41:16,delivered
940,781,2025-07-31 02:54:47,delivered
941,205,2026-03-14 06:55:05,processing
942,731,2025-12-28 11:29:17,shipped
943,704,2025-10-02 14:35:27,processing
944,403,2025-08-12 13:43:34,cancelled
945,269,2025-11-24 10:05:51,shipped
946,615,2025-11-26 00:14:24,processing
947,121,2025-06-15 06:08:17,delivered
948,196,2025-04-27 19:42:56,processing
949,212,2025-11-08 20:27:41,shipped
950,150,2025-12-06 13:22:30,delivered
951,597,2026-02-28 05:44:11,cancelled
952,893,2026-02-24 02:12:08,processing
953,571,2025-07-22 21:43:47,delivered
954,931,2025-08-08 23:03:11,processing
955,380,2025-11-21 07:33:17,shipped
956,480,2025-09-30 02:00:10,shipped
957,444,2025-11-20 13:40:18,shipped
958,893,2026-01-23 06:07:01,processing
959,780,2025-11-08 13:42:45,processing
960,874,2025-07-25 05:10:58,cancelled
961,236,2025-12-22 04:09:30,shipped
962,723,2025-05-13 15:28:59,cancelled
963,575,2026-04-04 13:49:33,cancelled
964,209,2025-10-13 23:28:30,processing
965,680,2025-06-20 01:43:48,shipped
966,97,2025-08-06 02:12:17,processing
967,125,2025-09-28 03:56:23,cancelled
968,472,2025-10-30 21:59:59,cancelled
969,974,2025-06-25 11:05:40,cancelled
970,331,2026-02-14 02:00:30,delivered
971,262,2025-11-18 10:27:45,shipped
972,214,2025-10-17 13:50:28,shipped
973,821,2025-12-17 11:01:34,cancelled
974,205,2025-12-07 06:53:49,cancelled
975,433,2025-05-24 03:43:06,processing
976,997,2025-10-09 17:00:19,cancelled
977,663,2025-05-06 06:04:54,delivered
978,153,2025-12-25 17:31:29,shipped
979,565,2026-03-17 04:49:50,delivered
980,423,2025-05-22 07:32:22,delivered
981,117,2025-06-01 07:45:03,cancelled
982,427,2025-08-22 03:47:00,processing
983,893,2025-05-26 08:52:34,shipped
984,266,2025-07-19 23:21:05,delivered
985,672,2026-03-15 21:50:43,cancelled
986,987,2025-06-10 13:15:02,cancelled
987,115,2025-12-11 11:04:22,delivered
988,149,2026-04-10 16:23:52,shipped
989,433,2026-02-15 13:21:53,delivered
990,720,2026-02-03 03:52:11,cancelled
991,584,2025-08-02 02:42:04,cancelled
992,646,2025-09-13 14:57:38,cancelled
993,526,2026-01-09 11:10:14,cancelled
994,324,2026-02-15 02:12:10,delivered
995,962,2025-12-16 14:01:56,processing
996,481,2026-01-01 06:39:08,processing
997,301,2026-03-10 03:35:34,cancelled
998,768,2025-06-30 02:04:13,delivered
999,104,2026-03-12 10:26:45,cancelled
1000,903,2026-04-01 18:42:12,processing
1001,441,2025-07-16 03:15:23,delivered
1002,364,2026-01-30 06:19:36,delivered
1003,774,2025-10-02 21:34:04,delivered
1004,520,2025-06-08 14:46:49,delivered
1005,746,2025-07-27 00:57:38,processing
1006,142,2025-07-19 13:01:26,delivered
1007,855,2025-10-29 04:51:56,cancelled
1008,733,2026-02-01 04:44:26,cancelled
1009,822,2025-10-02 23:55:33,cancelled
1010,789,2026-04-10 01:19:26,delivered
1011,63,2025-04-27 20:28:18,cancelled
1012,647,2025-09-07 09:39:40,processing
1013,287,2025-07-09 03:34:15,shipped
1014,795,2025-08-02 05:52:20,shipped
1015,737,2025-05-14 16:40:34,shipped
1016,24,2026-04-19 08:09:51,delivered
1017,862,2025-08-04 12:44:40,processing
1018,460,2025-08-30 10:28:49,processing
1019,292,2025-11-29 17:32:58,shipped
1020,101,2025-11-12 03:47:13,shipped
1021,134,2025-06-03 08:20:46,cancelled
1022,539,2025-09-30 06:27:20,cancelled
1023,971,2025-09-03 19:10:51,cancelled
1024,133,2026-02-24 12:23:42,delivered
1025,161,2026-03-16 01:13:28,processing
1026,379,2026-01-24 16:04:50,processing
1027,313,2025-05-06 04:55:34,processing
1028,803,2026-04-16 02:25:17,cancelled
1029,188,2025-06-30 23:46:17,cancelled
1030,70,2025-09-14 14:54:21,delivered
1031,855,2026-04-14 17:02:49,shipped
1032,153,2025-08-13 19:32:49,processing
1033,922,2026-02-13 03:27:48,cancelled
1034,887,2025-08-23 00:10:53,shipped
1035,127,2025-11-06 03:46:03,delivered
1036,919,2025-06-22 20:42:03,delivered
1037,806,2025-08-07 12:14:09,shipped
1038,329,2025-06-15 01:35:10,cancelled
1039,25,2025-12-23 00:39:29,processing
1040,293,2025-06-04 11:59:25,shipped
1041,976,2025-10-11 06:19:07,cancelled
1042,731,2025-08-29 03:24:23,delivered
1043,915,2026-01-05 05:37:06,processing
1044,771,2025-05-09 22:43:49,shipped
1045,567,2026-04-01 17:51:22,cancelled
1046,649,2025-07-11 17:43:24,shipped
1047,692,2026-01-23 09:09:44,delivered
1048,457,2025-08-17 23:36:33,delivered
1049,985,2025-08-11 22:39:12,cancelled
1050,636,2025-05-08 15:52:16,processing
1051,613,2026-02-27 14:23:34,processing
1052,547,2025-12-03 23:22:59,delivered
1053,570,2025-10-06 09:33:36,processing
1054,280,2025-09-30 20:01:51,shipped
1055,17,2026-03-21 21:40:45,shipped
1056,10,2025-05-22 05:23:32,shipped
1057,914,2025-10-27 05:39:50,cancelled
1058,616,2026-02-15 03:16:10,processing
1059,198,2026-02-09 04:56:36,cancelled
1060,777,2025-11-01 17:57:21,processing
1061,240,2026-04-10 21:12:25,cancelled
1062,621,2026-04-16 16:48:55,shipped
1063,114,2026-04-24 09:24:05,processing
1064,764,2026-02-11 23:55:26,delivered
1065,802,2025-05-23 01:28:08,processing
1066,905,2026-02-21 15:48:15,cancelled
1067,966,2025-11-14 00:00:04,delivered
1068,531,2025-06-15 22:09:56,cancelled
1069,431,2026-01-24 14:48:09,cancelled
1070,902,2025-08-06 03:41:55,delivered
1071,169,2025-12-14 14:05:50,processing
1072,828,2025-11-22 17:16:39,delivered
1073,853,2025-12-06 07:26:57,delivered
1074,458,2026-02-14 03:03:38,delivered
1075,321,2025-11-25 23:23:39,delivered
1076,626,2025-12-28 13:04:47,cancelled
1077,573,2025-05-13 22:24:29,delivered
1078,421,2025-11-26 00:10:11,shipped
1079,104,2025-11-23 19:23:27,processing
1080,602,2026-04-15 03:31:26,shipped
1081,731,2026-02-04 23:48:57,delivered
1082,636,2025-04-28 19:05:39,cancelled
1083,131,2026-03-30 03:00:19,processing
1084,618,2025-09-30 07:21:13,processing
1085,520,2025-10-24 00:06:19,delivered
1086,194,2026-03-17 07:41:42,cancelled
1087,108,2025-11-27 17:38:01,cancelled
1088,4,2025-06-23 04:18:11,shipped
1089,753,2025-06-04 07:40:18,processing
1090,76,2025-08-11 03:03:58,processing
1091,451,2025-05-28 14:37:22,shipped
1092,225,2025-10-16 16:11:09,processing
1093,23,2025-08-10 21:12:28,shipped
1094,807,2025-10-05 08:28:27,delivered
1095,829,2025-11-14 11:02:25,processing
1096,904,2026-03-22 22:29:59,shipped
1097,326,2025-06-07 07:19:49,cancelled
1098,809,2026-02-27 10:28:05,shipped
1099,521,2025-07-24 15:24:28,cancelled
1100,67,2026-03-19 19:24:35,shipped
1101,383,2025-09-01 11:13:55,cancelled
1102,917,2025-12-25 11:04:45,shipped
1103,387,2025-07-08 10:07:07,shipped
1104,456,2026-04-19 15:18:16,processing
1105,345,2025-09-27 21:42:19,cancelled
1106,280,2025-12-27 00:45:31,cancelled
1107,272,2025-09-20 22:02:46,delivered
1108,234,2025-08-08 14:44:29,delivered
1109,560,2025-11-25 16:48:45,shipped
1110,836,2025-10-08 15:33:58,processing
1111,307,2025-12-23 02:24:56,processing
1112,525,2026-01-10 05:41:20,shipped
1113,602,2025-11-22 18:48:09,cancelled
1114,965,2025-12-23 11:09:46,cancelled
1115,384,2026-03-06 05:28:54,shipped
1116,430,2026-04-18 02:13:15,cancelled
1117,976,2025-08-02 09:08:17,processing
1118,193,2026-01-24 02:33:23,cancelled
1119,655,2025-12-09 15:00:05,processing
1120,567,2025-09-28 09:53:46,shipped
1121,204,2026-01-23 04:10:24,delivered
1122,72,2025-12-23 21:46:26,cancelled
1123,176,2025-11-27 02:42:46,processing
1124,490,2025-10-15 16:50:38,delivered
1125,727,2025-08-26 16:59:07,cancelled
1126,702,2026-04-23 23:37:53,cancelled
1127,845,2025-11-10 11:31:05,cancelled
1128,755,2025-09-22 17:12:25,delivered
1129,844,2025-12-03 23:24:08,shipped
1130,675,2025-08-26 23:49:54,shipped
1131,644,2026-01-20 03:33:49,processing
1132,781,2026-04-09 07:26:05,delivered
1133,169,2026-03-30 07:02:45,processing
1134,655,2025-06-01 18:08:03,cancelled
1135,257,2025-09-01 19:25:15,delivered
1136,70,2025-09-06 20:12:06,delivered
1137,859,2025-12-12 04:21:20,delivered
1138,688,2025-08-07 03:15:07,delivered
1139,732,2025-08-27 11:03:59,delivered
1140,455,2026-03-05 18:25:03,delivered
1141,245,2026-01-08 23:17:28,shipped
1142,15,2025-05-16 20:01:48,processing
1143,856,2025-06-09 15:48:40,shipped
1144,836,2025-06-14 21:22:06,processing
1145,238,2025-12-22 00:35:14,shipped
1146,16,2025-06-19 00:38:30,cancelled
1147,68,2026-02-02 05:36:00,processing
1148,614,2025-12-16 08:36:30,cancelled
1149,615,2026-01-16 14:07:46,processing
1150,70,2025-07-06 19:39:24,processing
1151,656,2025-05-20 10:35:46,shipped
1152,439,2026-03-21 18:47:41,shipped
1153,156,2026-01-19 16:02:19,cancelled
1154,969,2026-02-25 00:23:31,cancelled
1155,779,2025-10-30 05:31:52,delivered
1156,211,2025-09-15 00:13:32,delivered
1157,188,2025-08-01 09:05:51,cancelled
1158,977,2026-01-23 08:56:30,shipped
1159,94,2026-04-23 09:04:39,shipped
1160,739,2025-09-22 20:15:34,shipped
1161,311,2026-04-08 00:01:48,processing
1162,387,2026-01-22 12:12:38,shipped
1163,781,2025-05-14 23:10:41,cancelled
1164,475,2025-09-11 02:30:21,processing
1165,733,2025-06-10 17:22:24,cancelled
1166,883,2025-05-25 00:32:20,processing
1167,316,2025-10-28 22:59:51,delivered
1168,447,2025-05-28 05:10:47,processing
1169,949,2025-10-08 18:20:05,cancelled
1170,833,2026-01-17 20:21:24,processing
1171,467,2026-02-04 11:48:35,shipped
1172,95,2025-05-21 17:09:33,cancelled
1173,709,2025-07-24 20:57:15,processing
1174,796,2026-03-17 00:12:07,processing
1175,716,2025-12-15 03:41:57,processing
1176,100,2025-11-22 13:20:16,delivered
1177,191,2026-02-14 00:14:50,shipped
1178,462,2026-02-21 05:28:55,shipped
1179,829,2025-11-29 07:43:19,shipped
1180,82,2026-03-07 06:59:51,processing
1181,66,2025-09-28 01:07:04,processing
1182,689,2025-07-17 03:12:53,delivered
1183,979,2025-10-08 06:50:22,delivered
1184,986,2025-08-27 18:49:28,processing
1185,912,2025-08-02 05:11:47,processing
1186,59,2025-10-04 05:21:08,processing
1187,743,2026-01-28 04:11:55,shipped
1188,974,2026-01-04 04:45:27,shipped
1189,4,2025-06-15 12:42:44,processing
1190,754,2025-06-05 12:39:39,processing
1191,962,2025-11-13 13:34:02,cancelled
1192,200,2025-12-08 15:41:34,shipped
1193,896,2025-08-06 15:00:33,cancelled
1194,554,2025-09-01 22:28:15,shipped
1195,92,2025-09-19 07:25:37,delivered
1196,737,2025-12-16 12:12:12,processing
1197,893,2025-05-19 08:42:55,shipped
1198,266,2025-09-21 20:53:33,delivered
1199,607,2025-11-02 05:46:46,shipped
1200,321,2025-04-30 16:04:59,cancelled
1201,790,2025-05-16 18:38:35,processing
1202,552,2025-05-07 07:25:07,cancelled
1203,467,2025-12-14 10:05:28,shipped
1204,127,2026-01-07 11:28:31,processing
1205,342,2026-01-05 15:19:36,shipped
1206,500,2025-12-05 23:40:08,cancelled
1207,695,2025-08-22 15:16:35,cancelled
1208,290,2026-03-07 02:14:27,processing
1209,771,2025-06-19 11:04:19,delivered
1210,495,2025-08-21 16:43:34,processing
1211,753,2025-11-19 15:45:45,delivered
1212,862,2025-12-09 01:53:57,shipped
1213,184,2025-08-02 20:42:51,delivered
1214,994,2025-07-06 04:14:29,shipped
1215,310,2025-05-15 22:11:56,shipped
1216,456,2025-08-19 14:25:54,processing
1217,125,2026-04-20 04:16:35,cancelled
1218,394,2025-09-20 20:13:01,cancelled
1219,931,2025-09-20 08:11:07,shipped
1220,599,2026-01-17 17:01:23,delivered
1221,185,2026-03-29 16:36:51,delivered
1222,669,2025-08-12 02:07:01,shipped
1223,128,2026-02-26 18:03:58,processing
1224,48,2026-04-13 09:21:43,processing
1225,523,2026-02-09 07:02:09,shipped
1226,193,2026-03-28 06:52:36,shipped
1227,285,2025-11-29 21:49:26,shipped
1228,168,2025-12-21 21:43:45,cancelled
1229,73,2025-10-13 14:09:08,processing
1230,158,2025-10-12 04:53:45,processing
1231,545,2025-11-06 21:35:02,delivered
1232,280,2025-10-04 02:16:59,shipped
1233,993,2025-05-17 02:34:17,shipped
1234,827,2025-09-01 15:12:24,cancelled
1235,887,2026-02-28 04:11:13,processing
1236,354,2025-10-13 22:30:12,cancelled
1237,147,2025-08-07 11:45:07,cancelled
1238,188,2025-06-29 12:52:26,cancelled
1239,965,2025-05-03 06:18:53,shipped
1240,93,2026-03-12 05:15:12,delivered
1241,590,2026-02-28 16:32:15,delivered
1242,505,2026-04-24 09:43:36,delivered
1243,632,2025-08-26 08:50:31,shipped
1244,768,2025-08-27 22:10:34,processing
1245,953,2025-10-09 04:40:01,shipped
1246,362,2026-03-29 16:33:46,delivered
1247,936,2025-09-16 02:59:22,shipped
1248,3,2025-11-03 23:55:11,cancelled
1249,633,2026-02-15 09:25:43,cancelled
1250,472,2025-10-16 18:28:13,processing
1251,740,2025-09-06 16:46:10,shipped
1252,87,2025-11-22 10:32:46,shipped
1253,232,2026-04-09 06:52:46,cancelled
1254,832,2025-05-09 00:31:56,processing
1255,450,2025-12-05 12:34:49,shipped
1256,905,2025-10-19 16:36:38,shipped
1257,137,2026-02-25 14:06:04,cancelled
1258,273,2025-08-25 12:08:37,delivered
1259,744,2026-02-19 22:50:41,cancelled
1260,160,2025-08-29 13:10:47,processing
1261,9,2025-07-22 09:53:36,cancelled
1262,633,2025-07-11 08:45:55,shipped
1263,683,2026-02-25 02:22:55,cancelled
1264,515,2025-11-10 08:42:34,shipped
1265,411,2026-03-06 10:07:34,delivered
1266,205,2025-12-20 01:10:44,delivered
1267,314,2025-05-08 21:48:09,shipped
1268,523,2025-10-09 19:12:52,cancelled
1269,373,2025-06-17 12:10:50,processing
1270,42,2025-07-30 20:56:04,delivered
1271,484,2026-03-26 12:40:57,processing
1272,312,2026-02-25 11:25:58,delivered
1273,789,2025-09-18 04:46:55,shipped
1274,283,2025-08-05 22:04:31,shipped
1275,992,2026-03-03 23:04:58,shipped
1276,634,2025-10-01 18:08:16,processing
1277,197,2026-04-02 20:21:42,cancelled
1278,495,2025-09-22 18:07:13,cancelled
1279,63,2026-02-25 21:12:22,shipped
1280,576,2025-06-17 11:43:02,cancelled
1281,224,2026-03-25 11:03:33,delivered
1282,566,2025-12-29 17:28:28,delivered
1283,299,2025-07-08 06:33:09,delivered
1284,810,2026-02-20 21:23:40,delivered
1285,356,2025-10-07 07:23:57,processing
1286,627,2025-09-05 08:59:29,processing
1287,989,2026-01-24 18:33:59,processing
1288,889,2025-08-17 23:57:58,delivered
1289,209,2025-05-18 17:37:32,cancelled
1290,445,2025-06-08 18:51:53,processing
1291,471,2025-09-28 16:04:26,shipped
1292,664,2025-12-29 08:59:56,processing
1293,182,2025-09-04 09:38:27,cancelled
1294,931,2025-12-18 02:56:45,cancelled
1295,828,2025-12-19 21:43:29,delivered
1296,851,2025-09-09 11:00:32,delivered
1297,962,2025-07-25 14:02:17,delivered
1298,838,2026-04-22 01:25:27,processing
1299,778,2025-05-18 13:01:38,cancelled
1300,250,2025-05-01 05:51:24,delivered
1301,106,2026-01-22 12:27:06,cancelled
1302,438,2026-04-24 14:35:49,cancelled
1303,901,2026-01-14 22:27:56,cancelled
1304,230,2025-10-09 22:25:21,delivered
1305,946,2025-06-28 22:17:09,delivered
1306,544,2026-03-25 23:03:26,processing
1307,107,2025-07-09 05:02:26,processing
1308,672,2025-06-12 16:13:01,shipped
1309,805,2025-07-04 14:46:32,cancelled
1310,983,2025-06-25 18:42:39,processing
1311,786,2025-08-19 21:50:29,cancelled
1312,997,2025-07-06 23:58:03,cancelled
1313,552,2026-02-17 15:12:41,cancelled
1314,241,2026-03-03 16:12:12,processing
1315,572,2025-10-20 04:46:28,cancelled
1316,870,2025-10-10 23:27:40,shipped
1317,848,2026-04-04 23:19:56,shipped
1318,721,2025-10-30 11:11:59,shipped
1319,679,2026-01-22 04:35:42,delivered
1320,251,2026-01-07 16:52:58,delivered
1321,187,2025-10-28 18:02:07,cancelled
1322,346,2025-08-26 07:40:09,cancelled
1323,62,2025-09-30 12:18:26,delivered
1324,466,2025-06-18 20:37:23,processing
1325,387,2026-02-18 07:43:51,shipped
1326,189,2025-08-28 09:53:53,delivered
1327,823,2025-12-21 20:38:08,processing
1328,618,2025-05-23 20:05:53,processing
1329,555,2025-09-26 04:55:01,delivered
1330,775,2025-05-08 11:09:15,processing
1331,88,2025-06-06 22:39:45,delivered
1332,366,2025-05-28 09:27:20,processing
1333,691,2025-07-05 09:08:01,delivered
1334,816,2025-08-14 18:58:43,cancelled
1335,81,2026-01-28 02:11:19,delivered
1336,987,2025-06-05 11:47:18,processing
1337,963,2025-06-02 12:48:56,cancelled
1338,626,2025-09-19 08:33:13,delivered
1339,785,2026-04-16 09:01:53,processing
1340,303,2026-03-24 11:44:40,shipped
1341,362,2025-11-09 04:10:32,delivered
1342,472,2026-03-10 07:31:39,processing
1343,41,2025-08-03 05:52:45,processing
1344,525,2025-11-20 20:14:49,processing
1345,897,2026-03-03 03:59:38,delivered
1346,163,2025-11-14 11:57:10,cancelled
1347,474,2026-01-01 00:19:20,delivered
1348,185,2025-09-25 11:13:14,delivered
1349,351,2025-05-20 23:27:49,cancelled
1350,40,2025-04-30 01:33:06,shipped
1351,390,2026-02-17 00:49:25,delivered
1352,889,2026-04-13 22:28:55,delivered
1353,281,2025-11-22 04:19:28,cancelled
1354,893,2025-05-03 12:27:23,cancelled
1355,987,2025-06-08 18:23:27,processing
1356,487,2025-10-28 23:58:18,shipped
1357,684,2025-12-12 08:37:19,shipped
1358,152,2025-11-14 04:30:16,cancelled
1359,4,2025-09-28 12:15:28,cancelled
1360,764,2025-10-31 13:37:41,shipped
1361,996,2026-01-28 19:12:32,delivered
1362,839,2025-11-05 17:54:31,delivered
1363,556,2025-11-30 17:10:59,cancelled
1364,567,2025-06-16 08:11:03,shipped
1365,961,2025-07-12 18:17:06,delivered
1366,17,2026-04-02 08:33:14,cancelled
1367,639,2025-05-28 10:04:51,delivered
1368,466,2025-07-03 19:57:34,cancelled
1369,360,2025-12-08 02:22:15,cancelled
1370,275,2025-12-14 23:12:19,processing
1371,16,2026-04-05 09:48:43,delivered
1372,983,2025-09-13 20:43:08,cancelled
1373,403,2025-10-17 03:43:08,delivered
1374,163,2026-04-24 03:30:12,cancelled
1375,647,2026-02-26 18:46:39,cancelled
1376,27,2026-04-11 03:38:07,cancelled
1377,725,2025-05-02 23:27:47,delivered
1378,669,2026-04-24 05:55:42,shipped
1379,53,2026-03-05 02:53:46,processing
1380,654,2025-08-11 18:53:51,delivered
1381,110,2025-10-17 22:36:44,shipped
1382,865,2025-06-19 01:58:05,processing
1383,23,2026-01-31 15:21:18,cancelled
1384,216,2025-10-03 08:27:55,cancelled
1385,926,2026-03-01 11:24:54,shipped
1386,560,2025-08-07 20:59:33,delivered
1387,31,2026-03-24 20:38:43,delivered
1388,142,2025-06-30 10:07:52,shipped
1389,494,2025-12-31 16:38:37,shipped
1390,668,2026-03-09 00:48:06,processing
1391,203,2025-10-09 17:41:33,processing
1392,444,2025-05-27 06:11:21,cancelled
1393,581,2025-06-23 21:12:57,processing
1394,260,2026-02-05 08:46:26,cancelled
1395,829,2025-06-09 18:15:02,processing
1396,381,2026-04-19 19:04:47,processing
1397,705,2025-06-30 14:55:18,delivered
1398,68,2025-05-18 10:54:13,cancelled
1399,734,2025-07-15 20:55:01,delivered
1400,822,2025-11-19 00:56:01,cancelled
1401,176,2025-08-03 06:08:07,processing
1402,877,2025-07-25 13:09:24,delivered
1403,541,2026-02-07 07:05:15,delivered
1404,822,2026-02-16 17:38:22,cancelled
1405,570,2026-04-06 04:38:03,processing
1406,657,2025-10-30 14:31:35,delivered
1407,11,2025-09-07 13:35:16,shipped
1408,447,2025-07-25 05:24:20,shipped
1409,832,2025-10-11 17:11:11,processing
1410,77,2025-09-08 22:51:09,processing
1411,472,2026-01-23 03:45:14,delivered
1412,871,2025-12-12 07:59:27,cancelled
1413,792,2026-02-04 23:54:48,cancelled
1414,85,2025-09-24 13:04:47,processing
1415,14,2026-03-30 03:56:02,shipped
1416,834,2026-02-13 22:52:26,processing
1417,939,2025-11-20 09:49:03,processing
1418,434,2025-05-16 08:46:53,shipped
1419,113,2025-10-23 19:15:04,shipped
1420,30,2025-11-28 21:10:23,cancelled
1421,218,2025-09-10 18:03:20,shipped
1422,101,2026-03-11 18:09:29,delivered
1423,609,2025-12-30 12:20:45,processing
1424,118,2025-07-02 05:52:46,delivered
1425,545,2025-09-17 19:08:43,delivered
1426,226,2025-08-08 11:57:04,processing
1427,723,2025-11-13 07:51:57,processing
1428,930,2025-07-04 14:02:05,cancelled
1429,171,2025-08-25 23:42:56,shipped
1430,439,2025-06-16 08:47:09,processing
1431,79,2025-06-14 14:44:31,shipped
1432,2,2026-01-13 13:40:17,cancelled
1433,18,2025-11-30 04:43:07,processing
1434,312,2026-01-22 11:44:21,processing
1435,470,2026-02-13 10:00:26,delivered
1436,703,2025-07-27 00:08:20,delivered
1437,366,2025-11-09 05:07:41,cancelled
1438,713,2025-08-31 15:12:01,cancelled
1439,111,2026-04-03 22:07:37,processing
1440,428,2025-08-04 00:40:36,processing
1441,444,2025-09-15 06:52:20,cancelled
1442,478,2026-03-03 04:18:37,shipped
1443,302,2026-02-13 21:35:31,delivered
1444,314,2025-08-09 21:45:48,delivered
1445,900,2025-05-15 23:58:37,processing
1446,941,2025-05-09 21:30:58,delivered
1447,832,2026-01-15 03:37:14,cancelled
1448,178,2025-10-11 09:17:49,cancelled
1449,568,2025-08-04 12:17:54,shipped
1450,644,2025-08-24 08:00:39,cancelled
1451,711,2026-01-06 05:15:03,processing
1452,473,2025-09-17 09:11:09,delivered
1453,525,2025-08-16 10:50:14,processing
1454,413,2026-01-05 23:31:33,delivered
1455,666,2025-10-26 03:21:34,delivered
1456,886,2025-09-06 03:55:47,delivered
1457,529,2026-02-08 23:38:55,shipped
1458,737,2025-06-23 05:59:51,delivered
1459,902,2026-03-31 12:17:41,delivered
1460,518,2025-07-13 02:54:42,cancelled
1461,840,2026-03-22 01:14:22,shipped
1462,190,2026-04-04 11:13:05,shipped
1463,297,2025-05-27 11:26:49,processing
1464,282,2025-06-09 22:52:23,cancelled
1465,291,2025-06-21 00:53:08,cancelled
1466,311,2025-07-11 20:31:26,delivered
1467,284,2025-06-26 13:25:36,delivered
1468,724,2026-04-25 16:07:46,cancelled
1469,880,2026-01-29 13:27:38,shipped
1470,386,2025-10-18 11:02:47,cancelled
1471,850,2025-08-16 13:15:05,cancelled
1472,751,2026-02-20 15:06:52,shipped
1473,696,2025-11-22 08:12:22,cancelled
1474,914,2025-12-22 10:38:57,cancelled
1475,768,2026-02-18 22:05:41,delivered
1476,461,2026-02-07 16:59:50,cancelled
1477,449,2026-02-05 13:40:14,processing
1478,542,2025-11-04 11:19:47,shipped
1479,99,2026-01-17 14:49:14,shipped
1480,793,2026-04-27 18:44:34,cancelled
1481,848,2025-12-24 18:41:53,cancelled
1482,386,2026-02-06 12:40:13,delivered
1483,53,2026-03-10 10:26:54,processing
1484,849,2025-05-30 15:31:53,processing
1485,590,2025-10-19 17:48:41,shipped
1486,31,2025-10-14 22:35:29,delivered
1487,784,2026-04-12 16:01:57,delivered
1488,900,2026-02-22 02:33:30,delivered
1489,625,2025-09-29 07:29:12,delivered
1490,970,2026-02-18 10:58:40,shipped
1491,231,2025-07-16 19:11:03,processing
1492,793,2025-07-31 00:28:21,shipped
1493,129,2026-01-10 18:05:11,cancelled
1494,377,2025-08-19 15:51:10,processing
1495,238,2026-01-03 04:57:23,delivered
1496,833,2026-01-01 19:52:30,delivered
1497,185,2026-01-16 04:45:50,processing
1498,671,2026-02-09 22:53:39,shipped
1499,673,2025-07-01 07:04:53,delivered
1500,507,2025-11-03 16:59:04,processing
1501,565,2025-07-02 14:25:50,processing
1502,516,2025-05-09 14:42:29,delivered
1503,974,2025-07-11 02:37:10,cancelled
1504,313,2026-03-30 15:13:32,shipped
1505,807,2026-03-17 00:56:52,shipped
1506,666,2025-11-29 06:19:07,cancelled
1507,35,2025-11-22 23:23:24,processing
1508,876,2025-09-22 01:46:37,cancelled
1509,211,2026-01-18 17:57:07,cancelled
1510,33,2025-07-02 14:22:59,processing
1511,772,2026-03-12 00:11:11,shipped
1512,637,2025-05-25 22:50:13,cancelled
1513,435,2026-04-11 08:03:07,processing
1514,244,2025-10-29 01:20:46,shipped
1515,88,2025-09-12 00:35:17,shipped
1516,676,2026-01-30 01:29:55,processing
1517,474,2025-05-02 14:06:05,delivered
1518,865,2026-01-07 02:04:08,shipped
1519,185,2025-11-24 12:43:44,processing
1520,179,2025-05-21 07:00:35,shipped
1521,882,2026-03-04 20:12:17,cancelled
1522,695,2026-03-22 13:12:58,processing
1523,116,2025-05-23 19:31:55,delivered
1524,850,2025-12-19 07:44:50,cancelled
1525,26,2026-02-26 04:16:52,processing
1526,32,2025-09-24 23:50:56,shipped
1527,109,2025-08-01 14:08:40,shipped
1528,673,2026-03-14 17:55:58,shipped
1529,125,2025-05-13 21:12:42,delivered
1530,933,2025-08-04 16:38:05,shipped
1531,767,2025-09-02 10:33:51,delivered
1532,361,2026-01-30 06:32:41,delivered
1533,584,2025-12-30 10:19:45,shipped
1534,121,2025-07-12 04:06:00,delivered
1535,465,2025-05-10 13:57:48,delivered
1536,568,2025-09-24 20:00:36,cancelled
1537,442,2025-12-20 03:41:45,delivered
1538,543,2026-03-01 14:11:28,cancelled
1539,122,2025-07-25 20:01:29,processing
1540,364,2025-08-31 21:43:57,cancelled
1541,752,2026-01-31 23:49:15,shipped
1542,450,2025-11-25 11:15:15,shipped
1543,578,2025-11-09 01:12:02,cancelled
1544,43,2026-03-15 22:17:09,shipped
1545,122,2025-06-22 22:23:42,processing
1546,962,2025-08-09 06:56:56,processing
1547,859,2025-12-26 01:49:09,shipped
1548,819,2026-04-09 19:16:54,shipped
1549,209,2025-07-25 19:01:33,processing
1550,724,2025-09-03 05:53:01,delivered
1551,750,2026-03-22 22:18:33,delivered
1552,520,2025-07-25 19:46:56,processing
1553,103,2026-04-04 20:55:52,processing
1554,601,2025-08-24 08:45:44,cancelled
1555,497,2025-05-02 06:38:32,shipped
1556,741,2025-05-11 13:51:34,shipped
1557,572,2026-03-26 20:08:59,shipped
1558,629,2026-04-20 07:17:49,cancelled
1559,300,2026-03-28 22:20:07,cancelled
1560,116,2026-01-24 13:01:55,processing
1561,476,2026-02-27 15:42:35,processing
1562,722,2025-12-30 01:15:54,shipped
1563,520,2026-02-09 04:40:14,shipped
1564,829,2025-06-07 00:20:47,cancelled
1565,225,2025-11-13 13:53:17,processing
1566,227,2025-05-24 12:47:39,shipped
1567,822,2026-01-30 10:14:49,cancelled
1568,785,2026-04-01 13:36:56,delivered
1569,204,2025-09-28 14:39:47,shipped
1570,221,2025-10-15 18:39:39,shipped
1571,963,2025-10-28 20:06:23,delivered
1572,236,2025-11-09 20:54:55,shipped
1573,833,2025-08-16 23:52:29,cancelled
1574,740,2025-11-13 09:06:02,cancelled
1575,555,2026-04-14 03:45:18,shipped
1576,621,2025-05-23 16:38:10,processing
1577,208,2026-03-20 21:44:44,delivered
1578,228,2025-10-09 17:39:35,cancelled
1579,746,2025-09-08 19:19:17,cancelled
1580,407,2025-07-03 14:00:07,shipped
1581,830,2025-08-13 23:37:29,delivered
1582,965,2025-08-04 08:55:25,cancelled
1583,860,2025-08-04 11:37:59,shipped
1584,319,2026-04-18 17:36:56,processing
1585,614,2026-01-12 21:36:36,cancelled
1586,774,2025-09-14 06:58:02,cancelled
1587,527,2025-08-07 07:17:46,delivered
1588,385,2025-08-07 09:29:05,shipped
1589,125,2025-10-10 17:04:52,shipped
1590,435,2025-05-18 11:03:09,cancelled
1591,561,2026-03-14 10:00:46,cancelled
1592,945,2025-11-20 04:39:49,processing
1593,210,2025-07-18 08:20:13,processing
1594,873,2026-03-11 22:20:10,shipped
1595,184,2025-11-21 11:49:29,shipped
1596,97,2026-04-04 01:27:57,cancelled
1597,69,2025-09-15 03:10:05,processing
1598,934,2026-01-20 01:11:09,cancelled
1599,157,2025-05-23 07:16:59,delivered
1600,105,2025-10-29 04:52:31,shipped
1601,803,2025-12-17 18:42:54,shipped
1602,487,2025-12-24 07:03:26,delivered
1603,451,2025-07-21 03:13:43,cancelled
1604,387,2025-10-19 13:57:20,cancelled
1605,220,2026-01-26 07:38:51,shipped
1606,808,2026-02-26 06:31:07,processing
1607,183,2025-11-28 05:55:09,delivered
1608,574,2025-06-08 07:15:19,shipped
1609,539,2025-05-03 17:38:05,shipped
1610,933,2026-01-01 22:24:14,processing
1611,658,2026-01-19 04:44:24,cancelled
1612,32,2026-01-05 11:26:44,cancelled
1613,30,2026-02-15 03:42:02,shipped
1614,867,2026-04-16 05:34:37,delivered
1615,64,2026-03-04 13:16:44,processing
1616,629,2026-02-03 15:34:39,delivered
1617,964,2026-01-12 16:52:36,cancelled
1618,86,2025-08-30 03:46:44,shipped
1619,765,2025-07-30 06:05:10,delivered
1620,582,2026-01-02 15:45:46,delivered
1621,191,2025-12-15 01:22:05,processing
1622,899,2025-06-14 14:03:40,shipped
1623,723,2025-06-23 19:26:02,processing
1624,424,2025-11-22 02:16:41,shipped
1625,266,2025-10-21 23:20:31,cancelled
1626,358,2025-11-08 18:39:24,cancelled
1627,583,2025-11-12 17:17:26,shipped
1628,565,2026-01-09 10:08:21,processing
1629,479,2025-08-04 21:32:43,processing
1630,647,2026-04-02 04:01:48,shipped
1631,675,2025-11-22 23:07:02,delivered
1632,487,2026-02-07 06:23:31,processing
1633,479,2025-09-24 14:15:52,shipped
1634,608,2026-03-05 21:27:16,cancelled
1635,495,2025-12-25 06:53:52,cancelled
1636,793,2025-12-04 05:42:49,processing
1637,966,2025-12-08 15:47:39,shipped
1638,785,2025-10-09 23:15:18,shipped
1639,675,2025-12-11 09:28:07,shipped
1640,190,2025-11-18 14:58:42,shipped
1641,158,2025-11-13 11:55:59,processing
1642,103,2026-02-23 05:11:34,cancelled
1643,782,2025-06-26 21:15:13,delivered
1644,290,2026-04-06 07:26:32,cancelled
1645,624,2026-04-07 01:23:24,shipped
1646,843,2026-02-18 12:37:36,delivered
1647,217,2026-01-20 21:22:24,processing
1648,292,2025-12-16 06:12:23,processing
1649,408,2025-05-21 08:20:22,delivered
1650,327,2025-08-24 13:20:31,shipped
1651,56,2025-08-27 19:53:15,processing
1652,344,2025-10-31 14:00:20,processing
1653,778,2025-12-08 11:05:29,cancelled
1654,971,2026-01-25 17:40:25,processing
1655,289,2025-06-18 06:43:12,delivered
1656,52,2026-03-18 22:40:44,processing
1657,274,2025-10-30 20:18:01,shipped
1658,305,2025-06-07 07:57:46,delivered
1659,548,2025-08-12 04:37:32,delivered
1660,282,2026-03-19 19:30:46,processing
1661,40,2025-10-19 05:21:33,shipped
1662,23,2026-01-17 04:07:01,shipped
1663,268,2025-06-20 02:23:27,processing
1664,765,2025-08-04 06:02:20,shipped
1665,280,2025-09-21 00:56:21,delivered
1666,474,2025-07-27 00:03:00,processing
1667,727,2025-05-11 20:03:37,processing
1668,624,2026-03-08 08:20:57,cancelled
1669,328,2025-06-01 11:06:18,processing
1670,175,2026-03-28 09:31:13,cancelled
1671,575,2026-02-04 18:21:01,processing
1672,379,2025-12-16 00:18:20,processing
1673,640,2025-11-23 13:50:49,shipped
1674,503,2026-02-12 01:34:31,shipped
1675,217,2025-09-22 18:50:54,delivered
1676,223,2026-01-28 14:36:01,cancelled
1677,546,2025-08-03 19:13:41,cancelled
1678,846,2025-07-04 15:54:34,cancelled
1679,546,2025-08-09 16:35:21,processing
1680,194,2025-06-18 00:43:12,delivered
1681,256,2026-04-13 23:36:45,shipped
1682,885,2025-07-15 19:27:52,shipped
1683,246,2026-03-16 15:58:36,shipped
1684,32,2025-11-29 21:46:28,shipped
1685,513,2026-01-04 14:48:52,delivered
1686,34,2025-07-24 14:34:08,cancelled
1687,124,2025-12-13 18:01:04,delivered
1688,41,2025-10-19 06:26:36,processing
1689,269,2025-06-29 21:18:25,delivered
1690,146,2025-11-16 04:54:27,shipped
1691,76,2025-07-28 03:12:59,cancelled
1692,339,2025-07-29 05:19:36,cancelled
1693,296,2025-12-04 06:46:56,delivered
1694,315,2026-03-01 09:44:30,shipped
1695,712,2025-06-06 18:26:26,shipped
1696,234,2025-06-25 07:27:07,delivered
1697,266,2025-06-10 11:13:55,processing
1698,514,2026-01-03 14:20:14,processing
1699,919,2026-01-08 19:47:24,cancelled
1700,317,2025-11-27 04:08:37,shipped
1701,747,2025-11-07 20:33:58,delivered
1702,935,2025-05-09 08:54:53,delivered
1703,975,2025-09-26 21:15:43,processing
1704,254,2026-04-19 23:04:37,shipped
1705,468,2026-03-10 22:40:54,shipped
1706,94,2025-06-27 16:56:47,shipped
1707,63,2026-04-05 01:17:00,shipped
1708,550,2025-12-03 17:26:08,delivered
1709,86,2025-07-18 06:41:56,cancelled
1710,308,2025-07-03 15:25:24,delivered
1711,773,2025-11-14 12:03:39,cancelled
1712,975,2026-03-30 08:55:37,processing
1713,516,2025-11-13 13:43:04,processing
1714,998,2026-04-21 14:15:11,cancelled
1715,97,2025-05-16 20:44:04,cancelled
1716,315,2026-01-29 01:57:13,processing
1717,585,2025-12-08 04:33:23,shipped
1718,162,2025-11-30 00:33:33,shipped
1719,270,2026-04-21 13:58:00,cancelled
1720,363,2025-07-19 01:20:54,processing
1721,963,2025-07-01 20:22:08,cancelled
1722,825,2025-06-23 06:35:28,shipped
1723,263,2025-06-13 17:29:50,processing
1724,572,2025-05-15 01:54:54,shipped
1725,249,2026-03-10 16:11:05,shipped
1726,705,2025-06-12 02:46:58,cancelled
1727,58,2025-05-03 11:25:13,processing
1728,138,2025-07-08 13:54:21,delivered
1729,588,2025-07-26 00:27:08,shipped
1730,837,2025-07-04 22:25:48,processing
1731,805,2026-04-07 22:15:27,processing
1732,234,2025-04-28 12:12:24,cancelled
1733,766,2025-05-04 00:13:57,delivered
1734,826,2025-05-22 04:00:18,cancelled
1735,17,2026-01-21 07:18:02,cancelled
1736,290,2025-11-16 10:06:33,processing
1737,998,2025-09-24 13:44:08,delivered
1738,838,2025-10-23 20:13:42,processing
1739,590,2025-10-13 05:24:51,processing
1740,849,2025-09-22 00:48:09,cancelled
1741,438,2025-06-11 04:47:55,shipped
1742,206,2025-05-15 06:49:55,processing
1743,27,2026-04-16 02:42:37,delivered
1744,323,2025-05-09 06:16:35,shipped
1745,278,2025-11-10 22:42:10,shipped
1746,921,2026-03-20 09:46:03,cancelled
1747,889,2025-12-28 21:23:43,shipped
1748,790,2025-12-15 11:42:53,cancelled
1749,964,2026-01-13 11:05:53,cancelled
1750,520,2026-03-30 17:19:50,processing
1751,823,2025-11-30 10:27:47,cancelled
1752,969,2026-04-19 19:20:47,processing
1753,975,2026-03-05 04:03:12,processing
1754,10,2026-01-15 12:08:47,shipped
1755,215,2025-10-31 10:19:46,processing
1756,959,2026-01-30 07:32:58,shipped
1757,510,2025-09-24 16:28:33,shipped
1758,30,2025-06-13 22:52:02,delivered
1759,148,2025-05-02 00:56:43,cancelled
1760,538,2025-11-26 09:49:56,shipped
1761,229,2025-05-30 03:49:50,delivered
1762,920,2026-03-11 07:14:33,cancelled
1763,922,2025-08-20 10:30:42,processing
1764,734,2025-07-10 05:23:36,delivered
1765,825,2025-09-19 10:03:52,shipped
1766,290,2025-09-23 17:00:25,delivered
1767,676,2026-03-03 03:47:07,processing
1768,384,2025-06-02 18:47:01,shipped
1769,650,2025-08-17 19:59:25,delivered
1770,586,2025-05-21 15:42:42,cancelled
1771,637,2026-04-18 22:05:03,processing
1772,350,2026-02-03 01:24:02,cancelled
1773,658,2025-07-28 01:02:06,delivered
1774,730,2026-04-11 08:04:08,processing
1775,567,2025-11-28 11:09:09,delivered
1776,752,2025-08-18 01:34:27,processing
1777,103,2026-04-23 07:17:12,shipped
1778,304,2025-08-29 16:50:15,cancelled
1779,1,2026-01-05 01:47:45,delivered
1780,421,2025-07-31 10:28:05,shipped
1781,806,2026-01-01 16:29:51,shipped
1782,987,2025-05-30 17:15:41,processing
1783,600,2025-12-12 16:17:25,shipped
1784,779,2025-11-11 21:10:49,processing
1785,537,2026-02-14 22:43:04,delivered
1786,625,2025-05-16 01:59:11,cancelled
1787,391,2026-02-27 00:08:24,processing
1788,173,2025-11-01 02:33:38,cancelled
1789,983,2025-08-13 00:24:40,processing
1790,654,2025-10-08 05:49:35,delivered
1791,857,2026-02-25 18:57:44,processing
1792,498,2026-02-13 09:02:36,shipped
1793,575,2026-02-19 08:12:06,cancelled
1794,245,2026-03-26 05:00:49,processing
1795,885,2025-11-27 09:58:36,delivered
1796,969,2026-01-01 19:51:52,processing
1797,30,2025-06-20 09:07:27,cancelled
1798,457,2025-07-12 09:55:48,delivered
1799,790,2025-08-27 23:14:27,processing
1800,632,2025-08-25 19:40:50,shipped
1801,321,2025-10-03 09:34:40,cancelled
1802,725,2026-03-30 03:31:32,cancelled
1803,331,2025-12-12 07:36:44,delivered
1804,931,2025-08-28 13:30:18,processing
1805,613,2026-03-16 19:51:14,cancelled
1806,944,2026-01-15 07:54:48,cancelled
1807,995,2026-02-28 12:49:57,delivered
1808,159,2025-06-04 14:45:20,processing
1809,712,2025-05-11 05:31:13,shipped
1810,222,2025-04-29 02:32:07,shipped
1811,879,2025-07-13 19:11:22,cancelled
1812,410,2026-02-06 11:41:44,cancelled
1813,922,2026-02-21 22:16:49,shipped
1814,848,2025-05-04 06:03:03,shipped
1815,738,2025-10-22 04:28:30,processing
1816,510,2026-03-18 02:05:10,cancelled
1817,460,2026-02-13 13:54:21,delivered
1818,67,2025-10-01 16:39:25,processing
1819,678,2026-04-18 10:14:53,cancelled
1820,897,2025-07-07 12:24:55,cancelled
1821,730,2025-04-29 01:12:56,processing
1822,255,2025-09-18 09:42:32,shipped
1823,340,2026-03-11 02:57:14,delivered
1824,972,2026-03-10 10:16:32,cancelled
1825,319,2025-08-14 00:29:48,processing
1826,189,2025-09-02 14:58:11,processing
1827,770,2026-02-09 22:16:11,delivered
1828,2,2025-12-12 04:06:51,delivered
1829,29,2025-09-21 22:49:02,processing
1830,636,2025-10-14 14:38:11,cancelled
1831,700,2026-03-17 14:48:31,shipped
1832,638,2025-05-26 15:12:45,delivered
1833,605,2025-09-03 09:27:25,shipped
1834,159,2025-05-05 06:41:23,processing
1835,375,2026-04-13 08:31:15,shipped
1836,367,2026-01-20 06:45:21,delivered
1837,206,2025-05-15 13:59:11,processing
1838,437,2025-10-13 23:30:25,cancelled
1839,330,2025-10-12 18:58:40,cancelled
1840,43,2026-04-11 00:06:23,shipped
1841,922,2026-01-12 06:50:47,shipped
1842,193,2025-09-26 02:57:52,processing
1843,469,2025-10-08 14:36:12,shipped
1844,508,2025-08-10 00:43:31,shipped
1845,927,2025-06-02 10:16:28,shipped
1846,858,2025-05-26 08:37:18,cancelled
1847,253,2025-05-02 18:04:30,processing
1848,426,2026-04-14 03:36:24,cancelled
1849,642,2026-01-04 01:50:03,cancelled
1850,707,2025-09-27 07:25:25,shipped
1851,924,2026-04-18 11:33:30,cancelled
1852,172,2025-09-18 18:11:32,processing
1853,123,2025-08-21 20:14:39,cancelled
1854,531,2026-03-30 14:14:12,delivered
1855,398,2025-05-31 07:08:36,shipped
1856,631,2026-01-28 00:29:25,processing
1857,326,2025-06-01 18:08:17,delivered
1858,206,2026-01-26 03:00:49,delivered
1859,643,2026-03-20 04:37:35,shipped
1860,252,2026-04-09 00:46:45,processing
1861,420,2025-07-23 23:45:40,delivered
1862,240,2025-08-15 06:44:27,delivered
1863,644,2025-04-28 07:17:42,delivered
1864,397,2026-03-07 09:24:40,cancelled
1865,466,2025-10-18 07:03:10,cancelled
1866,294,2025-11-24 01:05:44,shipped
1867,308,2025-08-31 11:46:18,shipped
1868,901,2025-06-05 17:54:39,shipped
1869,428,2025-09-29 13:49:05,cancelled
1870,682,2025-12-22 04:30:54,cancelled
1871,196,2026-03-11 08:18:53,shipped
1872,145,2026-04-20 21:51:31,cancelled
1873,853,2026-04-18 13:07:26,cancelled
1874,565,2025-12-13 09:31:15,shipped
1875,396,2025-08-10 02:30:54,shipped
1876,325,2026-02-21 16:02:50,cancelled
1877,956,2025-12-23 22:24:50,delivered
1878,9,2025-10-26 23:57:20,delivered
1879,155,2025-05-13 23:35:22,shipped
1880,849,2025-11-16 17:17:50,cancelled
1881,576,2025-12-22 14:22:02,shipped
1882,933,2025-05-03 12:44:23,cancelled
1883,926,2025-09-17 07:51:11,shipped
1884,774,2026-02-21 21:27:00,delivered
1885,175,2025-12-01 19:55:08,delivered
1886,581,2026-02-16 22:10:31,processing
1887,640,2025-07-12 06:45:37,processing
1888,812,2025-10-11 15:26:30,delivered
1889,872,2025-10-07 16:18:50,processing
1890,928,2025-11-26 14:26:03,shipped
1891,270,2025-07-15 06:06:28,cancelled
1892,341,2025-08-19 22:40:07,delivered
1893,205,2025-11-28 19:48:26,cancelled
1894,823,2025-06-21 09:06:57,cancelled
1895,501,2025-09-21 10:59:29,processing
1896,327,2025-11-21 04:30:50,delivered
1897,77,2026-02-03 11:44:36,shipped
1898,78,2025-12-04 01:42:05,delivered
1899,160,2025-12-02 22:59:06,cancelled
1900,205,2025-12-25 04:23:32,delivered
1901,811,2025-10-02 01:46:45,shipped
1902,641,2025-06-28 13:21:06,shipped
1903,693,2025-09-25 12:47:57,delivered
1904,148,2025-12-19 09:32:37,shipped
1905,869,2025-10-22 23:45:44,processing
1906,607,2026-02-26 12:25:21,processing
1907,247,2025-05-03 16:18:08,delivered
1908,506,2025-11-18 17:24:29,processing
1909,783,2025-07-27 14:17:53,cancelled
1910,790,2025-11-23 09:04:49,processing
1911,492,2025-10-13 00:33:13,processing
1912,175,2025-11-30 09:43:58,delivered
1913,816,2025-11-29 09:24:46,cancelled
1914,395,2025-11-15 15:37:50,cancelled
1915,892,2026-04-11 07:44:35,shipped
1916,969,2025-12-30 09:44:45,shipped
1917,154,2025-12-03 09:42:48,processing
1918,311,2025-06-12 15:16:31,processing
1919,512,2025-10-28 04:20:02,cancelled
1920,976,2025-11-19 04:26:42,processing
1921,503,2026-01-17 14:24:41,delivered
1922,440,2026-01-09 04:00:01,delivered
1923,994,2026-01-01 13:33:56,cancelled
1924,428,2025-11-02 03:47:37,shipped
1925,938,2026-02-25 05:27:21,cancelled
1926,801,2025-12-22 06:48:53,shipped
1927,902,2025-05-25 21:38:34,delivered
1928,923,2025-09-16 02:01:41,processing
1929,198,2025-05-09 14:03:12,processing
1930,229,2025-09-18 18:26:48,delivered
1931,497,2026-03-05 11:37:37,processing
1932,200,2025-12-13 08:24:29,processing
1933,874,2025-10-11 04:47:44,delivered
1934,30,2025-07-06 19:55:25,cancelled
1935,932,2025-09-15 16:07:12,shipped
1936,281,2025-10-20 19:45:42,cancelled
1937,132,2026-03-21 10:10:05,processing
1938,335,2025-05-27 19:11:18,cancelled
1939,644,2025-12-04 19:14:22,cancelled
1940,779,2025-10-21 04:29:22,delivered
1941,731,2026-04-10 23:13:29,shipped
1942,168,2025-09-21 02:55:08,shipped
1943,84,2025-05-06 18:22:25,cancelled
1944,538,2026-01-21 21:44:00,cancelled
1945,782,2025-12-14 15:32:11,processing
1946,572,2025-07-28 15:09:46,delivered
1947,44,2025-06-15 19:37:13,shipped
1948,331,2025-05-06 08:09:07,cancelled
1949,714,2025-05-31 11:11:09,cancelled
1950,504,2025-06-18 05:22:45,delivered
1951,156,2025-10-12 07:26:24,delivered
1952,623,2026-04-04 21:42:15,processing
1953,667,2026-01-25 03:21:46,processing
1954,43,2026-02-18 09:31:00,cancelled
1955,584,2025-09-13 22:02:25,processing
1956,664,2025-10-21 05:14:55,shipped
1957,186,2026-03-23 12:17:13,processing
1958,469,2025-12-28 18:25:08,cancelled
1959,110,2025-11-16 09:41:26,delivered
1960,953,2025-12-07 21:27:20,delivered
1961,377,2025-11-30 19:24:19,shipped
1962,428,2026-03-16 10:20:31,delivered
1963,468,2026-04-01 14:29:58,shipped
1964,15,2025-07-09 05:21:24,delivered
1965,908,2025-09-22 07:40:53,processing
1966,157,2025-05-03 09:27:36,shipped
1967,31,2025-08-23 06:07:24,delivered
1968,919,2025-05-28 05:40:25,delivered
1969,737,2025-11-28 13:36:30,cancelled
1970,987,2026-03-25 15:38:53,shipped
1971,895,2025-04-29 22:59:21,cancelled
1972,377,2026-02-17 06:02:18,cancelled
1973,655,2026-04-11 04:09:58,processing
1974,300,2025-12-05 16:35:01,shipped
1975,907,2025-09-17 19:35:33,shipped
1976,697,2026-04-25 14:54:50,shipped
1977,881,2025-06-20 17:57:20,shipped
1978,430,2025-05-25 23:25:50,delivered
1979,701,2026-02-26 03:36:00,processing
1980,840,2025-10-23 17:12:44,cancelled
1981,109,2025-09-14 23:12:29,shipped
1982,938,2025-09-05 00:40:07,delivered
1983,654,2025-11-11 22:41:25,delivered
1984,124,2025-08-27 18:30:46,shipped
1985,974,2025-06-12 10:17:29,delivered
1986,384,2025-10-23 13:20:43,shipped
1987,33,2025-11-02 16:29:46,cancelled
1988,882,2025-10-22 03:18:06,cancelled
1989,986,2025-08-18 14:51:00,cancelled
1990,95,2026-01-26 21:31:52,delivered
1991,346,2025-06-01 17:21:20,shipped
1992,421,2026-01-13 06:21:19,delivered
1993,692,2026-02-12 03:56:42,delivered
1994,398,2025-06-20 06:29:13,delivered
1995,875,2025-11-03 07:35:39,shipped
1996,437,2025-08-20 22:52:20,delivered
1997,256,2025-09-24 05:52:33,delivered
1998,349,2025-12-17 12:42:38,cancelled
1999,143,2025-07-08 11:42:20,shipped
2000,538,2026-02-26 04:28:09,processing
2001,719,2025-05-26 16:06:06,cancelled
2002,899,2025-06-04 04:37:55,processing
2003,89,2025-11-24 02:33:26,shipped
2004,490,2026-01-14 01:05:26,delivered
2005,238,2026-03-03 07:16:52,shipped
2006,401,2026-03-17 21:16:56,delivered
2007,273,2026-01-03 04:10:29,delivered
2008,219,2025-11-27 20:10:37,shipped
2009,567,2025-06-22 20:47:00,delivered
2010,526,2025-08-14 13:23:20,delivered
2011,62,2025-06-02 09:06:18,cancelled
2012,198,2025-12-20 00:37:42,processing
2013,522,2026-01-29 12:00:52,cancelled
2014,77,2025-12-13 16:24:43,cancelled
2015,379,2025-10-01 03:00:16,processing
2016,335,2026-04-27 17:37:41,processing
2017,709,2025-06-20 04:37:57,cancelled
2018,296,2025-10-13 21:55:47,shipped
2019,197,2025-08-09 02:20:33,processing
2020,806,2025-07-05 10:31:09,shipped
2021,474,2025-06-29 21:09:53,shipped
2022,211,2025-06-21 09:55:21,processing
2023,496,2025-12-17 22:21:39,processing
2024,990,2025-10-30 03:23:55,cancelled
2025,958,2025-09-04 12:06:50,processing
2026,610,2025-11-12 14:48:55,delivered
2027,126,2025-12-11 21:40:11,processing
2028,111,2025-05-26 14:25:21,processing
2029,913,2025-10-19 04:06:02,delivered
2030,737,2025-05-18 10:11:21,processing
2031,619,2026-03-08 17:06:02,processing
2032,826,2026-01-27 07:28:21,cancelled
2033,759,2026-04-05 02:00:34,processing
2034,471,2026-04-17 10:08:29,shipped
2035,245,2026-04-05 22:52:11,processing
2036,84,2025-08-08 08:17:07,cancelled
2037,784,2026-02-01 16:46:46,processing
2038,330,2026-02-05 17:45:47,delivered
2039,80,2025-09-16 23:59:48,cancelled
2040,362,2025-08-09 03:33:12,cancelled
2041,899,2026-04-18 12:33:52,cancelled
2042,67,2025-06-17 21:49:22,cancelled
2043,369,2025-06-07 13:23:04,cancelled
2044,457,2026-03-13 10:17:52,cancelled
2045,235,2025-11-28 15:59:43,processing
2046,875,2025-09-09 07:10:07,shipped
2047,779,2026-01-17 04:02:17,shipped
2048,713,2025-08-19 17:31:04,delivered
2049,146,2025-09-19 11:42:53,cancelled
2050,534,2025-11-02 11:21:26,delivered
2051,802,2026-03-17 08:43:48,shipped
2052,828,2026-03-17 23:21:27,shipped
2053,798,2025-05-15 07:24:29,cancelled
2054,876,2025-08-29 13:26:33,shipped
2055,50,2025-10-13 16:06:22,cancelled
2056,377,2026-02-24 10:00:13,processing
2057,166,2025-11-10 02:53:28,delivered
2058,295,2025-06-15 18:49:36,cancelled
2059,736,2025-04-28 19:24:59,cancelled
2060,38,2026-03-21 19:45:29,shipped
2061,619,2025-12-08 03:39:35,cancelled
2062,204,2025-06-21 15:43:35,delivered
2063,605,2025-06-15 17:58:59,shipped
2064,233,2026-03-21 16:25:25,cancelled
2065,381,2026-03-31 10:10:50,shipped
2066,656,2025-09-17 06:46:39,delivered
2067,396,2025-11-06 16:22:42,cancelled
2068,525,2026-03-16 05:22:45,cancelled
2069,340,2025-04-27 17:04:59,shipped
2070,729,2026-01-28 13:03:12,processing
2071,646,2025-12-06 19:27:17,processing
2072,818,2025-05-04 16:51:50,cancelled
2073,530,2026-04-27 00:12:46,delivered
2074,845,2026-02-06 20:50:58,cancelled
2075,937,2025-05-17 00:30:31,shipped
2076,226,2025-05-22 07:09:38,delivered
2077,200,2025-12-29 04:17:06,cancelled
2078,68,2025-09-29 18:14:49,shipped
2079,806,2025-07-21 22:56:17,delivered
2080,117,2026-04-22 01:19:00,delivered
2081,562,2026-01-26 03:27:10,processing
2082,23,2026-04-11 14:55:23,cancelled
2083,53,2025-09-07 13:46:55,processing
2084,980,2025-10-03 22:04:27,shipped
2085,430,2025-08-12 12:43:02,processing
2086,972,2025-05-18 05:01:51,delivered
2087,425,2025-10-23 02:02:39,cancelled
2088,316,2025-07-03 08:39:43,shipped
2089,241,2025-07-18 17:42:52,processing
2090,335,2026-03-14 23:19:54,cancelled
2091,816,2025-06-19 12:14:36,delivered
2092,994,2025-08-13 19:49:18,shipped
2093,34,2026-03-22 20:53:28,shipped
2094,915,2026-03-29 10:23:44,processing
2095,1,2025-10-27 05:15:30,shipped
2096,608,2025-07-05 16:06:13,processing
2097,267,2025-11-09 01:44:07,shipped
2098,347,2025-06-29 23:21:59,shipped
2099,835,2026-04-19 19:16:19,cancelled
2100,153,2025-12-01 04:00:03,shipped
2101,897,2025-12-20 23:41:45,delivered
2102,741,2025-09-02 02:36:50,delivered
2103,446,2026-04-07 07:54:30,cancelled
2104,918,2026-02-01 17:50:12,cancelled
2105,197,2026-04-06 13:46:35,processing
2106,874,2026-02-27 12:59:24,processing
2107,332,2025-08-14 10:17:29,cancelled
2108,982,2025-04-29 15:38:57,shipped
2109,96,2025-05-20 08:56:37,cancelled
2110,619,2025-06-01 05:40:39,cancelled
2111,10,2025-11-02 05:28:08,processing
2112,791,2025-11-15 16:51:27,shipped
2113,879,2026-01-05 21:07:37,processing
2114,561,2026-04-17 00:49:50,processing
2115,643,2026-03-10 21:53:45,delivered
2116,461,2025-11-14 08:36:12,processing
2117,5,2025-07-07 16:02:20,shipped
2118,407,2025-06-29 04:22:41,delivered
2119,890,2026-01-20 05:02:17,processing
2120,399,2025-08-07 08:49:56,processing
2121,82,2026-01-31 04:09:20,processing
2122,954,2025-10-20 11:16:37,processing
2123,928,2025-07-30 00:55:51,cancelled
2124,955,2025-06-01 16:12:37,processing
2125,960,2025-06-19 14:27:18,delivered
2126,784,2025-10-07 16:15:58,cancelled
2127,630,2025-05-25 20:09:10,processing
2128,181,2025-09-25 22:47:20,cancelled
2129,993,2026-04-25 09:39:27,delivered
2130,165,2025-11-24 06:36:17,shipped
2131,827,2026-04-21 14:38:48,cancelled
2132,496,2026-04-24 08:13:44,delivered
2133,658,2026-03-02 08:58:25,processing
2134,4,2026-02-21 16:04:33,processing
2135,426,2025-09-19 14:26:52,delivered
2136,534,2025-04-30 02:44:31,delivered
2137,34,2025-10-31 16:08:40,processing
2138,880,2025-05-23 06:51:06,delivered
2139,713,2025-05-20 13:39:58,processing
2140,373,2026-02-27 01:22:26,delivered
2141,336,2025-09-11 04:06:07,shipped
2142,614,2025-12-02 03:00:24,delivered
2143,910,2026-01-01 19:32:48,delivered
2144,284,2026-01-23 18:29:12,processing
2145,941,2026-02-14 03:31:34,cancelled
2146,54,2025-05-20 14:27:10,shipped
2147,110,2025-06-02 05:02:54,cancelled
2148,555,2025-06-11 19:17:10,delivered
2149,190,2025-12-06 17:56:52,delivered
2150,726,2025-09-19 01:57:25,shipped
2151,536,2025-04-28 02:04:33,processing
2152,683,2025-12-20 18:01:40,cancelled
2153,998,2025-07-05 19:35:54,cancelled
2154,620,2026-03-21 09:40:45,cancelled
2155,196,2025-10-24 19:38:55,processing
2156,136,2026-04-06 17:46:56,delivered
2157,701,2026-03-07 04:44:45,cancelled
2158,3,2025-06-09 02:24:05,shipped
2159,350,2026-03-10 16:48:42,shipped
2160,388,2026-01-07 19:36:53,processing
2161,891,2025-05-31 03:42:44,shipped
2162,444,2025-08-28 00:22:25,cancelled
2163,537,2025-07-08 21:30:25,processing
2164,291,2025-10-10 16:12:24,processing
2165,781,2025-05-29 02:17:11,delivered
2166,885,2026-02-12 00:00:52,processing
2167,927,2026-04-04 11:45:13,shipped
2168,394,2025-05-14 15:04:47,shipped
2169,279,2026-02-10 13:52:11,processing
2170,830,2025-09-15 13:22:46,shipped
2171,707,2025-07-25 00:09:23,cancelled
2172,314,2026-03-10 22:57:10,cancelled
2173,984,2026-03-28 12:45:08,processing
2174,201,2026-03-02 00:37:13,shipped
2175,247,2025-10-15 19:06:07,processing
2176,918,2025-05-18 08:44:58,shipped
2177,423,2026-03-12 11:04:15,delivered
2178,227,2025-12-04 20:45:04,shipped
2179,12,2025-06-19 13:39:32,cancelled
2180,912,2025-07-14 05:00:42,cancelled
2181,122,2025-05-14 17:13:43,delivered
2182,555,2025-05-10 10:29:43,shipped
2183,422,2025-10-24 06:10:02,processing
2184,235,2025-05-25 05:10:00,processing
2185,958,2026-03-08 03:06:45,processing
2186,198,2025-10-11 18:09:29,shipped
2187,201,2025-12-14 05:43:13,shipped
2188,678,2025-08-27 14:22:12,cancelled
2189,935,2026-01-16 23:05:59,shipped
2190,854,2025-05-03 09:35:03,shipped
2191,180,2025-04-29 11:25:24,cancelled
2192,75,2025-11-01 14:28:56,shipped
2193,533,2025-08-05 06:34:35,processing
2194,857,2026-04-14 13:31:22,cancelled
2195,791,2026-01-24 19:09:00,delivered
2196,549,2026-03-16 00:27:47,cancelled
2197,923,2026-01-06 12:56:10,delivered
2198,666,2025-05-31 07:54:26,shipped
2199,238,2026-04-03 09:08:22,shipped
2200,566,2025-11-09 11:48:50,delivered
2201,140,2025-12-06 14:36:24,shipped
2202,859,2026-02-26 15:10:51,shipped
2203,640,2025-08-26 22:58:29,cancelled
2204,560,2025-12-01 20:37:57,delivered
2205,34,2026-01-28 23:01:31,delivered
2206,86,2025-09-01 18:30:33,processing
2207,493,2026-01-24 04:51:01,delivered
2208,389,2025-08-19 11:48:19,delivered
2209,152,2025-07-24 20:20:25,cancelled
2210,782,2026-03-08 13:03:00,processing
2211,479,2026-01-03 12:21:53,delivered
2212,268,2025-06-21 09:19:33,shipped
2213,282,2026-03-03 09:16:37,shipped
2214,276,2025-12-04 01:52:40,shipped
2215,175,2025-11-16 09:00:14,cancelled
2216,55,2025-10-26 13:37:23,cancelled
2217,629,2025-10-05 03:51:34,cancelled
2218,822,2025-12-14 00:35:26,delivered
2219,542,2025-11-29 08:35:37,delivered
2220,954,2025-12-06 06:02:56,shipped
2221,159,2025-07-19 12:58:30,delivered
2222,535,2026-03-29 16:48:22,processing
2223,735,2026-03-26 16:39:09,shipped
2224,258,2025-10-04 17:47:57,delivered
2225,969,2025-09-08 12:32:56,processing
2226,692,2025-06-17 18:13:54,processing
2227,685,2025-12-14 19:58:34,delivered
2228,590,2025-08-05 12:46:34,delivered
2229,715,2025-08-14 01:15:01,shipped
2230,714,2025-10-28 01:54:03,delivered
2231,210,2026-02-19 04:04:13,shipped
2232,602,2025-06-11 13:40:44,processing
2233,827,2025-10-05 05:51:56,shipped
2234,615,2026-03-18 11:41:54,cancelled
2235,647,2026-02-06 05:47:51,shipped
2236,904,2025-05-31 21:34:52,cancelled
2237,769,2025-12-26 04:23:39,cancelled
2238,417,2026-03-01 16:06:19,delivered
2239,28,2026-02-01 16:15:36,delivered
2240,947,2025-11-13 13:35:29,delivered
2241,720,2026-04-22 04:37:22,cancelled
2242,636,2025-06-21 13:04:03,shipped
2243,619,2025-10-28 19:46:25,delivered
2244,300,2025-07-15 05:00:45,shipped
2245,28,2026-03-06 05:32:54,shipped
2246,518,2025-08-26 09:53:27,shipped
2247,344,2026-03-08 14:59:40,processing
2248,878,2025-11-22 18:57:07,processing
2249,22,2025-05-29 18:47:57,processing
2250,990,2025-07-19 11:50:45,delivered
2251,896,2026-04-12 20:56:11,delivered
2252,158,2026-02-20 22:12:40,cancelled
2253,103,2026-02-03 09:17:40,shipped
2254,838,2026-02-22 01:33:23,cancelled
2255,575,2025-05-25 03:42:15,shipped
2256,918,2025-05-11 11:36:06,delivered
2257,684,2025-08-05 19:32:37,shipped
2258,128,2025-09-03 17:41:04,delivered
2259,711,2025-05-15 07:42:40,delivered
2260,958,2025-06-26 09:22:28,delivered
2261,828,2025-09-11 07:28:58,cancelled
2262,803,2026-02-22 13:05:11,processing
2263,791,2025-12-01 17:53:30,processing
2264,800,2026-01-10 13:19:51,shipped
2265,159,2025-12-20 21:20:27,cancelled
2266,32,2025-10-01 07:22:25,cancelled
2267,234,2025-07-22 19:38:46,shipped
2268,575,2026-01-18 13:28:20,delivered
2269,146,2025-07-07 19:50:19,cancelled
2270,368,2025-05-24 09:02:22,shipped
2271,646,2025-10-26 13:07:40,delivered
2272,689,2026-04-09 06:18:14,shipped
2273,864,2025-08-20 22:36:43,shipped
2274,792,2025-07-19 12:56:56,processing
2275,7,2026-04-05 02:04:36,cancelled
2276,207,2026-02-26 00:51:50,delivered
2277,844,2026-02-28 18:04:28,delivered
2278,58,2026-02-04 13:26:06,processing
2279,75,2025-09-14 11:25:41,processing
2280,182,2025-10-14 17:34:38,shipped
2281,287,2025-08-05 02:55:18,processing
2282,614,2025-11-17 04:43:00,processing
2283,782,2026-02-18 08:57:39,cancelled
2284,818,2026-04-04 22:54:38,delivered
2285,955,2026-03-13 15:24:50,delivered
2286,204,2025-07-30 15:42:52,shipped
2287,953,2025-09-05 17:15:58,shipped
2288,558,2026-04-01 02:09:09,delivered
2289,168,2026-04-19 08:35:21,delivered
2290,326,2025-06-25 11:30:58,shipped
2291,459,2025-10-08 01:30:30,delivered
2292,49,2025-11-19 11:54:42,shipped
2293,55,2025-05-21 04:11:17,shipped
2294,111,2025-10-02 05:16:33,shipped
2295,166,2026-03-28 11:21:00,delivered
2296,998,2025-08-11 17:08:21,cancelled
2297,622,2025-11-25 14:31:44,cancelled
2298,898,2025-10-13 18:56:25,delivered
2299,769,2025-05-12 19:15:21,cancelled
2300,558,2026-02-11 03:30:46,cancelled
2301,961,2025-10-11 09:34:24,cancelled
2302,783,2025-10-18 14:21:27,delivered
2303,358,2025-07-11 22:27:14,processing
2304,676,2025-12-12 03:44:19,processing
2305,960,2025-11-26 11:48:51,delivered
2306,789,2025-07-21 18:01:03,shipped
2307,408,2026-01-31 10:24:36,cancelled
2308,17,2025-08-03 07:27:45,shipped
2309,709,2026-04-08 17:11:53,shipped
2310,867,2025-08-22 00:45:50,delivered
2311,642,2026-04-24 05:35:19,cancelled
2312,946,2025-11-24 03:46:53,shipped
2313,201,2025-11-09 04:21:21,shipped
2314,799,2025-07-12 12:12:33,delivered
2315,878,2025-11-26 04:26:22,cancelled
2316,40,2025-08-23 14:38:35,processing
2317,276,2025-07-05 09:07:35,delivered
2318,583,2025-08-29 03:44:24,delivered
2319,922,2026-03-04 10:56:18,shipped
2320,537,2025-07-25 04:14:44,cancelled
2321,191,2025-09-23 06:50:24,shipped
2322,964,2026-04-20 10:08:17,shipped
2323,697,2026-03-03 12:29:28,processing
2324,968,2026-04-15 05:23:39,processing
2325,352,2025-12-28 14:20:19,processing
2326,574,2026-03-23 17:18:57,cancelled
2327,980,2025-08-21 09:17:15,cancelled
2328,8,2025-10-02 07:42:18,shipped
2329,496,2026-04-18 00:58:33,shipped
2330,722,2025-06-20 05:50:04,processing
2331,315,2025-11-23 11:28:16,delivered
2332,336,2025-05-16 02:37:19,shipped
2333,375,2025-09-03 04:14:44,shipped
2334,325,2025-09-04 09:33:05,delivered
2335,886,2025-05-18 07:11:30,delivered
2336,393,2025-10-17 17:01:35,delivered
2337,133,2026-03-10 17:01:27,shipped
2338,935,2025-10-17 06:00:15,cancelled
2339,287,2026-04-22 16:53:37,processing
2340,523,2025-08-13 03:32:55,processing
2341,730,2026-01-26 08:41:00,processing
2342,122,2025-05-17 03:40:37,delivered
2343,160,2025-09-27 11:57:18,processing
2344,659,2025-09-14 12:56:52,delivered
2345,349,2025-10-19 01:21:55,cancelled
2346,436,2025-12-24 10:09:58,shipped
2347,872,2025-09-05 00:11:41,cancelled
2348,921,2025-09-11 13:29:14,cancelled
2349,867,2025-05-28 18:44:39,shipped
2350,825,2025-09-16 03:18:41,shipped
2351,147,2025-09-28 21:26:17,delivered
2352,907,2025-06-28 14:45:04,delivered
2353,567,2025-07-16 16:28:53,cancelled
2354,724,2025-12-02 22:41:57,delivered
2355,267,2025-07-07 16:04:36,processing
2356,334,2026-02-04 21:01:36,shipped
2357,563,2026-03-13 22:49:44,shipped
2358,221,2025-05-01 11:14:07,shipped
2359,159,2025-12-14 09:37:05,shipped
2360,600,2025-05-10 21:33:07,delivered
2361,669,2025-11-23 17:31:48,processing
2362,274,2026-04-26 13:13:06,cancelled
2363,475,2025-09-04 03:09:27,cancelled
2364,965,2026-04-13 02:41:08,delivered
2365,458,2026-02-19 00:58:55,cancelled
2366,451,2025-08-31 17:33:50,delivered
2367,923,2025-06-08 07:08:03,cancelled
2368,975,2025-05-14 04:41:33,shipped
2369,996,2025-11-05 07:11:33,delivered
2370,744,2025-12-27 22:41:57,delivered
2371,622,2026-01-24 11:28:15,cancelled
2372,653,2025-08-25 21:00:57,cancelled
2373,285,2026-02-05 10:23:11,processing
2374,814,2025-05-08 09:21:34,processing
2375,856,2026-01-11 08:51:13,shipped
2376,592,2025-12-16 17:44:42,shipped
2377,670,2025-06-06 04:35:02,shipped
2378,426,2026-04-08 03:06:01,cancelled
2379,512,2025-07-27 09:33:19,delivered
2380,119,2025-06-05 10:03:56,shipped
2381,771,2025-05-30 01:15:04,shipped
2382,764,2025-06-05 13:40:28,delivered
2383,108,2025-10-24 09:11:23,shipped
2384,33,2026-02-24 04:28:32,cancelled
2385,948,2025-11-10 18:51:19,shipped
2386,442,2025-09-25 08:00:29,cancelled
2387,898,2025-06-03 11:41:37,processing
2388,24,2025-12-17 02:29:37,cancelled
2389,294,2026-01-19 08:49:09,cancelled
2390,376,2025-05-05 02:30:32,processing
2391,712,2025-06-21 23:04:25,cancelled
2392,122,2025-09-02 06:40:27,shipped
2393,553,2026-03-06 11:46:22,processing
2394,910,2025-08-20 05:28:50,shipped
2395,56,2026-01-26 03:45:32,cancelled
2396,491,2025-10-17 13:56:33,shipped
2397,739,2026-01-17 13:00:13,delivered
2398,881,2025-09-25 18:51:55,processing
2399,658,2025-05-18 15:40:39,delivered
2400,128,2026-01-19 09:22:27,delivered
2401,806,2026-01-25 14:07:42,processing
2402,864,2025-07-05 11:39:04,shipped
2403,857,2025-07-02 00:09:39,processing
2404,788,2025-12-29 20:23:16,delivered
2405,103,2025-05-06 22:16:57,cancelled
2406,44,2025-10-02 09:51:20,delivered
2407,890,2026-01-31 04:14:55,delivered
2408,44,2025-12-24 20:29:32,cancelled
2409,341,2025-09-18 18:00:41,delivered
2410,977,2026-04-19 17:43:58,processing
2411,202,2025-07-27 11:45:46,delivered
2412,545,2025-08-28 01:42:45,processing
2413,124,2026-03-11 04:50:42,delivered
2414,830,2026-04-19 22:45:53,cancelled
2415,362,2026-04-24 16:56:49,delivered
2416,413,2025-08-09 18:54:57,cancelled
2417,120,2026-01-24 00:14:36,delivered
2418,767,2025-05-29 23:36:10,processing
2419,725,2026-01-17 18:41:47,delivered
2420,514,2025-07-05 11:27:15,delivered
2421,204,2025-04-27 22:34:28,cancelled
2422,930,2026-04-09 11:35:18,cancelled
2423,294,2025-05-29 19:16:13,delivered
2424,331,2026-01-11 16:06:52,cancelled
2425,934,2025-06-19 04:58:49,delivered
2426,979,2025-07-07 11:07:26,shipped
2427,528,2025-10-14 16:31:26,cancelled
2428,682,2026-04-12 15:32:03,delivered
2429,719,2025-08-27 12:50:59,cancelled
2430,749,2026-02-26 12:37:37,processing
2431,165,2026-03-02 00:04:19,delivered
2432,12,2026-04-12 06:02:07,shipped
2433,48,2025-12-03 10:59:44,cancelled
2434,577,2025-09-13 11:12:25,delivered
2435,913,2026-04-01 07:25:35,cancelled
2436,402,2025-05-20 19:17:31,cancelled
2437,364,2025-05-01 19:05:17,shipped
2438,595,2025-06-28 00:19:52,cancelled
2439,507,2026-03-27 15:39:33,shipped
2440,828,2025-10-06 21:34:57,shipped
2441,818,2026-02-16 16:00:10,cancelled
2442,432,2026-03-09 05:09:17,processing
2443,464,2026-01-24 09:35:46,processing
2444,575,2026-04-19 13:57:49,processing
2445,956,2025-05-17 09:45:46,processing
2446,984,2025-05-28 08:17:20,shipped
2447,265,2025-08-29 18:32:31,cancelled
2448,854,2025-06-09 19:03:10,delivered
2449,850,2025-09-05 16:00:44,delivered
2450,219,2025-07-20 00:43:17,cancelled
2451,261,2026-03-28 18:36:54,processing
2452,980,2026-02-01 02:30:06,processing
2453,100,2026-04-24 01:25:03,cancelled
2454,807,2025-07-07 19:03:51,cancelled
2455,717,2026-04-14 17:45:37,processing
2456,82,2026-04-03 20:48:06,cancelled
2457,190,2025-09-09 11:01:07,cancelled
2458,563,2026-03-03 13:55:36,cancelled
2459,603,2026-01-06 22:32:30,processing
2460,740,2026-01-19 06:05:28,shipped
2461,714,2026-01-19 06:10:04,cancelled
2462,486,2025-12-12 02:56:32,delivered
2463,255,2025-08-06 12:26:23,cancelled
2464,614,2025-10-15 15:03:12,delivered
2465,667,2025-12-29 19:10:54,processing
2466,301,2026-04-08 13:28:45,cancelled
2467,335,2025-12-23 13:17:35,cancelled
2468,886,2025-09-06 15:32:05,processing
2469,327,2025-05-10 02:41:24,shipped
2470,878,2025-10-14 19:32:48,processing
2471,789,2025-08-15 09:47:20,cancelled
2472,343,2025-05-14 17:00:09,processing
2473,692,2026-03-17 20:58:57,cancelled
2474,302,2025-11-04 21:12:09,shipped
2475,783,2025-06-05 11:35:11,processing
2476,727,2026-02-18 18:41:33,delivered
2477,980,2025-10-16 17:02:12,processing
2478,529,2026-01-26 03:59:27,cancelled
2479,610,2025-07-10 23:12:52,processing
2480,812,2026-03-21 16:03:27,processing
2481,114,2025-06-16 20:08:33,shipped
2482,235,2025-10-24 18:28:19,cancelled
2483,748,2025-12-14 17:56:57,cancelled
2484,180,2025-11-27 13:49:37,processing
2485,900,2025-05-16 22:03:07,processing
2486,261,2026-04-24 03:44:15,processing
2487,891,2025-09-12 02:46:55,shipped
2488,158,2026-01-27 18:19:20,cancelled
2489,793,2026-02-10 07:18:07,cancelled
2490,695,2025-12-12 18:39:46,shipped
2491,840,2026-01-14 11:19:00,delivered
2492,397,2025-09-16 21:21:03,shipped
2493,651,2026-01-02 18:13:22,shipped
2494,236,2025-05-08 13:57:49,processing
2495,37,2026-04-17 10:32:10,delivered
2496,69,2025-07-26 05:51:36,cancelled
2497,687,2026-01-11 12:03:58,processing
2498,840,2026-02-13 08:18:24,processing
2499,223,2026-03-15 17:31:59,cancelled
2500,468,2025-05-23 05:28:12,processing
2501,593,2025-05-16 09:15:18,shipped
2502,239,2025-05-01 11:08:18,delivered
2503,180,2025-09-27 04:28:09,processing
2504,167,2025-08-17 11:25:53,shipped
2505,676,2026-01-15 19:37:53,cancelled
2506,581,2025-12-25 06:21:19,shipped
2507,125,2025-07-20 15:56:32,delivered
2508,180,2025-08-23 18:34:59,delivered
2509,396,2026-02-21 20:06:20,cancelled
2510,647,2026-02-01 20:09:01,cancelled
2511,393,2025-05-02 10:16:22,delivered
2512,250,2025-07-15 15:04:06,delivered
2513,317,2026-01-20 16:03:20,cancelled
2514,18,2026-04-11 03:36:27,cancelled
2515,603,2025-12-08 12:59:02,cancelled
2516,996,2025-06-12 17:10:44,cancelled
2517,939,2025-04-28 20:31:01,processing
2518,828,2025-08-13 10:23:22,cancelled
2519,630,2025-09-09 22:03:59,delivered
2520,302,2025-06-15 15:26:51,shipped
2521,240,2026-04-26 20:23:54,cancelled
2522,823,2025-05-09 21:29:24,cancelled
2523,466,2026-04-03 18:44:34,cancelled
2524,966,2025-07-19 23:55:17,delivered
2525,987,2025-10-11 01:34:12,shipped
2526,957,2025-05-15 09:36:18,shipped
2527,523,2025-11-10 09:16:22,processing
2528,298,2025-12-21 04:48:17,delivered
2529,190,2026-01-24 01:08:54,delivered
2530,624,2026-02-16 23:11:04,cancelled
2531,145,2025-08-16 01:33:27,cancelled
2532,936,2025-05-22 16:51:20,processing
2533,698,2025-05-25 15:41:06,processing
2534,518,2025-11-24 11:24:56,shipped
2535,891,2025-08-22 03:42:39,processing
2536,225,2025-12-27 03:17:01,processing
2537,140,2025-12-21 22:06:23,processing
2538,92,2026-04-16 01:00:01,cancelled
2539,430,2025-06-03 02:45:03,delivered
2540,360,2025-07-22 15:56:23,delivered
2541,999,2026-01-06 15:41:23,delivered
2542,83,2025-09-05 11:49:09,delivered
2543,205,2026-04-04 15:22:18,delivered
2544,441,2025-12-22 16:12:49,processing
2545,928,2025-12-23 03:38:21,delivered
2546,480,2026-04-09 01:41:26,cancelled
2547,785,2025-07-04 08:45:33,delivered
2548,552,2025-11-25 12:24:59,delivered
2549,47,2025-09-14 04:15:42,shipped
2550,914,2025-09-09 02:28:40,processing
2551,783,2026-02-16 19:54:17,shipped
2552,280,2026-02-12 23:25:15,cancelled
2553,603,2025-07-31 07:19:16,shipped
2554,820,2026-04-15 19:49:48,shipped
2555,55,2025-09-19 20:34:57,cancelled
2556,344,2026-01-19 02:43:45,processing
2557,211,2025-12-03 22:06:18,shipped
2558,342,2025-09-06 21:54:14,processing
2559,717,2025-06-23 14:04:07,processing
2560,974,2025-05-15 10:30:49,delivered
2561,98,2025-09-15 00:30:16,delivered
2562,699,2025-09-25 08:12:51,cancelled
2563,25,2025-05-25 03:07:49,cancelled
2564,1,2025-05-10 14:29:59,delivered
2565,813,2025-05-20 17:27:49,processing
2566,428,2025-10-02 23:13:23,delivered
2567,220,2025-11-02 18:41:07,shipped
2568,290,2025-12-04 19:39:25,delivered
2569,564,2025-12-08 00:13:20,delivered
2570,850,2025-05-02 18:08:02,delivered
2571,981,2026-01-02 20:11:56,shipped
2572,357,2025-05-05 03:40:26,shipped
2573,519,2025-09-29 04:07:35,processing
2574,642,2025-12-05 12:25:12,delivered
2575,355,2025-10-11 02:10:30,shipped
2576,73,2026-04-17 15:40:48,delivered
2577,964,2026-04-15 15:27:19,delivered
2578,966,2026-03-13 19:03:43,delivered
2579,489,2025-11-26 07:34:02,processing
2580,274,2025-05-20 12:28:35,shipped
2581,716,2025-05-26 07:20:07,processing
2582,470,2025-11-26 00:27:30,cancelled
2583,165,2025-09-24 22:17:16,processing
2584,389,2026-01-31 04:38:27,processing
2585,471,2025-10-15 06:27:28,processing
2586,720,2025-10-30 03:08:40,shipped
2587,98,2025-08-07 17:41:25,delivered
2588,659,2025-05-14 19:27:12,cancelled
2589,653,2026-02-23 22:44:27,cancelled
2590,403,2026-01-22 18:35:48,cancelled
2591,695,2026-04-10 10:36:31,processing
2592,608,2025-07-30 12:43:32,cancelled
2593,247,2025-10-30 16:57:05,cancelled
2594,363,2025-11-08 05:44:38,shipped
2595,912,2025-08-09 09:39:25,delivered
2596,166,2026-01-22 08:40:58,shipped
2597,815,2026-01-16 20:36:28,shipped
2598,128,2025-06-15 08:27:21,cancelled
2599,445,2026-01-31 00:14:16,delivered
2600,381,2026-04-08 05:42:44,processing
2601,97,2025-07-21 06:35:46,cancelled
2602,828,2026-01-09 20:46:57,shipped
2603,521,2025-07-11 23:17:10,cancelled
2604,55,2025-12-05 03:52:25,delivered
2605,565,2026-03-23 03:02:26,shipped
2606,91,2025-08-17 21:58:04,processing
2607,947,2025-08-24 19:41:46,delivered
2608,617,2025-12-09 08:19:26,shipped
2609,753,2026-01-24 02:38:10,delivered
2610,960,2025-09-20 07:28:37,shipped
2611,510,2026-03-28 09:53:41,processing
2612,199,2025-07-24 01:55:54,delivered
2613,49,2025-05-05 15:41:39,cancelled
2614,59,2025-04-28 18:25:08,processing
2615,599,2025-09-27 04:05:51,delivered
2616,426,2025-11-04 06:53:05,delivered
2617,979,2025-10-22 17:49:28,shipped
2618,863,2025-09-21 02:11:45,processing
2619,155,2026-02-16 08:41:52,delivered
2620,514,2026-03-23 01:03:59,delivered
2621,977,2026-03-22 10:34:24,delivered
2622,824,2025-06-27 17:29:53,cancelled
2623,798,2025-09-04 11:14:46,processing
2624,702,2025-09-02 02:33:09,processing
2625,620,2025-04-30 19:32:49,cancelled
2626,173,2025-07-21 08:06:30,cancelled
2627,992,2025-06-29 02:09:47,shipped
2628,964,2025-12-29 11:24:51,processing
2629,505,2025-09-09 19:32:28,delivered
2630,585,2026-03-15 10:09:27,cancelled
2631,138,2025-05-01 23:32:55,processing
2632,231,2025-05-25 23:47:35,shipped
2633,724,2025-11-05 05:45:19,processing
2634,479,2025-07-19 05:18:50,cancelled
2635,917,2025-09-22 01:33:12,processing
2636,578,2025-08-27 06:51:11,cancelled
2637,214,2025-08-04 18:15:23,processing
2638,379,2025-06-17 04:16:38,delivered
2639,409,2026-04-11 18:20:56,shipped
2640,458,2025-09-26 14:25:10,shipped
2641,891,2025-07-08 00:12:38,processing
2642,122,2025-08-16 17:00:32,processing
2643,684,2025-06-07 18:20:38,processing
2644,325,2025-10-23 02:14:02,processing
2645,226,2025-11-22 07:56:44,cancelled
2646,662,2025-08-04 15:09:19,delivered
2647,748,2025-07-08 01:22:44,cancelled
2648,215,2025-12-09 18:12:07,processing
2649,865,2025-05-21 10:27:34,cancelled
2650,659,2025-12-27 11:26:34,shipped
2651,760,2025-07-09 05:20:24,shipped
2652,592,2026-01-09 14:03:48,cancelled
2653,115,2025-12-06 02:18:02,processing
2654,366,2026-01-25 11:53:05,shipped
2655,675,2026-02-24 06:14:21,delivered
2656,877,2025-06-24 17:30:22,shipped
2657,475,2025-07-21 16:12:26,shipped
2658,309,2026-02-28 05:06:33,shipped
2659,36,2025-07-22 15:23:24,shipped
2660,355,2025-08-25 04:37:49,processing
2661,616,2025-09-03 05:56:20,shipped
2662,848,2026-03-26 03:07:16,shipped
2663,710,2025-06-03 16:18:01,cancelled
2664,373,2025-05-24 18:34:38,cancelled
2665,434,2025-05-03 14:30:04,cancelled
2666,407,2026-02-07 23:59:10,delivered
2667,192,2026-02-27 12:07:40,cancelled
2668,15,2025-05-10 02:17:44,cancelled
2669,363,2025-12-05 13:34:58,shipped
2670,265,2025-05-13 03:47:39,cancelled
2671,215,2026-01-02 11:07:05,shipped
2672,18,2026-04-10 06:48:08,delivered
2673,681,2026-04-09 05:47:35,shipped
2674,188,2025-10-08 11:33:22,processing
2675,854,2026-03-19 11:54:46,cancelled
2676,279,2026-01-15 12:26:26,cancelled
2677,323,2025-05-15 16:56:50,shipped
2678,226,2025-09-13 00:15:23,cancelled
2679,294,2025-07-31 13:25:12,cancelled
2680,322,2025-04-29 20:53:06,processing
2681,819,2025-12-31 03:42:47,shipped
2682,738,2026-02-18 12:21:32,processing
2683,941,2025-11-23 19:07:50,processing
2684,687,2025-11-29 12:48:56,delivered
2685,190,2026-04-17 11:10:53,delivered
2686,1000,2025-10-05 11:19:05,shipped
2687,668,2025-11-11 22:07:53,cancelled
2688,92,2025-08-04 01:13:39,shipped
2689,928,2025-07-31 01:12:50,cancelled
2690,169,2025-05-03 02:29:17,cancelled
2691,668,2025-06-25 12:17:20,cancelled
2692,591,2026-04-06 22:20:54,cancelled
2693,618,2026-04-13 07:42:54,delivered
2694,743,2025-06-11 23:45:24,processing
2695,163,2025-06-01 00:20:08,delivered
2696,290,2025-09-23 19:53:55,cancelled
2697,431,2025-09-27 03:38:46,cancelled
2698,587,2025-10-17 03:33:55,cancelled
2699,356,2025-07-22 02:32:35,cancelled
2700,24,2026-03-02 06:31:21,cancelled
2701,482,2025-06-19 12:53:01,shipped
2702,437,2025-12-23 00:32:03,shipped
2703,713,2026-04-22 21:36:50,cancelled
2704,380,2025-04-30 05:03:21,cancelled
2705,113,2025-08-15 01:07:26,shipped
2706,81,2026-04-10 19:25:37,processing
2707,446,2026-01-16 03:05:13,shipped
2708,315,2025-09-04 14:23:29,processing
2709,406,2026-04-21 08:26:09,shipped
2710,903,2026-04-16 21:51:19,processing
2711,608,2025-10-21 23:45:49,processing
2712,162,2025-09-04 10:23:43,delivered
2713,708,2026-02-14 14:30:55,shipped
2714,335,2026-04-03 01:41:25,processing
2715,820,2025-12-02 04:04:29,shipped
2716,310,2025-11-29 19:19:07,processing
2717,229,2026-02-28 11:25:28,delivered
2718,365,2025-11-24 13:55:33,delivered
2719,473,2025-10-19 21:30:59,processing
2720,644,2025-08-31 05:40:54,cancelled
2721,588,2026-03-26 14:17:28,shipped
2722,566,2025-12-03 08:13:51,processing
2723,227,2026-03-27 22:51:23,delivered
2724,380,2025-07-08 22:47:45,delivered
2725,418,2025-05-31 18:11:22,shipped
2726,469,2025-07-03 02:16:34,processing
2727,111,2025-12-14 03:34:58,delivered
2728,710,2026-02-07 21:21:24,cancelled
2729,597,2025-12-14 05:14:17,delivered
2730,293,2026-02-21 03:22:20,delivered
2731,327,2025-10-09 03:48:03,delivered
2732,166,2025-08-26 17:37:46,processing
2733,894,2025-07-01 17:36:32,shipped
2734,639,2025-09-28 04:25:56,shipped
2735,339,2025-05-15 17:14:23,cancelled
2736,203,2025-07-26 09:04:51,processing
2737,439,2026-03-21 03:22:35,cancelled
2738,490,2025-07-29 23:59:20,processing
2739,380,2025-10-07 10:37:38,shipped
2740,237,2026-01-13 07:01:45,processing
2741,940,2026-03-05 23:20:06,shipped
2742,470,2026-04-05 08:11:52,delivered
2743,136,2025-07-06 06:36:12,processing
2744,834,2026-03-03 08:15:32,cancelled
2745,708,2025-04-30 23:28:30,cancelled
2746,853,2026-04-06 06:55:50,shipped
2747,233,2026-01-22 07:04:02,cancelled
2748,894,2025-06-21 15:04:05,delivered
2749,822,2025-10-22 09:24:24,processing
2750,256,2025-09-18 09:34:34,shipped
2751,49,2025-09-12 01:27:16,delivered
2752,52,2025-11-15 21:25:33,delivered
2753,231,2025-07-09 03:10:55,shipped
2754,326,2025-05-27 21:05:01,delivered
2755,767,2025-08-05 01:03:59,processing
2756,22,2025-10-24 02:08:37,processing
2757,386,2025-10-24 15:24:44,processing
2758,2,2026-04-08 07:14:51,shipped
2759,899,2025-05-07 06:24:08,delivered
2760,22,2026-01-22 13:28:55,shipped
2761,387,2025-12-15 02:07:34,processing
2762,699,2025-06-15 15:41:19,cancelled
2763,215,2025-04-28 02:44:39,shipped
2764,510,2026-04-15 01:27:11,cancelled
2765,18,2025-10-17 11:26:57,cancelled
2766,86,2025-06-11 04:03:16,shipped
2767,120,2025-06-01 23:09:04,delivered
2768,326,2026-03-04 19:48:15,processing
2769,832,2025-09-08 09:10:46,shipped
2770,78,2026-03-20 15:09:41,processing
2771,742,2025-06-29 15:25:20,delivered
2772,548,2025-07-24 07:43:27,shipped
2773,156,2026-01-29 20:37:43,delivered
2774,524,2026-02-13 17:03:07,delivered
2775,412,2025-11-27 13:41:56,processing
2776,544,2025-04-30 01:33:04,processing
2777,137,2025-07-06 22:55:46,delivered
2778,951,2025-07-10 02:32:39,cancelled
2779,654,2025-10-12 05:54:46,cancelled
2780,742,2026-01-24 16:56:28,shipped
2781,145,2025-07-02 00:42:20,cancelled
2782,18,2025-06-05 03:01:36,processing
2783,627,2026-01-03 23:19:07,processing
2784,884,2026-03-02 12:53:32,cancelled
2785,540,2025-12-19 19:26:05,delivered
2786,21,2026-02-03 11:11:56,delivered
2787,756,2026-01-09 02:31:20,shipped
2788,959,2025-07-03 01:34:33,shipped
2789,194,2025-05-23 21:53:46,delivered
2790,335,2025-09-11 14:43:19,shipped
2791,706,2026-04-14 21:28:38,shipped
2792,715,2026-04-16 05:55:35,cancelled
2793,233,2025-11-17 08:35:06,shipped
2794,765,2026-02-26 19:33:01,delivered
2795,254,2025-06-15 00:52:27,cancelled
2796,518,2025-11-16 12:16:33,shipped
2797,554,2025-12-06 03:52:18,shipped
2798,334,2026-04-16 01:02:01,delivered
2799,433,2025-11-03 12:46:11,processing
2800,131,2026-02-02 09:24:05,cancelled
2801,430,2025-04-29 08:22:14,shipped
2802,750,2026-01-19 06:11:07,shipped
2803,891,2025-09-16 20:16:31,processing
2804,520,2025-12-03 07:45:45,shipped
2805,644,2025-06-03 08:58:41,delivered
2806,487,2025-10-13 03:13:04,shipped
2807,406,2025-06-08 00:23:06,cancelled
2808,610,2026-02-21 19:33:28,cancelled
2809,872,2025-06-10 05:02:00,processing
2810,474,2025-11-09 02:03:16,shipped
2811,596,2025-10-14 05:16:30,delivered
2812,812,2025-07-18 19:14:32,shipped
2813,409,2025-11-21 16:01:21,shipped
2814,924,2025-09-18 22:28:46,delivered
2815,854,2025-09-03 17:55:24,processing
2816,553,2025-11-27 09:06:24,shipped
2817,683,2025-11-27 12:29:25,shipped
2818,153,2025-05-29 08:38:43,cancelled
2819,696,2026-02-05 07:41:07,processing
2820,992,2025-12-12 06:07:05,processing
2821,681,2026-04-04 17:27:50,processing
2822,544,2025-08-27 05:23:48,cancelled
2823,647,2025-12-04 15:44:52,shipped
2824,303,2026-02-12 19:31:27,processing
2825,682,2025-10-24 18:58:45,processing
2826,146,2026-01-20 18:16:27,shipped
2827,612,2025-10-27 09:22:58,cancelled
2828,186,2025-07-01 17:32:13,delivered
2829,31,2026-01-26 02:03:50,processing
2830,702,2026-01-20 22:36:14,processing
2831,869,2025-06-03 06:29:23,shipped
2832,342,2025-09-22 22:24:07,processing
2833,883,2025-11-29 14:55:57,delivered
2834,675,2025-11-14 09:06:21,shipped
2835,484,2025-05-14 22:53:09,shipped
2836,791,2026-01-27 23:17:16,processing
2837,599,2025-05-17 05:45:19,processing
2838,321,2026-02-13 02:52:01,delivered
2839,460,2026-02-21 22:34:42,delivered
2840,873,2025-09-06 14:27:50,delivered
2841,315,2026-04-18 21:08:24,processing
2842,449,2025-07-28 11:18:03,processing
2843,595,2025-10-30 14:47:29,processing
2844,237,2025-11-21 10:52:20,cancelled
2845,895,2026-02-19 00:18:44,delivered
2846,39,2026-03-07 14:22:45,cancelled
2847,202,2026-01-24 07:03:46,delivered
2848,321,2025-12-18 05:01:43,shipped
2849,419,2026-03-26 22:24:08,processing
2850,826,2025-07-20 13:17:24,delivered
2851,703,2025-05-23 18:34:26,cancelled
2852,90,2025-11-26 07:28:56,cancelled
2853,215,2025-09-20 11:50:57,cancelled
2854,441,2025-12-20 01:36:20,processing
2855,546,2025-06-26 17:14:34,processing
2856,722,2025-11-11 04:16:08,delivered
2857,754,2026-04-15 13:25:13,processing
2858,651,2025-12-09 16:04:20,processing
2859,764,2025-10-30 22:38:10,cancelled
2860,15,2026-04-11 21:48:16,processing
2861,509,2025-07-03 15:11:52,shipped
2862,215,2026-03-05 19:35:50,processing
2863,282,2025-11-11 09:20:28,processing
2864,49,2025-08-12 22:03:24,processing
2865,227,2025-09-03 12:10:24,processing
2866,552,2026-04-05 05:59:05,delivered
2867,21,2025-08-26 11:10:09,delivered
2868,11,2026-03-30 02:23:22,shipped
2869,250,2025-05-18 10:25:50,cancelled
2870,336,2026-01-07 23:31:23,delivered
2871,218,2025-06-03 23:03:47,cancelled
2872,714,2025-11-13 06:32:18,cancelled
2873,451,2025-06-20 07:43:15,delivered
2874,215,2025-07-01 23:31:14,processing
2875,558,2026-02-02 05:36:31,processing
2876,89,2026-02-14 12:14:16,processing
2877,809,2025-10-29 20:21:13,delivered
2878,403,2025-06-29 19:15:08,delivered
2879,468,2025-04-28 03:52:46,delivered
2880,352,2025-05-18 15:35:36,shipped
2881,71,2025-07-05 16:10:07,cancelled
2882,714,2025-11-27 18:04:15,cancelled
2883,272,2025-07-19 16:49:26,delivered
2884,560,2025-12-22 13:07:19,delivered
2885,147,2025-08-20 01:52:46,cancelled
2886,266,2025-11-22 02:29:57,processing
2887,422,2025-06-16 04:32:13,delivered
2888,178,2025-12-26 12:28:26,processing
2889,852,2026-04-22 13:15:07,processing
2890,202,2026-03-19 09:36:18,delivered
2891,849,2025-07-25 11:34:51,delivered
2892,779,2025-06-19 05:19:35,delivered
2893,750,2026-01-09 23:19:37,shipped
2894,15,2025-06-27 01:45:38,processing
2895,620,2025-05-20 15:55:24,delivered
2896,131,2025-08-03 12:58:20,cancelled
2897,947,2025-06-01 03:04:42,processing
2898,88,2025-08-13 10:17:53,delivered
2899,777,2025-08-13 22:36:15,processing
2900,707,2025-11-02 22:14:43,cancelled
2901,246,2025-08-13 22:45:29,delivered
2902,317,2026-01-07 00:00:30,delivered
2903,29,2025-07-18 19:07:00,cancelled
2904,210,2026-02-05 15:15:21,shipped
2905,306,2025-06-17 19:51:15,shipped
2906,912,2026-04-21 17:59:27,shipped
2907,849,2026-02-12 16:33:17,delivered
2908,539,2026-03-27 18:40:01,cancelled
2909,487,2025-11-17 12:56:40,delivered
2910,174,2026-02-12 02:15:44,delivered
2911,799,2025-06-09 07:03:08,shipped
2912,982,2025-05-23 08:02:38,delivered
2913,620,2025-10-08 08:48:34,processing
2914,250,2025-09-14 11:02:29,shipped
2915,473,2025-12-07 21:06:10,delivered
2916,96,2025-12-17 15:41:46,delivered
2917,484,2026-01-28 15:13:50,delivered
2918,844,2025-07-12 22:00:25,processing
2919,584,2026-01-24 23:14:56,shipped
2920,417,2025-05-01 15:39:37,delivered
2921,806,2026-01-14 02:30:27,shipped
2922,407,2025-06-15 19:53:20,delivered
2923,602,2026-02-07 09:55:00,processing
2924,959,2025-12-27 07:24:06,delivered
2925,24,2026-02-07 01:13:18,shipped
2926,231,2025-05-02 18:06:41,shipped
2927,25,2025-06-16 05:39:15,shipped
2928,38,2025-05-11 17:08:19,shipped
2929,114,2025-12-29 22:13:59,processing
2930,822,2025-07-17 09:53:23,cancelled
2931,475,2025-05-17 09:08:45,cancelled
2932,276,2025-08-13 06:19:35,processing
2933,1000,2026-04-26 14:57:51,delivered
2934,308,2026-01-30 03:09:06,delivered
2935,744,2026-01-22 22:34:27,shipped
2936,276,2025-06-24 15:47:30,cancelled
2937,588,2025-07-21 17:54:26,cancelled
2938,877,2026-03-24 17:13:47,delivered
2939,745,2025-06-17 15:23:37,cancelled
2940,900,2025-06-17 09:39:06,shipped
2941,562,2026-01-31 02:52:36,cancelled
2942,608,2025-10-15 03:25:22,delivered
2943,818,2025-11-07 02:27:51,delivered
2944,772,2025-09-14 04:16:19,shipped
2945,468,2026-03-23 23:37:28,cancelled
2946,974,2026-04-24 00:10:15,delivered
2947,24,2025-06-16 02:01:57,processing
2948,100,2026-01-22 18:36:14,shipped
2949,619,2026-04-02 19:39:42,processing
2950,194,2025-06-06 18:44:23,processing
2951,332,2025-07-31 07:57:28,shipped
2952,385,2025-09-19 12:28:56,processing
2953,734,2026-01-31 11:23:05,delivered
2954,274,2025-07-12 00:23:06,delivered
2955,228,2025-05-13 18:39:38,cancelled
2956,355,2026-04-11 15:14:49,delivered
2957,935,2026-02-23 09:14:47,processing
2958,228,2026-02-16 13:44:34,processing
2959,97,2025-06-17 10:11:42,shipped
2960,806,2025-11-09 03:58:02,processing
2961,33,2025-06-03 00:20:40,delivered
2962,25,2025-10-06 23:53:37,delivered
2963,535,2025-09-04 23:16:40,shipped
2964,131,2026-04-06 21:45:55,cancelled
2965,31,2025-05-15 22:54:45,processing
2966,979,2025-10-02 19:30:13,processing
2967,916,2025-08-04 02:59:14,shipped
2968,637,2025-09-28 10:19:07,delivered
2969,762,2025-07-13 05:04:32,shipped
2970,572,2025-04-28 19:24:50,cancelled
2971,174,2026-01-17 14:54:45,shipped
2972,404,2026-03-14 00:56:26,cancelled
2973,829,2025-05-19 23:54:22,cancelled
2974,980,2025-09-08 10:52:36,cancelled
2975,83,2026-01-30 11:06:15,shipped
2976,112,2026-03-01 16:15:06,processing
2977,279,2025-12-14 17:06:49,shipped
2978,388,2025-07-26 07:48:46,shipped
2979,810,2026-04-25 18:26:27,cancelled
2980,805,2026-03-15 07:41:00,shipped
2981,284,2025-10-15 13:20:13,processing
2982,728,2025-10-22 03:18:03,cancelled
2983,3,2025-10-23 04:17:16,cancelled
2984,601,2025-09-12 21:21:42,processing
2985,266,2025-09-29 05:03:38,delivered
2986,165,2026-04-13 09:57:22,processing
2987,254,2025-12-10 17:01:50,delivered
2988,626,2025-06-03 22:52:13,cancelled
2989,103,2025-12-21 00:25:47,cancelled
2990,64,2025-11-22 08:13:36,shipped
2991,607,2025-07-23 18:37:50,delivered
2992,961,2025-06-17 23:01:26,delivered
2993,110,2026-02-19 21:54:38,cancelled
2994,425,2025-05-25 06:38:06,delivered
2995,963,2026-01-18 05:52:22,processing
2996,889,2025-05-06 14:07:30,processing
2997,982,2026-01-05 19:22:17,cancelled
2998,24,2025-06-29 13:31:31,cancelled
2999,799,2025-12-16 00:17:01,cancelled
3000,29,2025-06-01 12:11:49,delivered
