order_item_id,order_id,product_id,quantity,unit_price,line_total
1,1,24,1,443.3,443.3
2,1,33,2,336.74,673.48
3,2,6,3,20.73,62.19
4,2,136,4,82.93,331.72
5,2,164,3,135.91,407.73
6,3,156,3,440.24,1320.72
7,3,162,1,466.22,466.22
8,4,188,4,487.05,1948.2
9,4,47,1,200.84,200.84
10,4,161,4,409.47,1637.88
11,5,38,1,192.83,192.83
12,5,122,2,87.32,174.64
13,5,45,3,438.8,1316.4
14,5,76,4,459.65,1838.6
15,6,84,3,384.09,1152.27
16,6,103,1,111.05,111.05
17,6,81,3,439.61,1318.83
18,6,165,3,372.5,1117.5
19,6,145,4,467.68,1870.72
20,7,121,2,484.65,969.3
21,7,118,2,224.35,448.7
22,7,125,4,192.59,770.36
23,7,6,4,20.73,82.92
24,7,52,2,449.42,898.84
25,8,111,1,338.32,338.32
26,8,78,3,60.37,181.11
27,8,176,3,278.08,834.24
28,8,35,2,40.34,80.68
29,8,54,4,257.22,1028.88
30,9,129,4,332.63,1330.52
31,9,136,4,82.93,331.72
32,9,73,2,306.44,612.88
33,9,74,4,190.09,760.36
34,10,149,3,153.5,460.5
35,10,37,1,126.18,126.18
36,10,104,2,363.06,726.12
37,11,4,1,339.97,339.97
38,11,146,1,336.51,336.51
39,12,189,4,81.5,326.0
40,12,156,2,440.24,880.48
41,12,62,4,341.74,1366.96
42,12,172,4,415.53,1662.12
43,13,172,4,415.53,1662.12
44,14,70,2,256.3,512.6
45,15,123,3,243.27,729.81
46,15,18,4,52.87,211.48
47,15,159,4,154.75,619.0
48,15,105,4,290.22,1160.88
49,15,138,2,38.92,77.84
50,16,162,2,466.22,932.44
51,16,163,3,469.77,1409.31
52,16,16,4,478.82,1915.28
53,17,43,3,137.53,412.59
54,18,48,1,232.13,232.13
55,18,180,2,22.83,45.66
56,18,130,2,81.62,163.24
57,18,10,2,352.16,704.32
58,18,119,4,53.46,213.84
59,19,75,4,271.99,1087.96
60,20,24,1,443.3,443.3
61,20,163,2,469.77,939.54
62,20,10,4,352.16,1408.64
63,20,9,4,103.42,413.68
64,21,90,1,104.57,104.57
65,21,194,3,402.11,1206.33
66,21,36,3,89.71,269.13
67,21,30,4,142.6,570.4
68,22,15,2,142.55,285.1
69,22,27,3,117.81,353.43
70,22,154,4,255.41,1021.64
71,22,169,4,427.19,1708.76
72,23,174,4,320.37,1281.48
73,23,100,2,453.18,906.36
74,24,171,1,50.69,50.69
75,24,101,1,40.07,40.07
76,24,130,4,81.62,326.48
77,24,98,2,40.14,80.28
78,24,200,4,178.08,712.32
79,25,163,2,469.77,939.54
80,25,153,4,41.26,165.04
81,25,60,3,266.91,800.73
82,26,34,4,468.64,1874.56
83,26,193,3,392.28,1176.84
84,26,8,1,303.0,303.0
85,27,151,2,9.61,19.22
86,27,178,1,42.25,42.25
87,27,10,1,352.16,352.16
88,28,82,2,47.4,94.8
89,28,25,2,290.79,581.58
90,28,138,2,38.92,77.84
91,28,1,4,60.11,240.44
92,28,130,1,81.62,81.62
93,29,49,2,74.12,148.24
94,29,111,1,338.32,338.32
95,29,114,2,128.08,256.16
96,30,127,4,146.2,584.8
97,30,131,4,112.76,451.04
98,30,35,2,40.34,80.68
99,31,59,3,193.9,581.7
100,32,55,1,379.11,379.11
101,32,176,3,278.08,834.24
102,32,120,4,499.64,1998.56
103,32,133,3,35.17,105.51
104,32,10,1,352.16,352.16
105,33,28,4,492.68,1970.72
106,33,25,1,290.79,290.79
107,33,10,4,352.16,1408.64
108,33,117,3,234.0,702.0
109,34,2,4,141.14,564.56
110,34,117,2,234.0,468.0
111,35,105,4,290.22,1160.88
112,35,38,4,192.83,771.32
113,35,101,4,40.07,160.28
114,35,155,3,466.96,1400.88
115,35,26,3,39.43,118.29
116,36,138,4,38.92,155.68
117,36,163,2,469.77,939.54
118,36,104,4,363.06,1452.24
119,37,22,1,44.01,44.01
120,37,30,4,142.6,570.4
121,37,34,3,468.64,1405.92
122,38,96,3,296.21,888.63
123,38,87,3,436.85,1310.55
124,38,169,3,427.19,1281.57
125,39,30,2,142.6,285.2
126,40,182,4,217.74,870.96
127,40,113,4,365.47,1461.88
128,40,103,1,111.05,111.05
129,40,97,1,296.28,296.28
130,41,17,3,55.59,166.77
131,41,74,4,190.09,760.36
132,41,131,3,112.76,338.28
133,42,35,4,40.34,161.36
134,42,12,3,142.7,428.1
135,42,72,3,421.63,1264.89
136,43,114,1,128.08,128.08
137,43,62,2,341.74,683.48
138,43,13,2,380.61,761.22
139,44,139,3,339.23,1017.69
140,44,141,1,126.88,126.88
141,44,38,2,192.83,385.66
142,44,77,3,165.46,496.38
143,44,128,2,478.87,957.74
144,45,52,2,449.42,898.84
145,45,139,3,339.23,1017.69
146,45,161,1,409.47,409.47
147,45,188,1,487.05,487.05
148,45,150,3,464.86,1394.58
149,46,102,1,142.85,142.85
150,47,91,3,202.5,607.5
151,47,27,2,117.81,235.62
152,47,50,1,282.88,282.88
153,47,104,3,363.06,1089.18
154,48,163,4,469.77,1879.08
155,48,124,1,451.71,451.71
156,48,92,1,326.69,326.69
157,48,158,2,417.7,835.4
158,49,35,2,40.34,80.68
159,50,88,2,482.36,964.72
160,50,102,4,142.85,571.4
161,50,123,4,243.27,973.08
162,50,133,4,35.17,140.68
163,50,153,3,41.26,123.78
164,51,166,1,139.81,139.81
165,51,136,2,82.93,165.86
166,51,173,2,6.76,13.52
167,51,167,3,109.26,327.78
168,51,79,1,439.97,439.97
169,52,156,1,440.24,440.24
170,52,119,4,53.46,213.84
171,53,132,1,291.69,291.69
172,53,95,2,36.69,73.38
173,53,145,3,467.68,1403.04
174,54,114,2,128.08,256.16
175,55,144,1,284.79,284.79
176,55,71,2,435.91,871.82
177,55,187,2,442.65,885.3
178,55,16,3,478.82,1436.46
179,56,109,3,214.67,644.01
180,56,67,4,6.61,26.44
181,56,18,1,52.87,52.87
182,57,39,4,345.64,1382.56
183,57,105,4,290.22,1160.88
184,57,63,1,342.45,342.45
185,58,167,3,109.26,327.78
186,58,72,1,421.63,421.63
187,58,60,1,266.91,266.91
188,59,56,1,80.66,80.66
189,59,123,2,243.27,486.54
190,59,167,4,109.26,437.04
191,60,21,4,66.79,267.16
192,60,96,4,296.21,1184.84
193,61,141,3,126.88,380.64
194,61,169,1,427.19,427.19
195,61,107,2,99.25,198.5
196,62,22,4,44.01,176.04
197,62,123,1,243.27,243.27
198,62,99,4,34.14,136.56
199,63,101,4,40.07,160.28
200,64,92,1,326.69,326.69
201,64,67,2,6.61,13.22
202,64,163,3,469.77,1409.31
203,64,15,4,142.55,570.2
204,65,64,3,376.68,1130.04
205,65,113,2,365.47,730.94
206,66,121,1,484.65,484.65
207,67,129,3,332.63,997.89
208,67,135,1,241.01,241.01
209,68,87,4,436.85,1747.4
210,69,89,3,378.86,1136.58
211,69,79,3,439.97,1319.91
212,69,149,4,153.5,614.0
213,69,96,4,296.21,1184.84
214,70,172,2,415.53,831.06
215,70,119,2,53.46,106.92
216,70,189,1,81.5,81.5
217,70,35,3,40.34,121.02
218,71,5,3,48.03,144.09
219,72,186,4,55.88,223.52
220,72,118,4,224.35,897.4
221,73,49,3,74.12,222.36
222,73,149,2,153.5,307.0
223,73,68,2,438.55,877.1
224,73,25,4,290.79,1163.16
225,74,149,3,153.5,460.5
226,75,134,2,33.3,66.6
227,75,192,4,93.78,375.12
228,75,37,1,126.18,126.18
229,75,188,2,487.05,974.1
230,76,57,1,397.08,397.08
231,76,184,4,449.97,1799.88
232,76,156,1,440.24,440.24
233,76,23,2,415.56,831.12
234,77,46,4,110.25,441.0
235,78,123,3,243.27,729.81
236,79,77,4,165.46,661.84
237,79,160,1,266.83,266.83
238,79,58,1,300.22,300.22
239,80,189,1,81.5,81.5
240,80,99,4,34.14,136.56
241,81,158,2,417.7,835.4
242,81,183,3,157.59,472.77
243,81,145,1,467.68,467.68
244,81,194,1,402.11,402.11
245,82,130,3,81.62,244.86
246,82,31,4,417.88,1671.52
247,82,84,2,384.09,768.18
248,83,97,2,296.28,592.56
249,83,46,1,110.25,110.25
250,84,188,2,487.05,974.1
251,84,104,2,363.06,726.12
252,84,137,4,44.66,178.64
253,84,186,3,55.88,167.64
254,85,25,3,290.79,872.37
255,85,144,2,284.79,569.58
256,85,14,1,350.58,350.58
257,85,169,4,427.19,1708.76
258,86,79,4,439.97,1759.88
259,86,164,3,135.91,407.73
260,86,35,2,40.34,80.68
261,87,50,4,282.88,1131.52
262,87,23,3,415.56,1246.68
263,88,128,4,478.87,1915.48
264,89,163,4,469.77,1879.08
265,89,52,3,449.42,1348.26
266,89,110,2,432.6,865.2
267,89,133,3,35.17,105.51
268,89,11,2,114.12,228.24
269,90,123,1,243.27,243.27
270,90,80,1,123.53,123.53
271,91,174,3,320.37,961.11
272,91,56,2,80.66,161.32
273,91,155,1,466.96,466.96
274,91,124,3,451.71,1355.13
275,91,161,3,409.47,1228.41
276,92,186,3,55.88,167.64
277,92,161,3,409.47,1228.41
278,93,56,3,80.66,241.98
279,93,126,1,136.28,136.28
280,93,51,4,374.77,1499.08
281,94,43,3,137.53,412.59
282,94,18,1,52.87,52.87
283,94,195,4,406.32,1625.28
284,94,131,1,112.76,112.76
285,95,30,3,142.6,427.8
286,95,88,4,482.36,1929.44
287,95,176,3,278.08,834.24
288,96,10,3,352.16,1056.48
289,97,71,3,435.91,1307.73
290,97,137,4,44.66,178.64
291,97,197,1,58.51,58.51
292,97,193,2,392.28,784.56
293,98,183,1,157.59,157.59
294,99,174,4,320.37,1281.48
295,99,50,3,282.88,848.64
296,99,110,4,432.6,1730.4
297,99,62,2,341.74,683.48
298,100,124,4,451.71,1806.84
299,100,50,3,282.88,848.64
300,100,77,1,165.46,165.46
301,100,72,3,421.63,1264.89
302,100,16,2,478.82,957.64
303,101,99,1,34.14,34.14
304,101,72,3,421.63,1264.89
305,101,158,3,417.7,1253.1
306,102,132,4,291.69,1166.76
307,103,184,3,449.97,1349.91
308,104,76,2,459.65,919.3
309,105,117,2,234.0,468.0
310,105,64,1,376.68,376.68
311,105,70,3,256.3,768.9
312,106,132,1,291.69,291.69
313,106,186,1,55.88,55.88
314,107,172,3,415.53,1246.59
315,107,194,1,402.11,402.11
316,107,57,2,397.08,794.16
317,107,9,3,103.42,310.26
318,107,30,1,142.6,142.6
319,108,165,4,372.5,1490.0
320,109,42,2,403.5,807.0
321,109,151,1,9.61,9.61
322,109,32,3,188.24,564.72
323,109,18,4,52.87,211.48
324,110,77,4,165.46,661.84
325,110,71,1,435.91,435.91
326,110,65,4,173.39,693.56
327,110,153,4,41.26,165.04
328,111,123,2,243.27,486.54
329,111,2,1,141.14,141.14
330,111,166,2,139.81,279.62
331,111,63,3,342.45,1027.35
332,111,147,3,123.15,369.45
333,112,38,4,192.83,771.32
334,112,194,1,402.11,402.11
335,112,111,1,338.32,338.32
336,112,95,2,36.69,73.38
337,113,167,3,109.26,327.78
338,113,56,4,80.66,322.64
339,113,7,4,113.23,452.92
340,113,32,4,188.24,752.96
341,114,48,3,232.13,696.39
342,114,182,3,217.74,653.22
343,114,194,2,402.11,804.22
344,115,21,1,66.79,66.79
345,116,7,1,113.23,113.23
346,116,42,3,403.5,1210.5
347,117,110,1,432.6,432.6
348,117,55,3,379.11,1137.33
349,117,38,3,192.83,578.49
350,117,198,3,430.0,1290.0
351,118,5,4,48.03,192.12
352,118,198,2,430.0,860.0
353,119,135,3,241.01,723.03
354,120,19,1,303.84,303.84
355,120,1,3,60.11,180.33
356,120,29,1,433.91,433.91
357,120,52,2,449.42,898.84
358,120,82,3,47.4,142.2
359,121,166,1,139.81,139.81
360,121,113,2,365.47,730.94
361,121,46,2,110.25,220.5
362,122,39,1,345.64,345.64
363,122,127,1,146.2,146.2
364,123,10,4,352.16,1408.64
365,123,180,3,22.83,68.49
366,123,93,2,450.31,900.62
367,123,161,3,409.47,1228.41
368,124,76,2,459.65,919.3
369,125,150,3,464.86,1394.58
370,126,127,4,146.2,584.8
371,126,80,4,123.53,494.12
372,126,17,3,55.59,166.77
373,126,83,2,408.93,817.86
374,126,135,1,241.01,241.01
375,127,6,4,20.73,82.92
376,127,98,3,40.14,120.42
377,127,43,1,137.53,137.53
378,127,50,2,282.88,565.76
379,127,113,4,365.47,1461.88
380,128,64,2,376.68,753.36
381,128,30,2,142.6,285.2
382,128,48,3,232.13,696.39
383,129,50,4,282.88,1131.52
384,129,179,2,452.44,904.88
385,129,151,2,9.61,19.22
386,129,111,4,338.32,1353.28
387,130,119,4,53.46,213.84
388,131,34,1,468.64,468.64
389,131,146,3,336.51,1009.53
390,131,186,4,55.88,223.52
391,131,158,4,417.7,1670.8
392,132,182,4,217.74,870.96
393,133,122,1,87.32,87.32
394,133,90,4,104.57,418.28
395,133,195,1,406.32,406.32
396,134,137,1,44.66,44.66
397,134,152,4,499.23,1996.92
398,134,44,3,457.0,1371.0
399,134,134,3,33.3,99.9
400,134,154,2,255.41,510.82
401,135,35,1,40.34,40.34
402,135,187,2,442.65,885.3
403,135,105,3,290.22,870.66
404,135,36,3,89.71,269.13
405,135,138,2,38.92,77.84
406,136,94,2,64.9,129.8
407,136,7,2,113.23,226.46
408,137,82,4,47.4,189.6
409,137,157,3,146.07,438.21
410,137,144,3,284.79,854.37
411,137,15,2,142.55,285.1
412,138,18,3,52.87,158.61
413,138,40,1,343.88,343.88
414,138,91,3,202.5,607.5
415,139,88,1,482.36,482.36
416,139,71,1,435.91,435.91
417,139,186,3,55.88,167.64
418,139,95,3,36.69,110.07
419,140,49,4,74.12,296.48
420,140,27,4,117.81,471.24
421,140,30,1,142.6,142.6
422,140,132,4,291.69,1166.76
423,140,87,2,436.85,873.7
424,141,199,4,103.79,415.16
425,142,73,2,306.44,612.88
426,143,82,2,47.4,94.8
427,143,26,3,39.43,118.29
428,143,86,3,86.74,260.22
429,143,6,3,20.73,62.19
430,144,174,1,320.37,320.37
431,144,23,3,415.56,1246.68
432,144,172,1,415.53,415.53
433,144,55,3,379.11,1137.33
434,144,155,1,466.96,466.96
435,145,52,2,449.42,898.84
436,145,140,3,204.87,614.61
437,145,68,1,438.55,438.55
438,146,182,4,217.74,870.96
439,146,27,2,117.81,235.62
440,146,112,1,53.72,53.72
441,147,199,1,103.79,103.79
442,147,150,4,464.86,1859.44
443,148,2,2,141.14,282.28
444,148,47,2,200.84,401.68
445,148,199,3,103.79,311.37
446,149,18,1,52.87,52.87
447,149,157,3,146.07,438.21
448,150,32,2,188.24,376.48
449,150,144,4,284.79,1139.16
450,150,149,2,153.5,307.0
451,151,39,1,345.64,345.64
452,151,143,4,212.52,850.08
453,151,172,3,415.53,1246.59
454,151,61,2,431.09,862.18
455,152,24,2,443.3,886.6
456,152,105,3,290.22,870.66
457,153,115,4,270.46,1081.84
458,153,95,4,36.69,146.76
459,153,103,3,111.05,333.15
460,154,64,2,376.68,753.36
461,154,136,2,82.93,165.86
462,155,197,1,58.51,58.51
463,155,118,1,224.35,224.35
464,155,182,3,217.74,653.22
465,156,14,2,350.58,701.16
466,156,185,4,342.62,1370.48
467,156,5,1,48.03,48.03
468,156,19,2,303.84,607.68
469,157,163,1,469.77,469.77
470,157,7,4,113.23,452.92
471,157,195,3,406.32,1218.96
472,157,40,2,343.88,687.76
473,158,51,3,374.77,1124.31
474,159,81,2,439.61,879.22
475,159,98,1,40.14,40.14
476,160,124,4,451.71,1806.84
477,160,108,4,331.2,1324.8
478,161,63,3,342.45,1027.35
479,162,157,3,146.07,438.21
480,163,188,4,487.05,1948.2
481,163,156,4,440.24,1760.96
482,164,89,1,378.86,378.86
483,164,40,2,343.88,687.76
484,164,112,2,53.72,107.44
485,164,85,3,331.58,994.74
486,164,12,4,142.7,570.8
487,165,41,4,118.38,473.52
488,165,97,2,296.28,592.56
489,165,81,1,439.61,439.61
490,165,127,3,146.2,438.6
491,165,76,1,459.65,459.65
492,166,188,4,487.05,1948.2
493,166,55,1,379.11,379.11
494,166,82,4,47.4,189.6
495,166,139,3,339.23,1017.69
496,167,23,3,415.56,1246.68
497,168,78,3,60.37,181.11
498,168,142,2,24.67,49.34
499,168,196,1,83.8,83.8
500,168,93,3,450.31,1350.93
501,168,148,3,69.78,209.34
502,169,9,2,103.42,206.84
503,169,38,2,192.83,385.66
504,169,50,1,282.88,282.88
505,169,41,4,118.38,473.52
506,170,166,1,139.81,139.81
507,170,165,3,372.5,1117.5
508,171,136,1,82.93,82.93
509,171,72,2,421.63,843.26
510,171,131,3,112.76,338.28
511,172,58,3,300.22,900.66
512,172,74,1,190.09,190.09
513,172,187,3,442.65,1327.95
514,173,194,3,402.11,1206.33
515,173,81,2,439.61,879.22
516,173,155,4,466.96,1867.84
517,173,70,4,256.3,1025.2
518,174,170,4,246.82,987.28
519,175,173,3,6.76,20.28
520,175,38,3,192.83,578.49
521,175,86,1,86.74,86.74
522,175,55,1,379.11,379.11
523,175,53,3,184.19,552.57
524,176,87,4,436.85,1747.4
525,176,189,2,81.5,163.0
526,176,89,4,378.86,1515.44
527,176,118,3,224.35,673.05
528,176,190,4,432.98,1731.92
529,177,68,4,438.55,1754.2
530,177,157,3,146.07,438.21
531,177,175,1,84.98,84.98
532,177,86,1,86.74,86.74
533,177,89,4,378.86,1515.44
534,178,10,2,352.16,704.32
535,179,118,2,224.35,448.7
536,180,53,4,184.19,736.76
537,180,180,1,22.83,22.83
538,180,146,2,336.51,673.02
539,181,33,4,336.74,1346.96
540,181,179,1,452.44,452.44
541,181,113,2,365.47,730.94
542,182,54,2,257.22,514.44
543,182,98,1,40.14,40.14
544,182,20,1,366.22,366.22
545,183,16,1,478.82,478.82
546,183,45,3,438.8,1316.4
547,183,50,3,282.88,848.64
548,183,126,4,136.28,545.12
549,183,12,2,142.7,285.4
550,184,145,1,467.68,467.68
551,184,147,2,123.15,246.3
552,185,106,3,393.39,1180.17
553,186,6,3,20.73,62.19
554,186,81,3,439.61,1318.83
555,186,93,2,450.31,900.62
556,186,87,2,436.85,873.7
557,186,91,3,202.5,607.5
558,187,31,2,417.88,835.76
559,187,12,4,142.7,570.8
560,188,84,2,384.09,768.18
561,188,91,1,202.5,202.5
562,188,150,1,464.86,464.86
563,188,23,3,415.56,1246.68
564,189,140,4,204.87,819.48
565,189,22,4,44.01,176.04
566,189,176,1,278.08,278.08
567,189,113,2,365.47,730.94
568,189,181,3,293.34,880.02
569,190,148,3,69.78,209.34
570,190,152,2,499.23,998.46
571,190,164,2,135.91,271.82
572,190,116,2,213.83,427.66
573,190,188,4,487.05,1948.2
574,191,186,2,55.88,111.76
575,192,28,3,492.68,1478.04
576,192,61,3,431.09,1293.27
577,193,157,3,146.07,438.21
578,193,125,1,192.59,192.59
579,194,162,3,466.22,1398.66
580,194,127,1,146.2,146.2
581,195,117,4,234.0,936.0
582,195,101,1,40.07,40.07
583,196,4,4,339.97,1359.88
584,196,198,2,430.0,860.0
585,196,28,4,492.68,1970.72
586,197,143,4,212.52,850.08
587,197,141,4,126.88,507.52
588,198,149,2,153.5,307.0
589,198,152,3,499.23,1497.69
590,198,45,3,438.8,1316.4
591,198,108,3,331.2,993.6
592,198,121,4,484.65,1938.6
593,199,106,2,393.39,786.78
594,199,112,4,53.72,214.88
595,199,91,1,202.5,202.5
596,200,159,1,154.75,154.75
597,201,104,2,363.06,726.12
598,201,110,3,432.6,1297.8
599,202,115,4,270.46,1081.84
600,202,95,4,36.69,146.76
601,203,32,1,188.24,188.24
602,204,71,3,435.91,1307.73
603,204,96,1,296.21,296.21
604,205,112,1,53.72,53.72
605,205,26,1,39.43,39.43
606,205,137,4,44.66,178.64
607,206,91,3,202.5,607.5
608,206,20,1,366.22,366.22
609,206,63,4,342.45,1369.8
610,206,36,1,89.71,89.71
611,207,94,3,64.9,194.7
612,207,99,1,34.14,34.14
613,207,151,4,9.61,38.44
614,207,131,4,112.76,451.04
615,207,172,3,415.53,1246.59
616,208,102,1,142.85,142.85
617,208,196,4,83.8,335.2
618,209,16,2,478.82,957.64
619,209,89,4,378.86,1515.44
620,210,58,3,300.22,900.66
621,210,91,4,202.5,810.0
622,211,132,3,291.69,875.07
623,211,95,2,36.69,73.38
624,211,53,4,184.19,736.76
625,212,79,3,439.97,1319.91
626,212,141,4,126.88,507.52
627,212,127,3,146.2,438.6
628,212,110,4,432.6,1730.4
629,212,89,1,378.86,378.86
630,213,184,3,449.97,1349.91
631,213,77,1,165.46,165.46
632,213,173,4,6.76,27.04
633,213,157,3,146.07,438.21
634,214,40,4,343.88,1375.52
635,215,78,2,60.37,120.74
636,215,183,1,157.59,157.59
637,216,42,4,403.5,1614.0
638,217,23,4,415.56,1662.24
639,217,11,4,114.12,456.48
640,218,20,2,366.22,732.44
641,218,81,3,439.61,1318.83
642,218,19,4,303.84,1215.36
643,218,139,4,339.23,1356.92
644,218,79,3,439.97,1319.91
645,219,42,3,403.5,1210.5
646,219,183,3,157.59,472.77
647,219,68,4,438.55,1754.2
648,219,12,2,142.7,285.4
649,219,112,2,53.72,107.44
650,220,171,3,50.69,152.07
651,220,18,2,52.87,105.74
652,220,179,4,452.44,1809.76
653,221,180,1,22.83,22.83
654,221,99,4,34.14,136.56
655,221,194,4,402.11,1608.44
656,222,80,1,123.53,123.53
657,222,23,3,415.56,1246.68
658,222,75,1,271.99,271.99
659,223,143,2,212.52,425.04
660,223,38,2,192.83,385.66
661,223,123,3,243.27,729.81
662,223,13,3,380.61,1141.83
663,224,40,1,343.88,343.88
664,224,140,2,204.87,409.74
665,225,68,3,438.55,1315.65
666,225,187,4,442.65,1770.6
667,225,64,1,376.68,376.68
668,225,100,2,453.18,906.36
669,226,81,4,439.61,1758.44
670,226,177,4,282.65,1130.6
671,226,71,2,435.91,871.82
672,226,195,3,406.32,1218.96
673,227,64,2,376.68,753.36
674,228,33,4,336.74,1346.96
675,228,9,2,103.42,206.84
676,229,62,3,341.74,1025.22
677,229,81,1,439.61,439.61
678,230,8,3,303.0,909.0
679,230,98,4,40.14,160.56
680,230,134,4,33.3,133.2
681,231,133,2,35.17,70.34
682,231,138,1,38.92,38.92
683,231,194,3,402.11,1206.33
684,232,88,1,482.36,482.36
685,232,190,3,432.98,1298.94
686,233,165,4,372.5,1490.0
687,233,19,4,303.84,1215.36
688,234,79,2,439.97,879.94
689,235,8,3,303.0,909.0
690,236,75,3,271.99,815.97
691,236,195,1,406.32,406.32
692,236,154,3,255.41,766.23
693,237,50,1,282.88,282.88
694,238,75,3,271.99,815.97
695,238,41,1,118.38,118.38
696,238,174,3,320.37,961.11
697,238,132,3,291.69,875.07
698,238,59,2,193.9,387.8
699,239,199,3,103.79,311.37
700,239,77,4,165.46,661.84
701,239,109,4,214.67,858.68
702,239,153,2,41.26,82.52
703,240,175,4,84.98,339.92
704,240,153,3,41.26,123.78
705,240,37,1,126.18,126.18
706,240,151,1,9.61,9.61
707,240,5,1,48.03,48.03
708,241,81,2,439.61,879.22
709,241,1,2,60.11,120.22
710,241,72,3,421.63,1264.89
711,241,79,4,439.97,1759.88
712,241,83,1,408.93,408.93
713,242,102,4,142.85,571.4
714,243,167,1,109.26,109.26
715,243,181,4,293.34,1173.36
716,243,64,3,376.68,1130.04
717,243,50,1,282.88,282.88
718,244,173,1,6.76,6.76
719,244,97,1,296.28,296.28
720,245,114,1,128.08,128.08
721,245,40,1,343.88,343.88
722,245,200,4,178.08,712.32
723,245,136,1,82.93,82.93
724,245,124,3,451.71,1355.13
725,246,108,3,331.2,993.6
726,246,132,4,291.69,1166.76
727,246,146,4,336.51,1346.04
728,246,100,4,453.18,1812.72
729,247,100,1,453.18,453.18
730,247,26,2,39.43,78.86
731,247,179,4,452.44,1809.76
732,248,88,1,482.36,482.36
733,249,161,4,409.47,1637.88
734,249,39,2,345.64,691.28
735,249,52,2,449.42,898.84
736,249,66,4,220.21,880.84
737,249,100,3,453.18,1359.54
738,250,67,4,6.61,26.44
739,251,115,2,270.46,540.92
740,251,107,1,99.25,99.25
741,252,16,1,478.82,478.82
742,252,139,2,339.23,678.46
743,252,157,1,146.07,146.07
744,252,131,4,112.76,451.04
745,252,148,4,69.78,279.12
746,253,106,3,393.39,1180.17
747,253,155,2,466.96,933.92
748,254,88,3,482.36,1447.08
749,254,102,2,142.85,285.7
750,255,175,3,84.98,254.94
751,255,152,1,499.23,499.23
752,255,110,2,432.6,865.2
753,256,44,3,457.0,1371.0
754,257,185,4,342.62,1370.48
755,257,117,2,234.0,468.0
756,257,27,3,117.81,353.43
757,257,118,4,224.35,897.4
758,258,69,2,486.08,972.16
759,258,153,3,41.26,123.78
760,259,127,4,146.2,584.8
761,260,65,2,173.39,346.78
762,260,6,3,20.73,62.19
763,260,115,2,270.46,540.92
764,260,100,3,453.18,1359.54
765,261,50,1,282.88,282.88
766,261,123,2,243.27,486.54
767,261,113,1,365.47,365.47
768,262,66,2,220.21,440.42
769,263,182,2,217.74,435.48
770,263,187,3,442.65,1327.95
771,263,39,3,345.64,1036.92
772,263,121,1,484.65,484.65
773,264,185,2,342.62,685.24
774,264,61,2,431.09,862.18
775,264,64,4,376.68,1506.72
776,264,8,2,303.0,606.0
777,265,128,4,478.87,1915.48
778,265,199,3,103.79,311.37
779,265,197,3,58.51,175.53
780,265,139,3,339.23,1017.69
781,266,160,1,266.83,266.83
782,266,173,4,6.76,27.04
783,266,164,3,135.91,407.73
784,266,3,2,74.07,148.14
785,267,75,2,271.99,543.98
786,267,146,2,336.51,673.02
787,267,136,1,82.93,82.93
788,267,60,3,266.91,800.73
789,267,200,4,178.08,712.32
790,268,47,4,200.84,803.36
791,268,25,2,290.79,581.58
792,269,13,4,380.61,1522.44
793,269,68,4,438.55,1754.2
794,269,146,4,336.51,1346.04
795,270,30,2,142.6,285.2
796,270,194,4,402.11,1608.44
797,271,72,1,421.63,421.63
798,271,84,1,384.09,384.09
799,271,144,1,284.79,284.79
800,271,88,1,482.36,482.36
801,271,13,4,380.61,1522.44
802,272,187,2,442.65,885.3
803,273,120,1,499.64,499.64
804,273,126,4,136.28,545.12
805,273,71,4,435.91,1743.64
806,274,39,1,345.64,345.64
807,275,93,4,450.31,1801.24
808,276,70,2,256.3,512.6
809,276,52,2,449.42,898.84
810,276,144,2,284.79,569.58
811,276,133,3,35.17,105.51
812,276,102,3,142.85,428.55
813,277,115,4,270.46,1081.84
814,277,89,4,378.86,1515.44
815,277,139,2,339.23,678.46
816,278,157,1,146.07,146.07
817,279,147,1,123.15,123.15
818,280,161,3,409.47,1228.41
819,280,106,1,393.39,393.39
820,280,178,1,42.25,42.25
821,280,60,2,266.91,533.82
822,281,197,1,58.51,58.51
823,281,164,1,135.91,135.91
824,281,36,3,89.71,269.13
825,282,199,3,103.79,311.37
826,282,113,1,365.47,365.47
827,283,162,3,466.22,1398.66
828,284,123,3,243.27,729.81
829,284,62,4,341.74,1366.96
830,284,157,2,146.07,292.14
831,284,104,1,363.06,363.06
832,284,24,3,443.3,1329.9
833,285,137,3,44.66,133.98
834,286,110,1,432.6,432.6
835,286,3,3,74.07,222.21
836,286,119,4,53.46,213.84
837,287,29,2,433.91,867.82
838,287,180,4,22.83,91.32
839,287,169,1,427.19,427.19
840,287,166,3,139.81,419.43
841,288,43,2,137.53,275.06
842,288,82,4,47.4,189.6
843,288,168,2,105.78,211.56
844,289,192,1,93.78,93.78
845,290,171,1,50.69,50.69
846,290,92,2,326.69,653.38
847,290,53,1,184.19,184.19
848,291,103,1,111.05,111.05
849,292,52,3,449.42,1348.26
850,292,17,4,55.59,222.36
851,292,199,1,103.79,103.79
852,292,122,3,87.32,261.96
853,292,130,4,81.62,326.48
854,293,115,2,270.46,540.92
855,293,195,4,406.32,1625.28
856,293,80,2,123.53,247.06
857,293,41,2,118.38,236.76
858,293,165,3,372.5,1117.5
859,294,12,2,142.7,285.4
860,295,108,1,331.2,331.2
861,295,27,3,117.81,353.43
862,295,16,3,478.82,1436.46
863,295,84,2,384.09,768.18
864,296,98,1,40.14,40.14
865,296,59,2,193.9,387.8
866,296,140,3,204.87,614.61
867,296,85,1,331.58,331.58
868,297,67,4,6.61,26.44
869,297,8,3,303.0,909.0
870,297,14,4,350.58,1402.32
871,298,193,2,392.28,784.56
872,298,20,4,366.22,1464.88
873,298,187,3,442.65,1327.95
874,299,9,4,103.42,413.68
875,299,194,2,402.11,804.22
876,299,169,3,427.19,1281.57
877,300,63,1,342.45,342.45
878,300,87,2,436.85,873.7
879,300,143,2,212.52,425.04
880,301,6,2,20.73,41.46
881,301,193,4,392.28,1569.12
882,301,107,3,99.25,297.75
883,301,170,1,246.82,246.82
884,302,111,2,338.32,676.64
885,302,185,3,342.62,1027.86
886,302,117,2,234.0,468.0
887,303,106,4,393.39,1573.56
888,304,26,4,39.43,157.72
889,304,44,1,457.0,457.0
890,304,87,3,436.85,1310.55
891,304,154,1,255.41,255.41
892,304,16,1,478.82,478.82
893,305,32,1,188.24,188.24
894,305,106,4,393.39,1573.56
895,306,151,1,9.61,9.61
896,307,89,3,378.86,1136.58
897,307,167,4,109.26,437.04
898,307,127,4,146.2,584.8
899,307,65,2,173.39,346.78
900,308,132,4,291.69,1166.76
901,308,96,1,296.21,296.21
902,308,73,1,306.44,306.44
903,309,135,4,241.01,964.04
904,309,31,2,417.88,835.76
905,309,176,4,278.08,1112.32
906,310,60,3,266.91,800.73
907,310,162,1,466.22,466.22
908,310,22,3,44.01,132.03
909,310,14,1,350.58,350.58
910,311,24,2,443.3,886.6
911,312,171,2,50.69,101.38
912,312,138,3,38.92,116.76
913,312,167,4,109.26,437.04
914,312,5,4,48.03,192.12
915,312,144,2,284.79,569.58
916,313,67,4,6.61,26.44
917,313,34,1,468.64,468.64
918,313,182,2,217.74,435.48
919,313,127,4,146.2,584.8
920,314,130,2,81.62,163.24
921,314,18,3,52.87,158.61
922,315,198,1,430.0,430.0
923,315,155,2,466.96,933.92
924,315,109,3,214.67,644.01
925,315,135,3,241.01,723.03
926,315,132,2,291.69,583.38
927,316,46,3,110.25,330.75
928,316,200,4,178.08,712.32
929,316,34,4,468.64,1874.56
930,316,152,1,499.23,499.23
931,316,146,3,336.51,1009.53
932,317,77,1,165.46,165.46
933,317,92,2,326.69,653.38
934,317,177,3,282.65,847.95
935,318,60,3,266.91,800.73
936,318,154,2,255.41,510.82
937,319,44,4,457.0,1828.0
938,319,80,4,123.53,494.12
939,319,38,2,192.83,385.66
940,319,16,4,478.82,1915.28
941,319,74,2,190.09,380.18
942,320,131,2,112.76,225.52
943,320,33,3,336.74,1010.22
944,321,123,4,243.27,973.08
945,322,66,4,220.21,880.84
946,322,152,4,499.23,1996.92
947,322,132,4,291.69,1166.76
948,322,159,4,154.75,619.0
949,322,20,4,366.22,1464.88
950,323,163,3,469.77,1409.31
951,323,17,1,55.59,55.59
952,324,119,4,53.46,213.84
953,324,15,4,142.55,570.2
954,325,135,3,241.01,723.03
955,325,63,1,342.45,342.45
956,325,84,4,384.09,1536.36
957,326,85,3,331.58,994.74
958,326,162,1,466.22,466.22
959,327,33,1,336.74,336.74
960,327,61,2,431.09,862.18
961,327,101,2,40.07,80.14
962,327,71,3,435.91,1307.73
963,328,165,2,372.5,745.0
964,328,155,2,466.96,933.92
965,329,121,3,484.65,1453.95
966,329,161,2,409.47,818.94
967,329,24,3,443.3,1329.9
968,329,86,3,86.74,260.22
969,329,51,3,374.77,1124.31
970,330,107,4,99.25,397.0
971,330,191,1,441.3,441.3
972,331,103,2,111.05,222.1
973,331,99,2,34.14,68.28
974,332,40,4,343.88,1375.52
975,332,86,2,86.74,173.48
976,332,178,3,42.25,126.75
977,332,145,4,467.68,1870.72
978,333,129,3,332.63,997.89
979,333,132,3,291.69,875.07
980,333,126,4,136.28,545.12
981,333,79,4,439.97,1759.88
982,334,161,3,409.47,1228.41
983,334,173,1,6.76,6.76
984,334,3,4,74.07,296.28
985,334,184,2,449.97,899.94
986,335,171,3,50.69,152.07
987,335,86,3,86.74,260.22
988,335,161,3,409.47,1228.41
989,336,68,1,438.55,438.55
990,336,163,1,469.77,469.77
991,336,167,1,109.26,109.26
992,337,143,1,212.52,212.52
993,338,91,2,202.5,405.0
994,338,105,2,290.22,580.44
995,338,119,3,53.46,160.38
996,338,195,2,406.32,812.64
997,339,46,1,110.25,110.25
998,339,124,3,451.71,1355.13
999,339,7,2,113.23,226.46
1000,340,147,4,123.15,492.6
1001,340,128,1,478.87,478.87
1002,341,200,1,178.08,178.08
1003,341,58,2,300.22,600.44
1004,341,145,2,467.68,935.36
1005,341,177,4,282.65,1130.6
1006,342,44,4,457.0,1828.0
1007,343,11,4,114.12,456.48
1008,343,33,1,336.74,336.74
1009,344,98,3,40.14,120.42
1010,344,38,3,192.83,578.49
1011,344,103,2,111.05,222.1
1012,345,148,1,69.78,69.78
1013,345,8,1,303.0,303.0
1014,346,152,2,499.23,998.46
1015,346,77,2,165.46,330.92
1016,346,165,4,372.5,1490.0
1017,347,188,1,487.05,487.05
1018,348,47,4,200.84,803.36
1019,348,126,3,136.28,408.84
1020,348,13,2,380.61,761.22
1021,349,18,3,52.87,158.61
1022,349,32,1,188.24,188.24
1023,350,121,2,484.65,969.3
1024,350,172,4,415.53,1662.12
1025,350,196,3,83.8,251.4
1026,350,23,1,415.56,415.56
1027,350,191,2,441.3,882.6
1028,351,100,1,453.18,453.18
1029,351,155,1,466.96,466.96
1030,351,146,3,336.51,1009.53
1031,351,59,3,193.9,581.7
1032,352,155,2,466.96,933.92
1033,352,29,4,433.91,1735.64
1034,352,7,1,113.23,113.23
1035,353,33,2,336.74,673.48
1036,353,22,1,44.01,44.01
1037,353,169,1,427.19,427.19
1038,354,78,4,60.37,241.48
1039,354,140,1,204.87,204.87
1040,354,162,2,466.22,932.44
1041,354,133,3,35.17,105.51
1042,355,181,3,293.34,880.02
1043,355,88,4,482.36,1929.44
1044,356,176,4,278.08,1112.32
1045,356,143,2,212.52,425.04
1046,356,71,1,435.91,435.91
1047,357,160,4,266.83,1067.32
1048,358,50,1,282.88,282.88
1049,358,122,1,87.32,87.32
1050,359,25,4,290.79,1163.16
1051,359,99,3,34.14,102.42
1052,360,123,3,243.27,729.81
1053,360,115,2,270.46,540.92
1054,361,192,1,93.78,93.78
1055,362,34,1,468.64,468.64
1056,362,127,3,146.2,438.6
1057,362,33,1,336.74,336.74
1058,362,36,4,89.71,358.84
1059,362,151,4,9.61,38.44
1060,363,108,2,331.2,662.4
1061,363,93,3,450.31,1350.93
1062,363,181,2,293.34,586.68
1063,363,97,3,296.28,888.84
1064,363,154,1,255.41,255.41
1065,364,150,1,464.86,464.86
1066,364,97,1,296.28,296.28
1067,365,67,4,6.61,26.44
1068,365,55,2,379.11,758.22
1069,365,34,2,468.64,937.28
1070,366,152,3,499.23,1497.69
1071,366,94,2,64.9,129.8
1072,367,80,1,123.53,123.53
1073,367,24,3,443.3,1329.9
1074,367,4,1,339.97,339.97
1075,368,55,2,379.11,758.22
1076,368,72,1,421.63,421.63
1077,369,129,3,332.63,997.89
1078,369,198,3,430.0,1290.0
1079,369,122,1,87.32,87.32
1080,370,147,3,123.15,369.45
1081,370,141,3,126.88,380.64
1082,371,48,4,232.13,928.52
1083,371,27,2,117.81,235.62
1084,371,53,2,184.19,368.38
1085,372,162,2,466.22,932.44
1086,373,86,1,86.74,86.74
1087,373,189,4,81.5,326.0
1088,373,82,3,47.4,142.2
1089,374,161,4,409.47,1637.88
1090,374,57,1,397.08,397.08
1091,374,151,2,9.61,19.22
1092,374,115,3,270.46,811.38
1093,375,24,4,443.3,1773.2
1094,375,141,3,126.88,380.64
1095,375,136,4,82.93,331.72
1096,375,157,1,146.07,146.07
1097,375,20,1,366.22,366.22
1098,376,134,1,33.3,33.3
1099,377,169,3,427.19,1281.57
1100,377,143,3,212.52,637.56
1101,378,73,3,306.44,919.32
1102,378,40,4,343.88,1375.52
1103,378,125,3,192.59,577.77
1104,379,33,1,336.74,336.74
1105,379,13,2,380.61,761.22
1106,380,123,4,243.27,973.08
1107,380,87,1,436.85,436.85
1108,380,26,3,39.43,118.29
1109,381,27,1,117.81,117.81
1110,381,164,1,135.91,135.91
1111,381,47,2,200.84,401.68
1112,382,8,3,303.0,909.0
1113,382,71,2,435.91,871.82
1114,383,178,1,42.25,42.25
1115,383,126,3,136.28,408.84
1116,383,28,3,492.68,1478.04
1117,383,173,2,6.76,13.52
1118,384,21,2,66.79,133.58
1119,384,135,1,241.01,241.01
1120,384,61,4,431.09,1724.36
1121,384,103,1,111.05,111.05
1122,384,145,2,467.68,935.36
1123,385,45,2,438.8,877.6
1124,385,23,4,415.56,1662.24
1125,386,36,3,89.71,269.13
1126,386,120,1,499.64,499.64
1127,386,110,1,432.6,432.6
1128,386,15,1,142.55,142.55
1129,386,155,2,466.96,933.92
1130,387,1,3,60.11,180.33
1131,388,164,2,135.91,271.82
1132,389,58,1,300.22,300.22
1133,389,94,4,64.9,259.6
1134,389,42,4,403.5,1614.0
1135,389,134,2,33.3,66.6
1136,390,165,3,372.5,1117.5
1137,390,109,4,214.67,858.68
1138,390,16,2,478.82,957.64
1139,391,143,4,212.52,850.08
1140,391,91,4,202.5,810.0
1141,391,80,4,123.53,494.12
1142,392,194,4,402.11,1608.44
1143,392,1,2,60.11,120.22
1144,393,172,1,415.53,415.53
1145,393,47,4,200.84,803.36
1146,393,147,3,123.15,369.45
1147,393,154,4,255.41,1021.64
1148,393,167,4,109.26,437.04
1149,394,41,3,118.38,355.14
1150,394,49,2,74.12,148.24
1151,394,190,1,432.98,432.98
1152,394,93,3,450.31,1350.93
1153,395,61,4,431.09,1724.36
1154,396,50,1,282.88,282.88
1155,396,144,2,284.79,569.58
1156,397,7,4,113.23,452.92
1157,397,87,3,436.85,1310.55
1158,398,71,1,435.91,435.91
1159,398,73,3,306.44,919.32
1160,398,108,2,331.2,662.4
1161,399,39,3,345.64,1036.92
1162,399,154,2,255.41,510.82
1163,399,50,4,282.88,1131.52
1164,399,188,1,487.05,487.05
1165,399,35,1,40.34,40.34
1166,400,135,4,241.01,964.04
1167,401,115,3,270.46,811.38
1168,401,56,2,80.66,161.32
1169,402,132,2,291.69,583.38
1170,402,66,1,220.21,220.21
1171,402,29,3,433.91,1301.73
1172,402,161,1,409.47,409.47
1173,402,30,3,142.6,427.8
1174,403,37,3,126.18,378.54
1175,403,75,3,271.99,815.97
1176,403,127,2,146.2,292.4
1177,404,195,3,406.32,1218.96
1178,404,62,2,341.74,683.48
1179,404,151,3,9.61,28.83
1180,404,135,2,241.01,482.02
1181,405,69,3,486.08,1458.24
1182,405,121,3,484.65,1453.95
1183,405,156,2,440.24,880.48
1184,405,7,2,113.23,226.46
1185,406,108,1,331.2,331.2
1186,406,85,2,331.58,663.16
1187,406,191,3,441.3,1323.9
1188,406,174,2,320.37,640.74
1189,406,94,1,64.9,64.9
1190,407,12,3,142.7,428.1
1191,407,56,3,80.66,241.98
1192,408,99,4,34.14,136.56
1193,408,159,1,154.75,154.75
1194,408,89,3,378.86,1136.58
1195,409,12,3,142.7,428.1
1196,409,137,1,44.66,44.66
1197,409,199,1,103.79,103.79
1198,410,55,4,379.11,1516.44
1199,410,170,4,246.82,987.28
1200,411,34,4,468.64,1874.56
1201,412,143,4,212.52,850.08
1202,412,187,1,442.65,442.65
1203,413,193,1,392.28,392.28
1204,413,67,1,6.61,6.61
1205,413,186,3,55.88,167.64
1206,414,122,1,87.32,87.32
1207,415,97,4,296.28,1185.12
1208,416,89,1,378.86,378.86
1209,416,37,1,126.18,126.18
1210,417,91,3,202.5,607.5
1211,417,14,3,350.58,1051.74
1212,417,99,3,34.14,102.42
1213,417,8,2,303.0,606.0
1214,418,61,1,431.09,431.09
1215,418,150,3,464.86,1394.58
1216,419,159,4,154.75,619.0
1217,419,28,2,492.68,985.36
1218,419,171,1,50.69,50.69
1219,419,161,1,409.47,409.47
1220,419,150,2,464.86,929.72
1221,420,44,1,457.0,457.0
1222,420,69,3,486.08,1458.24
1223,420,125,4,192.59,770.36
1224,420,31,4,417.88,1671.52
1225,421,118,4,224.35,897.4
1226,422,57,2,397.08,794.16
1227,422,25,4,290.79,1163.16
1228,422,73,1,306.44,306.44
1229,423,92,3,326.69,980.07
1230,423,184,1,449.97,449.97
1231,424,137,3,44.66,133.98
1232,425,41,1,118.38,118.38
1233,425,88,4,482.36,1929.44
1234,425,119,4,53.46,213.84
1235,425,30,4,142.6,570.4
1236,425,40,2,343.88,687.76
1237,426,122,2,87.32,174.64
1238,427,8,2,303.0,606.0
1239,427,111,2,338.32,676.64
1240,428,42,2,403.5,807.0
1241,428,144,2,284.79,569.58
1242,428,44,3,457.0,1371.0
1243,428,7,3,113.23,339.69
1244,429,99,4,34.14,136.56
1245,430,115,4,270.46,1081.84
1246,430,26,1,39.43,39.43
1247,430,65,4,173.39,693.56
1248,431,2,1,141.14,141.14
1249,431,100,1,453.18,453.18
1250,431,44,1,457.0,457.0
1251,431,94,3,64.9,194.7
1252,431,161,3,409.47,1228.41
1253,432,78,4,60.37,241.48
1254,432,103,1,111.05,111.05
1255,432,120,2,499.64,999.28
1256,432,159,3,154.75,464.25
1257,432,73,4,306.44,1225.76
1258,433,3,4,74.07,296.28
1259,434,75,3,271.99,815.97
1260,434,1,3,60.11,180.33
1261,434,23,1,415.56,415.56
1262,434,130,3,81.62,244.86
1263,435,192,2,93.78,187.56
1264,436,115,3,270.46,811.38
1265,436,58,4,300.22,1200.88
1266,436,145,1,467.68,467.68
1267,437,63,3,342.45,1027.35
1268,437,194,1,402.11,402.11
1269,437,69,2,486.08,972.16
1270,437,145,1,467.68,467.68
1271,438,194,1,402.11,402.11
1272,438,113,2,365.47,730.94
1273,439,22,2,44.01,88.02
1274,440,89,3,378.86,1136.58
1275,440,53,3,184.19,552.57
1276,441,197,2,58.51,117.02
1277,442,3,4,74.07,296.28
1278,442,53,3,184.19,552.57
1279,443,179,3,452.44,1357.32
1280,444,86,2,86.74,173.48
1281,444,167,2,109.26,218.52
1282,444,115,2,270.46,540.92
1283,444,187,2,442.65,885.3
1284,444,137,3,44.66,133.98
1285,445,146,4,336.51,1346.04
1286,446,86,3,86.74,260.22
1287,446,182,3,217.74,653.22
1288,447,23,4,415.56,1662.24
1289,447,53,3,184.19,552.57
1290,447,117,4,234.0,936.0
1291,447,49,3,74.12,222.36
1292,448,39,1,345.64,345.64
1293,448,68,1,438.55,438.55
1294,448,145,3,467.68,1403.04
1295,448,80,3,123.53,370.59
1296,448,17,3,55.59,166.77
1297,449,76,3,459.65,1378.95
1298,449,190,3,432.98,1298.94
1299,449,107,3,99.25,297.75
1300,450,112,2,53.72,107.44
1301,450,176,2,278.08,556.16
1302,451,173,2,6.76,13.52
1303,451,194,1,402.11,402.11
1304,451,70,4,256.3,1025.2
1305,452,131,4,112.76,451.04
1306,452,180,1,22.83,22.83
1307,452,1,2,60.11,120.22
1308,452,65,3,173.39,520.17
1309,453,90,3,104.57,313.71
1310,453,163,2,469.77,939.54
1311,453,92,2,326.69,653.38
1312,454,143,2,212.52,425.04
1313,454,85,3,331.58,994.74
1314,454,186,1,55.88,55.88
1315,455,200,3,178.08,534.24
1316,455,143,3,212.52,637.56
1317,455,133,3,35.17,105.51
1318,455,187,3,442.65,1327.95
1319,456,136,1,82.93,82.93
1320,457,135,3,241.01,723.03
1321,457,136,4,82.93,331.72
1322,457,6,1,20.73,20.73
1323,457,175,2,84.98,169.96
1324,458,42,4,403.5,1614.0
1325,458,77,2,165.46,330.92
1326,458,73,3,306.44,919.32
1327,458,5,2,48.03,96.06
1328,458,84,1,384.09,384.09
1329,459,110,1,432.6,432.6
1330,459,143,1,212.52,212.52
1331,459,25,4,290.79,1163.16
1332,460,19,2,303.84,607.68
1333,460,77,4,165.46,661.84
1334,460,7,1,113.23,113.23
1335,460,48,2,232.13,464.26
1336,460,102,4,142.85,571.4
1337,461,46,4,110.25,441.0
1338,461,139,1,339.23,339.23
1339,461,128,1,478.87,478.87
1340,461,141,2,126.88,253.76
1341,462,124,2,451.71,903.42
1342,462,89,1,378.86,378.86
1343,462,193,1,392.28,392.28
1344,463,155,3,466.96,1400.88
1345,463,187,2,442.65,885.3
1346,463,118,1,224.35,224.35
1347,464,13,1,380.61,380.61
1348,464,199,1,103.79,103.79
1349,465,176,2,278.08,556.16
1350,465,115,3,270.46,811.38
1351,465,24,4,443.3,1773.2
1352,465,133,3,35.17,105.51
1353,466,200,2,178.08,356.16
1354,467,155,2,466.96,933.92
1355,468,6,3,20.73,62.19
1356,468,194,1,402.11,402.11
1357,468,127,1,146.2,146.2
1358,468,137,1,44.66,44.66
1359,469,102,4,142.85,571.4
1360,470,63,2,342.45,684.9
1361,470,22,2,44.01,88.02
1362,470,99,1,34.14,34.14
1363,470,139,3,339.23,1017.69
1364,471,67,2,6.61,13.22
1365,471,196,4,83.8,335.2
1366,471,163,1,469.77,469.77
1367,471,13,1,380.61,380.61
1368,471,20,3,366.22,1098.66
1369,472,25,2,290.79,581.58
1370,472,59,3,193.9,581.7
1371,473,185,2,342.62,685.24
1372,473,127,1,146.2,146.2
1373,473,129,4,332.63,1330.52
1374,474,106,2,393.39,786.78
1375,474,72,1,421.63,421.63
1376,474,79,1,439.97,439.97
1377,475,185,4,342.62,1370.48
1378,475,104,2,363.06,726.12
1379,475,24,1,443.3,443.3
1380,475,151,1,9.61,9.61
1381,475,148,1,69.78,69.78
1382,476,196,3,83.8,251.4
1383,476,62,4,341.74,1366.96
1384,476,147,1,123.15,123.15
1385,477,110,3,432.6,1297.8
1386,477,130,3,81.62,244.86
1387,477,31,4,417.88,1671.52
1388,478,39,2,345.64,691.28
1389,479,69,4,486.08,1944.32
1390,479,21,3,66.79,200.37
1391,479,176,1,278.08,278.08
1392,480,135,4,241.01,964.04
1393,481,10,4,352.16,1408.64
1394,481,161,2,409.47,818.94
1395,481,53,1,184.19,184.19
1396,481,22,2,44.01,88.02
1397,482,89,4,378.86,1515.44
1398,483,93,4,450.31,1801.24
1399,483,55,3,379.11,1137.33
1400,484,162,4,466.22,1864.88
1401,484,170,1,246.82,246.82
1402,484,10,4,352.16,1408.64
1403,484,42,4,403.5,1614.0
1404,485,112,2,53.72,107.44
1405,486,158,2,417.7,835.4
1406,486,18,4,52.87,211.48
1407,486,21,3,66.79,200.37
1408,486,131,4,112.76,451.04
1409,487,195,2,406.32,812.64
1410,488,3,1,74.07,74.07
1411,488,50,4,282.88,1131.52
1412,489,197,2,58.51,117.02
1413,490,186,1,55.88,55.88
1414,490,136,4,82.93,331.72
1415,491,196,4,83.8,335.2
1416,492,19,1,303.84,303.84
1417,493,97,3,296.28,888.84
1418,494,103,3,111.05,333.15
1419,494,143,1,212.52,212.52
1420,494,200,2,178.08,356.16
1421,495,147,4,123.15,492.6
1422,495,101,1,40.07,40.07
1423,495,146,1,336.51,336.51
1424,496,3,3,74.07,222.21
1425,496,158,3,417.7,1253.1
1426,496,20,1,366.22,366.22
1427,497,54,4,257.22,1028.88
1428,497,152,1,499.23,499.23
1429,498,69,4,486.08,1944.32
1430,499,168,1,105.78,105.78
1431,499,61,4,431.09,1724.36
1432,499,7,1,113.23,113.23
1433,500,14,4,350.58,1402.32
1434,500,43,2,137.53,275.06
1435,500,108,4,331.2,1324.8
1436,500,107,1,99.25,99.25
1437,501,26,4,39.43,157.72
1438,501,24,2,443.3,886.6
1439,501,89,2,378.86,757.72
1440,501,93,2,450.31,900.62
1441,501,139,1,339.23,339.23
1442,502,170,4,246.82,987.28
1443,502,177,4,282.65,1130.6
1444,502,24,2,443.3,886.6
1445,502,136,3,82.93,248.79
1446,502,145,4,467.68,1870.72
1447,503,24,4,443.3,1773.2
1448,503,174,3,320.37,961.11
1449,504,50,2,282.88,565.76
1450,504,136,2,82.93,165.86
1451,504,178,2,42.25,84.5
1452,504,104,3,363.06,1089.18
1453,504,14,3,350.58,1051.74
1454,505,68,3,438.55,1315.65
1455,505,6,1,20.73,20.73
1456,505,125,3,192.59,577.77
1457,505,90,4,104.57,418.28
1458,505,67,4,6.61,26.44
1459,506,104,1,363.06,363.06
1460,506,139,1,339.23,339.23
1461,506,136,1,82.93,82.93
1462,506,158,4,417.7,1670.8
1463,507,50,3,282.88,848.64
1464,507,40,2,343.88,687.76
1465,508,25,3,290.79,872.37
1466,509,109,4,214.67,858.68
1467,509,161,1,409.47,409.47
1468,509,78,2,60.37,120.74
1469,510,149,3,153.5,460.5
1470,510,89,1,378.86,378.86
1471,511,8,1,303.0,303.0
1472,511,77,1,165.46,165.46
1473,511,84,3,384.09,1152.27
1474,511,147,2,123.15,246.3
1475,511,104,4,363.06,1452.24
1476,512,183,2,157.59,315.18
1477,512,155,2,466.96,933.92
1478,512,15,3,142.55,427.65
1479,512,99,4,34.14,136.56
1480,512,33,2,336.74,673.48
1481,513,127,1,146.2,146.2
1482,513,197,4,58.51,234.04
1483,513,113,1,365.47,365.47
1484,513,27,4,117.81,471.24
1485,513,176,3,278.08,834.24
1486,514,173,3,6.76,20.28
1487,514,200,1,178.08,178.08
1488,514,46,3,110.25,330.75
1489,514,27,4,117.81,471.24
1490,514,147,2,123.15,246.3
1491,515,179,1,452.44,452.44
1492,515,161,3,409.47,1228.41
1493,515,83,4,408.93,1635.72
1494,515,33,3,336.74,1010.22
1495,515,184,1,449.97,449.97
1496,516,15,1,142.55,142.55
1497,516,180,2,22.83,45.66
1498,517,134,3,33.3,99.9
1499,518,114,3,128.08,384.24
1500,518,191,3,441.3,1323.9
1501,518,39,2,345.64,691.28
1502,519,144,3,284.79,854.37
1503,520,95,3,36.69,110.07
1504,521,6,3,20.73,62.19
1505,521,156,3,440.24,1320.72
1506,521,125,1,192.59,192.59
1507,521,152,3,499.23,1497.69
1508,522,20,1,366.22,366.22
1509,522,154,3,255.41,766.23
1510,522,65,2,173.39,346.78
1511,522,34,3,468.64,1405.92
1512,523,130,1,81.62,81.62
1513,523,84,1,384.09,384.09
1514,524,198,1,430.0,430.0
1515,524,28,2,492.68,985.36
1516,524,10,4,352.16,1408.64
1517,524,40,1,343.88,343.88
1518,525,17,3,55.59,166.77
1519,525,1,1,60.11,60.11
1520,525,114,1,128.08,128.08
1521,525,65,1,173.39,173.39
1522,526,159,1,154.75,154.75
1523,526,134,2,33.3,66.6
1524,526,197,3,58.51,175.53
1525,526,82,4,47.4,189.6
1526,526,2,4,141.14,564.56
1527,527,44,1,457.0,457.0
1528,527,37,4,126.18,504.72
1529,527,10,1,352.16,352.16
1530,528,82,1,47.4,47.4
1531,528,109,1,214.67,214.67
1532,528,56,3,80.66,241.98
1533,528,77,1,165.46,165.46
1534,528,73,3,306.44,919.32
1535,529,165,4,372.5,1490.0
1536,529,103,4,111.05,444.2
1537,529,98,4,40.14,160.56
1538,530,96,2,296.21,592.42
1539,530,133,2,35.17,70.34
1540,530,165,4,372.5,1490.0
1541,530,163,3,469.77,1409.31
1542,530,24,2,443.3,886.6
1543,531,158,2,417.7,835.4
1544,532,195,1,406.32,406.32
1545,532,18,3,52.87,158.61
1546,532,199,2,103.79,207.58
1547,532,23,3,415.56,1246.68
1548,532,2,2,141.14,282.28
1549,533,44,2,457.0,914.0
1550,533,16,2,478.82,957.64
1551,534,146,2,336.51,673.02
1552,535,31,4,417.88,1671.52
1553,535,92,1,326.69,326.69
1554,535,100,3,453.18,1359.54
1555,535,147,1,123.15,123.15
1556,535,74,3,190.09,570.27
1557,536,101,3,40.07,120.21
1558,536,121,2,484.65,969.3
1559,536,104,2,363.06,726.12
1560,537,131,3,112.76,338.28
1561,537,14,4,350.58,1402.32
1562,538,116,2,213.83,427.66
1563,538,23,3,415.56,1246.68
1564,538,43,3,137.53,412.59
1565,538,157,4,146.07,584.28
1566,538,83,2,408.93,817.86
1567,539,51,3,374.77,1124.31
1568,539,85,3,331.58,994.74
1569,539,27,2,117.81,235.62
1570,539,18,3,52.87,158.61
1571,540,46,4,110.25,441.0
1572,540,119,1,53.46,53.46
1573,540,152,2,499.23,998.46
1574,541,179,2,452.44,904.88
1575,541,145,3,467.68,1403.04
1576,542,68,1,438.55,438.55
1577,543,24,2,443.3,886.6
1578,543,198,1,430.0,430.0
1579,543,186,3,55.88,167.64
1580,543,14,4,350.58,1402.32
1581,543,20,2,366.22,732.44
1582,544,56,4,80.66,322.64
1583,544,43,1,137.53,137.53
1584,545,1,2,60.11,120.22
1585,545,170,2,246.82,493.64
1586,546,4,3,339.97,1019.91
1587,546,53,1,184.19,184.19
1588,546,98,2,40.14,80.28
1589,546,41,4,118.38,473.52
1590,547,11,1,114.12,114.12
1591,547,136,2,82.93,165.86
1592,548,72,4,421.63,1686.52
1593,548,2,4,141.14,564.56
1594,548,45,1,438.8,438.8
1595,548,150,1,464.86,464.86
1596,549,175,2,84.98,169.96
1597,549,109,4,214.67,858.68
1598,549,193,4,392.28,1569.12
1599,550,81,3,439.61,1318.83
1600,550,7,4,113.23,452.92
1601,550,45,2,438.8,877.6
1602,550,4,4,339.97,1359.88
1603,550,161,3,409.47,1228.41
1604,551,195,1,406.32,406.32
1605,551,147,2,123.15,246.3
1606,551,51,4,374.77,1499.08
1607,551,43,2,137.53,275.06
1608,551,108,2,331.2,662.4
1609,552,185,2,342.62,685.24
1610,552,166,2,139.81,279.62
1611,553,192,4,93.78,375.12
1612,553,158,3,417.7,1253.1
1613,554,21,2,66.79,133.58
1614,554,137,2,44.66,89.32
1615,554,34,4,468.64,1874.56
1616,554,85,1,331.58,331.58
1617,555,149,1,153.5,153.5
1618,555,175,2,84.98,169.96
1619,556,87,4,436.85,1747.4
1620,556,76,1,459.65,459.65
1621,556,49,3,74.12,222.36
1622,556,107,1,99.25,99.25
1623,556,97,2,296.28,592.56
1624,557,170,2,246.82,493.64
1625,557,129,4,332.63,1330.52
1626,558,193,3,392.28,1176.84
1627,558,129,2,332.63,665.26
1628,558,124,3,451.71,1355.13
1629,558,180,4,22.83,91.32
1630,558,4,1,339.97,339.97
1631,559,5,1,48.03,48.03
1632,560,180,1,22.83,22.83
1633,560,103,2,111.05,222.1
1634,561,106,1,393.39,393.39
1635,561,7,1,113.23,113.23
1636,561,33,4,336.74,1346.96
1637,561,159,2,154.75,309.5
1638,561,157,1,146.07,146.07
1639,562,11,1,114.12,114.12
1640,562,69,4,486.08,1944.32
1641,562,140,2,204.87,409.74
1642,563,186,1,55.88,55.88
1643,563,6,4,20.73,82.92
1644,563,64,2,376.68,753.36
1645,564,115,3,270.46,811.38
1646,565,164,2,135.91,271.82
1647,565,79,1,439.97,439.97
1648,565,180,1,22.83,22.83
1649,566,138,2,38.92,77.84
1650,566,155,3,466.96,1400.88
1651,566,145,4,467.68,1870.72
1652,566,97,3,296.28,888.84
1653,567,128,4,478.87,1915.48
1654,567,140,3,204.87,614.61
1655,567,48,3,232.13,696.39
1656,568,199,4,103.79,415.16
1657,568,75,2,271.99,543.98
1658,568,131,3,112.76,338.28
1659,568,142,4,24.67,98.68
1660,569,40,2,343.88,687.76
1661,569,130,1,81.62,81.62
1662,569,131,2,112.76,225.52
1663,569,12,4,142.7,570.8
1664,570,32,4,188.24,752.96
1665,570,158,3,417.7,1253.1
1666,570,130,1,81.62,81.62
1667,570,153,2,41.26,82.52
1668,570,117,4,234.0,936.0
1669,571,167,4,109.26,437.04
1670,571,48,4,232.13,928.52
1671,572,105,1,290.22,290.22
1672,572,35,1,40.34,40.34
1673,572,45,4,438.8,1755.2
1674,573,75,1,271.99,271.99
1675,573,188,2,487.05,974.1
1676,573,143,4,212.52,850.08
1677,573,74,4,190.09,760.36
1678,573,123,1,243.27,243.27
1679,574,189,1,81.5,81.5
1680,574,65,2,173.39,346.78
1681,575,93,2,450.31,900.62
1682,575,139,1,339.23,339.23
1683,575,41,2,118.38,236.76
1684,576,22,4,44.01,176.04
1685,576,106,4,393.39,1573.56
1686,576,171,2,50.69,101.38
1687,577,6,3,20.73,62.19
1688,578,180,3,22.83,68.49
1689,578,67,2,6.61,13.22
1690,578,108,2,331.2,662.4
1691,579,81,2,439.61,879.22
1692,579,136,4,82.93,331.72
1693,579,60,1,266.91,266.91
1694,580,63,1,342.45,342.45
1695,580,11,3,114.12,342.36
1696,580,175,3,84.98,254.94
1697,581,131,4,112.76,451.04
1698,581,17,2,55.59,111.18
1699,581,101,3,40.07,120.21
1700,581,142,4,24.67,98.68
1701,581,197,4,58.51,234.04
1702,582,8,3,303.0,909.0
1703,583,171,3,50.69,152.07
1704,583,29,4,433.91,1735.64
1705,584,154,2,255.41,510.82
1706,584,1,3,60.11,180.33
1707,584,107,1,99.25,99.25
1708,585,67,2,6.61,13.22
1709,586,53,3,184.19,552.57
1710,586,49,2,74.12,148.24
1711,586,183,2,157.59,315.18
1712,586,74,4,190.09,760.36
1713,586,42,2,403.5,807.0
1714,587,123,2,243.27,486.54
1715,587,156,2,440.24,880.48
1716,588,39,1,345.64,345.64
1717,588,15,1,142.55,142.55
1718,589,103,1,111.05,111.05
1719,589,50,1,282.88,282.88
1720,589,185,4,342.62,1370.48
1721,589,81,3,439.61,1318.83
1722,589,78,3,60.37,181.11
1723,590,49,2,74.12,148.24
1724,590,160,3,266.83,800.49
1725,590,52,4,449.42,1797.68
1726,590,131,2,112.76,225.52
1727,591,95,1,36.69,36.69
1728,591,198,3,430.0,1290.0
1729,591,15,4,142.55,570.2
1730,591,142,2,24.67,49.34
1731,592,10,1,352.16,352.16
1732,592,190,1,432.98,432.98
1733,592,19,2,303.84,607.68
1734,593,153,3,41.26,123.78
1735,593,122,2,87.32,174.64
1736,593,178,3,42.25,126.75
1737,594,196,2,83.8,167.6
1738,594,25,4,290.79,1163.16
1739,594,66,4,220.21,880.84
1740,595,17,4,55.59,222.36
1741,595,42,3,403.5,1210.5
1742,595,140,4,204.87,819.48
1743,596,10,3,352.16,1056.48
1744,597,197,2,58.51,117.02
1745,597,198,2,430.0,860.0
1746,598,5,4,48.03,192.12
1747,598,167,2,109.26,218.52
1748,598,134,3,33.3,99.9
1749,598,63,4,342.45,1369.8
1750,599,14,1,350.58,350.58
1751,599,31,2,417.88,835.76
1752,599,110,1,432.6,432.6
1753,599,50,2,282.88,565.76
1754,600,161,3,409.47,1228.41
1755,600,32,3,188.24,564.72
1756,600,115,3,270.46,811.38
1757,600,133,3,35.17,105.51
1758,601,11,1,114.12,114.12
1759,601,139,4,339.23,1356.92
1760,601,76,1,459.65,459.65
1761,602,77,2,165.46,330.92
1762,602,99,3,34.14,102.42
1763,602,117,3,234.0,702.0
1764,602,140,3,204.87,614.61
1765,602,11,4,114.12,456.48
1766,603,81,3,439.61,1318.83
1767,603,25,4,290.79,1163.16
1768,603,5,2,48.03,96.06
1769,603,9,2,103.42,206.84
1770,604,87,4,436.85,1747.4
1771,604,19,1,303.84,303.84
1772,604,40,1,343.88,343.88
1773,604,82,2,47.4,94.8
1774,605,16,3,478.82,1436.46
1775,605,65,4,173.39,693.56
1776,605,145,3,467.68,1403.04
1777,606,198,4,430.0,1720.0
1778,606,181,4,293.34,1173.36
1779,606,84,2,384.09,768.18
1780,606,164,2,135.91,271.82
1781,606,120,1,499.64,499.64
1782,607,34,2,468.64,937.28
1783,608,157,4,146.07,584.28
1784,609,106,1,393.39,393.39
1785,609,82,1,47.4,47.4
1786,609,156,3,440.24,1320.72
1787,609,169,2,427.19,854.38
1788,609,88,1,482.36,482.36
1789,610,31,2,417.88,835.76
1790,610,89,2,378.86,757.72
1791,610,166,3,139.81,419.43
1792,611,159,2,154.75,309.5
1793,611,49,1,74.12,74.12
1794,611,157,1,146.07,146.07
1795,611,39,3,345.64,1036.92
1796,611,196,3,83.8,251.4
1797,612,188,4,487.05,1948.2
1798,612,94,2,64.9,129.8
1799,612,87,2,436.85,873.7
1800,612,180,4,22.83,91.32
1801,612,158,4,417.7,1670.8
1802,613,84,4,384.09,1536.36
1803,613,13,2,380.61,761.22
1804,613,102,1,142.85,142.85
1805,614,83,2,408.93,817.86
1806,614,71,3,435.91,1307.73
1807,614,154,1,255.41,255.41
1808,615,83,3,408.93,1226.79
1809,615,32,4,188.24,752.96
1810,615,172,1,415.53,415.53
1811,616,50,1,282.88,282.88
1812,616,92,4,326.69,1306.76
1813,616,83,3,408.93,1226.79
1814,617,62,3,341.74,1025.22
1815,617,9,2,103.42,206.84
1816,617,190,4,432.98,1731.92
1817,617,128,4,478.87,1915.48
1818,617,157,4,146.07,584.28
1819,618,53,2,184.19,368.38
1820,618,68,3,438.55,1315.65
1821,618,106,1,393.39,393.39
1822,618,170,4,246.82,987.28
1823,619,175,3,84.98,254.94
1824,619,63,4,342.45,1369.8
1825,619,28,2,492.68,985.36
1826,620,23,4,415.56,1662.24
1827,621,13,3,380.61,1141.83
1828,621,11,1,114.12,114.12
1829,622,133,1,35.17,35.17
1830,622,171,3,50.69,152.07
1831,623,183,2,157.59,315.18
1832,624,95,3,36.69,110.07
1833,624,193,4,392.28,1569.12
1834,625,74,4,190.09,760.36
1835,625,178,1,42.25,42.25
1836,625,114,3,128.08,384.24
1837,626,42,3,403.5,1210.5
1838,627,39,2,345.64,691.28
1839,627,111,3,338.32,1014.96
1840,628,120,4,499.64,1998.56
1841,628,158,4,417.7,1670.8
1842,629,144,1,284.79,284.79
1843,629,88,2,482.36,964.72
1844,629,72,4,421.63,1686.52
1845,629,40,4,343.88,1375.52
1846,630,55,1,379.11,379.11
1847,630,155,1,466.96,466.96
1848,631,9,3,103.42,310.26
1849,631,55,1,379.11,379.11
1850,632,25,4,290.79,1163.16
1851,632,145,3,467.68,1403.04
1852,633,88,1,482.36,482.36
1853,633,151,4,9.61,38.44
1854,633,100,2,453.18,906.36
1855,633,191,1,441.3,441.3
1856,633,38,1,192.83,192.83
1857,634,196,2,83.8,167.6
1858,634,106,3,393.39,1180.17
1859,634,186,1,55.88,55.88
1860,634,189,2,81.5,163.0
1861,634,28,2,492.68,985.36
1862,635,180,1,22.83,22.83
1863,636,3,4,74.07,296.28
1864,636,23,2,415.56,831.12
1865,637,114,2,128.08,256.16
1866,637,154,1,255.41,255.41
1867,637,4,4,339.97,1359.88
1868,637,157,3,146.07,438.21
1869,638,63,4,342.45,1369.8
1870,638,35,3,40.34,121.02
1871,638,194,4,402.11,1608.44
1872,638,21,2,66.79,133.58
1873,639,176,4,278.08,1112.32
1874,639,138,3,38.92,116.76
1875,639,90,2,104.57,209.14
1876,640,136,3,82.93,248.79
1877,640,182,3,217.74,653.22
1878,640,11,4,114.12,456.48
1879,641,96,1,296.21,296.21
1880,641,133,3,35.17,105.51
1881,642,3,4,74.07,296.28
1882,642,167,2,109.26,218.52
1883,642,154,4,255.41,1021.64
1884,642,195,2,406.32,812.64
1885,642,42,3,403.5,1210.5
1886,643,189,1,81.5,81.5
1887,644,79,2,439.97,879.94
1888,644,184,1,449.97,449.97
1889,645,183,1,157.59,157.59
1890,646,145,3,467.68,1403.04
1891,646,101,1,40.07,40.07
1892,646,183,3,157.59,472.77
1893,646,77,2,165.46,330.92
1894,647,35,4,40.34,161.36
1895,647,23,1,415.56,415.56
1896,648,71,4,435.91,1743.64
1897,648,49,3,74.12,222.36
1898,648,182,1,217.74,217.74
1899,649,39,3,345.64,1036.92
1900,650,146,2,336.51,673.02
1901,651,160,2,266.83,533.66
1902,651,188,2,487.05,974.1
1903,651,70,4,256.3,1025.2
1904,651,108,1,331.2,331.2
1905,651,122,3,87.32,261.96
1906,652,14,2,350.58,701.16
1907,653,41,4,118.38,473.52
1908,653,16,3,478.82,1436.46
1909,654,138,4,38.92,155.68
1910,654,9,3,103.42,310.26
1911,654,132,2,291.69,583.38
1912,654,64,2,376.68,753.36
1913,655,2,4,141.14,564.56
1914,655,155,4,466.96,1867.84
1915,655,58,4,300.22,1200.88
1916,656,23,1,415.56,415.56
1917,656,16,2,478.82,957.64
1918,656,148,3,69.78,209.34
1919,656,184,1,449.97,449.97
1920,656,197,3,58.51,175.53
1921,657,67,3,6.61,19.83
1922,658,35,1,40.34,40.34
1923,659,92,3,326.69,980.07
1924,659,66,2,220.21,440.42
1925,659,125,2,192.59,385.18
1926,660,16,4,478.82,1915.28
1927,660,35,2,40.34,80.68
1928,660,38,1,192.83,192.83
1929,660,190,3,432.98,1298.94
1930,660,84,4,384.09,1536.36
1931,661,10,3,352.16,1056.48
1932,661,89,1,378.86,378.86
1933,661,48,4,232.13,928.52
1934,661,56,1,80.66,80.66
1935,661,82,1,47.4,47.4
1936,662,197,1,58.51,58.51
1937,662,97,2,296.28,592.56
1938,662,49,1,74.12,74.12
1939,662,191,4,441.3,1765.2
1940,663,47,2,200.84,401.68
1941,663,15,3,142.55,427.65
1942,663,185,2,342.62,685.24
1943,664,8,1,303.0,303.0
1944,664,79,2,439.97,879.94
1945,664,150,4,464.86,1859.44
1946,664,169,3,427.19,1281.57
1947,665,139,4,339.23,1356.92
1948,666,84,1,384.09,384.09
1949,666,157,4,146.07,584.28
1950,666,187,4,442.65,1770.6
1951,667,146,2,336.51,673.02
1952,667,2,4,141.14,564.56
1953,667,21,4,66.79,267.16
1954,667,121,2,484.65,969.3
1955,668,41,1,118.38,118.38
1956,668,168,3,105.78,317.34
1957,669,107,4,99.25,397.0
1958,670,5,3,48.03,144.09
1959,670,35,1,40.34,40.34
1960,670,8,3,303.0,909.0
1961,671,27,2,117.81,235.62
1962,671,5,4,48.03,192.12
1963,671,83,1,408.93,408.93
1964,671,71,2,435.91,871.82
1965,671,94,2,64.9,129.8
1966,672,197,1,58.51,58.51
1967,673,71,1,435.91,435.91
1968,673,113,3,365.47,1096.41
1969,673,48,1,232.13,232.13
1970,674,11,2,114.12,228.24
1971,674,116,2,213.83,427.66
1972,674,3,2,74.07,148.14
1973,675,41,4,118.38,473.52
1974,675,90,2,104.57,209.14
1975,675,29,1,433.91,433.91
1976,675,98,4,40.14,160.56
1977,675,198,1,430.0,430.0
1978,676,92,3,326.69,980.07
1979,676,58,1,300.22,300.22
1980,677,142,4,24.67,98.68
1981,678,149,1,153.5,153.5
1982,679,103,4,111.05,444.2
1983,679,115,1,270.46,270.46
1984,680,186,2,55.88,111.76
1985,680,170,4,246.82,987.28
1986,681,122,2,87.32,174.64
1987,682,108,2,331.2,662.4
1988,682,52,1,449.42,449.42
1989,682,194,3,402.11,1206.33
1990,682,148,3,69.78,209.34
1991,683,41,3,118.38,355.14
1992,683,180,1,22.83,22.83
1993,683,116,3,213.83,641.49
1994,683,124,4,451.71,1806.84
1995,683,127,1,146.2,146.2
1996,684,65,4,173.39,693.56
1997,684,188,2,487.05,974.1
1998,684,4,1,339.97,339.97
1999,685,166,2,139.81,279.62
2000,685,116,2,213.83,427.66
2001,685,58,4,300.22,1200.88
2002,685,183,3,157.59,472.77
2003,686,30,2,142.6,285.2
2004,686,88,2,482.36,964.72
2005,687,4,2,339.97,679.94
2006,687,104,2,363.06,726.12
2007,687,10,3,352.16,1056.48
2008,687,158,1,417.7,417.7
2009,688,136,3,82.93,248.79
2010,688,8,2,303.0,606.0
2011,689,158,4,417.7,1670.8
2012,689,189,3,81.5,244.5
2013,689,157,4,146.07,584.28
2014,689,11,3,114.12,342.36
2015,690,163,2,469.77,939.54
2016,690,120,1,499.64,499.64
2017,691,55,2,379.11,758.22
2018,691,114,2,128.08,256.16
2019,691,68,1,438.55,438.55
2020,691,41,3,118.38,355.14
2021,691,173,1,6.76,6.76
2022,692,24,4,443.3,1773.2
2023,692,142,3,24.67,74.01
2024,692,107,2,99.25,198.5
2025,692,194,4,402.11,1608.44
2026,692,155,4,466.96,1867.84
2027,693,68,1,438.55,438.55
2028,693,24,4,443.3,1773.2
2029,694,59,2,193.9,387.8
2030,694,26,2,39.43,78.86
2031,695,3,4,74.07,296.28
2032,695,168,3,105.78,317.34
2033,695,90,4,104.57,418.28
2034,695,66,2,220.21,440.42
2035,695,10,4,352.16,1408.64
2036,696,86,4,86.74,346.96
2037,696,107,1,99.25,99.25
2038,696,117,1,234.0,234.0
2039,697,154,4,255.41,1021.64
2040,697,125,1,192.59,192.59
2041,698,173,3,6.76,20.28
2042,698,167,4,109.26,437.04
2043,699,189,2,81.5,163.0
2044,699,4,4,339.97,1359.88
2045,699,130,3,81.62,244.86
2046,699,71,1,435.91,435.91
2047,700,185,4,342.62,1370.48
2048,700,173,1,6.76,6.76
2049,700,194,1,402.11,402.11
2050,700,59,2,193.9,387.8
2051,701,151,4,9.61,38.44
2052,701,55,3,379.11,1137.33
2053,701,56,4,80.66,322.64
2054,701,40,1,343.88,343.88
2055,702,72,1,421.63,421.63
2056,702,113,3,365.47,1096.41
2057,702,158,3,417.7,1253.1
2058,702,90,2,104.57,209.14
2059,703,12,4,142.7,570.8
2060,704,32,2,188.24,376.48
2061,704,170,4,246.82,987.28
2062,704,4,4,339.97,1359.88
2063,704,89,1,378.86,378.86
2064,704,30,2,142.6,285.2
2065,705,71,2,435.91,871.82
2066,705,104,2,363.06,726.12
2067,706,104,4,363.06,1452.24
2068,706,153,3,41.26,123.78
2069,706,20,2,366.22,732.44
2070,707,127,3,146.2,438.6
2071,708,80,1,123.53,123.53
2072,708,134,4,33.3,133.2
2073,708,61,2,431.09,862.18
2074,708,124,2,451.71,903.42
2075,708,38,4,192.83,771.32
2076,709,57,1,397.08,397.08
2077,709,108,2,331.2,662.4
2078,709,76,3,459.65,1378.95
2079,709,3,2,74.07,148.14
2080,709,129,1,332.63,332.63
2081,710,182,2,217.74,435.48
2082,711,151,1,9.61,9.61
2083,711,97,1,296.28,296.28
2084,711,6,1,20.73,20.73
2085,712,67,2,6.61,13.22
2086,712,104,4,363.06,1452.24
2087,712,77,3,165.46,496.38
2088,712,38,1,192.83,192.83
2089,712,129,1,332.63,332.63
2090,713,64,4,376.68,1506.72
2091,714,134,1,33.3,33.3
2092,714,112,3,53.72,161.16
2093,715,197,1,58.51,58.51
2094,715,126,1,136.28,136.28
2095,716,51,3,374.77,1124.31
2096,716,95,4,36.69,146.76
2097,716,90,3,104.57,313.71
2098,716,124,3,451.71,1355.13
2099,717,112,4,53.72,214.88
2100,717,40,4,343.88,1375.52
2101,718,37,2,126.18,252.36
2102,718,138,1,38.92,38.92
2103,718,112,1,53.72,53.72
2104,719,135,4,241.01,964.04
2105,719,189,4,81.5,326.0
2106,720,18,2,52.87,105.74
2107,721,188,3,487.05,1461.15
2108,721,86,3,86.74,260.22
2109,721,123,1,243.27,243.27
2110,722,173,1,6.76,6.76
2111,722,130,2,81.62,163.24
2112,722,188,2,487.05,974.1
2113,722,167,3,109.26,327.78
2114,723,185,1,342.62,342.62
2115,723,82,2,47.4,94.8
2116,723,58,4,300.22,1200.88
2117,723,191,2,441.3,882.6
2118,724,181,4,293.34,1173.36
2119,724,63,1,342.45,342.45
2120,724,191,3,441.3,1323.9
2121,724,59,3,193.9,581.7
2122,725,60,3,266.91,800.73
2123,725,153,3,41.26,123.78
2124,725,107,1,99.25,99.25
2125,725,106,2,393.39,786.78
2126,725,172,3,415.53,1246.59
2127,726,101,4,40.07,160.28
2128,726,156,2,440.24,880.48
2129,726,18,1,52.87,52.87
2130,726,93,3,450.31,1350.93
2131,726,94,3,64.9,194.7
2132,727,155,4,466.96,1867.84
2133,728,170,3,246.82,740.46
2134,728,54,2,257.22,514.44
2135,729,92,1,326.69,326.69
2136,729,59,4,193.9,775.6
2137,730,108,2,331.2,662.4
2138,730,156,2,440.24,880.48
2139,730,195,3,406.32,1218.96
2140,730,86,4,86.74,346.96
2141,730,91,3,202.5,607.5
2142,731,50,2,282.88,565.76
2143,731,95,2,36.69,73.38
2144,731,22,1,44.01,44.01
2145,731,187,4,442.65,1770.6
2146,731,148,4,69.78,279.12
2147,732,129,3,332.63,997.89
2148,733,58,4,300.22,1200.88
2149,733,11,1,114.12,114.12
2150,733,113,1,365.47,365.47
2151,734,43,3,137.53,412.59
2152,735,83,2,408.93,817.86
2153,735,172,3,415.53,1246.59
2154,736,11,3,114.12,342.36
2155,737,41,1,118.38,118.38
2156,738,166,2,139.81,279.62
2157,738,9,3,103.42,310.26
2158,738,17,2,55.59,111.18
2159,739,35,4,40.34,161.36
2160,739,69,1,486.08,486.08
2161,739,59,2,193.9,387.8
2162,739,80,1,123.53,123.53
2163,739,48,4,232.13,928.52
2164,740,36,1,89.71,89.71
2165,741,101,3,40.07,120.21
2166,741,171,3,50.69,152.07
2167,741,90,3,104.57,313.71
2168,741,14,2,350.58,701.16
2169,741,99,1,34.14,34.14
2170,742,111,1,338.32,338.32
2171,742,145,4,467.68,1870.72
2172,742,98,3,40.14,120.42
2173,742,25,4,290.79,1163.16
2174,743,54,3,257.22,771.66
2175,743,186,3,55.88,167.64
2176,744,38,4,192.83,771.32
2177,744,127,4,146.2,584.8
2178,744,87,1,436.85,436.85
2179,745,177,4,282.65,1130.6
2180,745,42,2,403.5,807.0
2181,745,161,3,409.47,1228.41
2182,745,56,3,80.66,241.98
2183,746,17,1,55.59,55.59
2184,746,29,3,433.91,1301.73
2185,746,173,1,6.76,6.76
2186,746,94,3,64.9,194.7
2187,747,100,2,453.18,906.36
2188,747,118,2,224.35,448.7
2189,748,97,4,296.28,1185.12
2190,748,62,4,341.74,1366.96
2191,749,156,1,440.24,440.24
2192,749,195,4,406.32,1625.28
2193,750,6,1,20.73,20.73
2194,750,128,4,478.87,1915.48
2195,750,137,2,44.66,89.32
2196,751,128,4,478.87,1915.48
2197,751,4,3,339.97,1019.91
2198,751,99,4,34.14,136.56
2199,751,148,1,69.78,69.78
2200,751,142,1,24.67,24.67
2201,752,92,2,326.69,653.38
2202,752,117,4,234.0,936.0
2203,753,164,2,135.91,271.82
2204,753,59,3,193.9,581.7
2205,754,159,3,154.75,464.25
2206,754,6,1,20.73,20.73
2207,754,26,1,39.43,39.43
2208,754,146,4,336.51,1346.04
2209,755,16,1,478.82,478.82
2210,755,151,1,9.61,9.61
2211,755,30,3,142.6,427.8
2212,756,70,4,256.3,1025.2
2213,756,44,4,457.0,1828.0
2214,757,1,4,60.11,240.44
2215,757,41,4,118.38,473.52
2216,757,136,2,82.93,165.86
2217,757,107,2,99.25,198.5
2218,758,185,4,342.62,1370.48
2219,758,55,2,379.11,758.22
2220,758,139,3,339.23,1017.69
2221,759,8,1,303.0,303.0
2222,760,90,2,104.57,209.14
2223,760,157,1,146.07,146.07
2224,760,183,2,157.59,315.18
2225,760,151,4,9.61,38.44
2226,761,102,2,142.85,285.7
2227,761,116,4,213.83,855.32
2228,761,96,4,296.21,1184.84
2229,761,87,4,436.85,1747.4
2230,761,186,4,55.88,223.52
2231,762,172,1,415.53,415.53
2232,762,164,4,135.91,543.64
2233,762,58,2,300.22,600.44
2234,762,8,3,303.0,909.0
2235,762,91,4,202.5,810.0
2236,763,31,4,417.88,1671.52
2237,764,50,2,282.88,565.76
2238,765,169,1,427.19,427.19
2239,765,78,1,60.37,60.37
2240,765,90,2,104.57,209.14
2241,765,17,4,55.59,222.36
2242,766,181,3,293.34,880.02
2243,766,8,1,303.0,303.0
2244,766,29,3,433.91,1301.73
2245,766,49,1,74.12,74.12
2246,766,166,4,139.81,559.24
2247,767,81,3,439.61,1318.83
2248,767,111,4,338.32,1353.28
2249,767,61,3,431.09,1293.27
2250,767,191,3,441.3,1323.9
2251,767,159,3,154.75,464.25
2252,768,17,3,55.59,166.77
2253,768,70,1,256.3,256.3
2254,768,20,4,366.22,1464.88
2255,768,199,2,103.79,207.58
2256,768,165,1,372.5,372.5
2257,769,71,4,435.91,1743.64
2258,769,65,1,173.39,173.39
2259,769,73,2,306.44,612.88
2260,770,27,2,117.81,235.62
2261,770,152,3,499.23,1497.69
2262,770,198,3,430.0,1290.0
2263,771,55,2,379.11,758.22
2264,771,34,2,468.64,937.28
2265,771,189,4,81.5,326.0
2266,771,38,3,192.83,578.49
2267,771,183,2,157.59,315.18
2268,772,173,2,6.76,13.52
2269,772,153,1,41.26,41.26
2270,772,51,3,374.77,1124.31
2271,772,102,1,142.85,142.85
2272,773,94,4,64.9,259.6
2273,773,183,4,157.59,630.36
2274,773,49,2,74.12,148.24
2275,773,78,4,60.37,241.48
2276,774,48,3,232.13,696.39
2277,774,96,1,296.21,296.21
2278,774,39,3,345.64,1036.92
2279,774,200,1,178.08,178.08
2280,774,160,1,266.83,266.83
2281,775,33,4,336.74,1346.96
2282,775,182,2,217.74,435.48
2283,775,96,4,296.21,1184.84
2284,776,45,2,438.8,877.6
2285,776,189,4,81.5,326.0
2286,776,161,1,409.47,409.47
2287,777,83,3,408.93,1226.79
2288,777,62,1,341.74,341.74
2289,777,195,1,406.32,406.32
2290,777,85,3,331.58,994.74
2291,778,7,3,113.23,339.69
2292,778,69,3,486.08,1458.24
2293,778,139,1,339.23,339.23
2294,779,40,2,343.88,687.76
2295,779,120,2,499.64,999.28
2296,779,17,3,55.59,166.77
2297,779,121,2,484.65,969.3
2298,780,167,1,109.26,109.26
2299,781,54,3,257.22,771.66
2300,781,6,2,20.73,41.46
2301,781,95,3,36.69,110.07
2302,781,138,3,38.92,116.76
2303,782,185,2,342.62,685.24
2304,783,136,2,82.93,165.86
2305,784,4,2,339.97,679.94
2306,785,28,3,492.68,1478.04
2307,785,168,4,105.78,423.12
2308,785,80,3,123.53,370.59
2309,785,182,3,217.74,653.22
2310,786,44,4,457.0,1828.0
2311,787,77,2,165.46,330.92
2312,787,122,4,87.32,349.28
2313,787,128,1,478.87,478.87
2314,788,159,4,154.75,619.0
2315,788,190,1,432.98,432.98
2316,789,159,1,154.75,154.75
2317,789,116,4,213.83,855.32
2318,790,123,1,243.27,243.27
2319,791,38,4,192.83,771.32
2320,792,115,4,270.46,1081.84
2321,793,142,1,24.67,24.67
2322,793,150,4,464.86,1859.44
2323,793,87,4,436.85,1747.4
2324,793,75,4,271.99,1087.96
2325,794,183,2,157.59,315.18
2326,794,86,1,86.74,86.74
2327,794,178,4,42.25,169.0
2328,794,146,4,336.51,1346.04
2329,794,22,1,44.01,44.01
2330,795,6,3,20.73,62.19
2331,795,64,4,376.68,1506.72
2332,795,11,1,114.12,114.12
2333,796,133,3,35.17,105.51
2334,796,167,1,109.26,109.26
2335,796,176,4,278.08,1112.32
2336,796,117,3,234.0,702.0
2337,796,153,2,41.26,82.52
2338,797,21,3,66.79,200.37
2339,797,135,4,241.01,964.04
2340,798,184,1,449.97,449.97
2341,798,45,4,438.8,1755.2
2342,798,104,2,363.06,726.12
2343,798,143,2,212.52,425.04
2344,799,144,4,284.79,1139.16
2345,799,109,1,214.67,214.67
2346,799,6,3,20.73,62.19
2347,799,20,4,366.22,1464.88
2348,800,93,1,450.31,450.31
2349,801,74,1,190.09,190.09
2350,801,180,2,22.83,45.66
2351,801,175,4,84.98,339.92
2352,801,148,2,69.78,139.56
2353,802,27,2,117.81,235.62
2354,803,7,1,113.23,113.23
2355,803,184,2,449.97,899.94
2356,803,33,2,336.74,673.48
2357,803,12,1,142.7,142.7
2358,803,190,2,432.98,865.96
2359,804,65,4,173.39,693.56
2360,805,10,1,352.16,352.16
2361,806,45,2,438.8,877.6
2362,807,93,1,450.31,450.31
2363,807,44,2,457.0,914.0
2364,807,24,3,443.3,1329.9
2365,808,132,1,291.69,291.69
2366,808,147,1,123.15,123.15
2367,808,200,3,178.08,534.24
2368,809,182,2,217.74,435.48
2369,809,80,4,123.53,494.12
2370,809,124,2,451.71,903.42
2371,810,128,4,478.87,1915.48
2372,810,9,2,103.42,206.84
2373,810,197,1,58.51,58.51
2374,810,194,4,402.11,1608.44
2375,810,61,1,431.09,431.09
2376,811,92,3,326.69,980.07
2377,811,34,4,468.64,1874.56
2378,811,57,4,397.08,1588.32
2379,811,23,2,415.56,831.12
2380,811,68,2,438.55,877.1
2381,812,121,2,484.65,969.3
2382,812,7,2,113.23,226.46
2383,812,17,1,55.59,55.59
2384,812,112,2,53.72,107.44
2385,813,198,3,430.0,1290.0
2386,813,49,4,74.12,296.48
2387,813,2,1,141.14,141.14
2388,814,42,1,403.5,403.5
2389,814,130,3,81.62,244.86
2390,814,12,2,142.7,285.4
2391,814,53,4,184.19,736.76
2392,814,133,2,35.17,70.34
2393,815,198,4,430.0,1720.0
2394,815,44,4,457.0,1828.0
2395,816,101,3,40.07,120.21
2396,817,24,4,443.3,1773.2
2397,817,84,1,384.09,384.09
2398,817,36,1,89.71,89.71
2399,818,191,1,441.3,441.3
2400,818,158,4,417.7,1670.8
2401,819,33,3,336.74,1010.22
2402,819,134,4,33.3,133.2
2403,819,78,2,60.37,120.74
2404,819,184,3,449.97,1349.91
2405,820,7,1,113.23,113.23
2406,820,188,2,487.05,974.1
2407,821,75,2,271.99,543.98
2408,821,90,1,104.57,104.57
2409,821,89,4,378.86,1515.44
2410,821,159,4,154.75,619.0
2411,822,118,4,224.35,897.4
2412,822,147,2,123.15,246.3
2413,823,80,3,123.53,370.59
2414,823,48,3,232.13,696.39
2415,824,148,1,69.78,69.78
2416,824,134,3,33.3,99.9
2417,824,56,2,80.66,161.32
2418,824,22,1,44.01,44.01
2419,824,120,4,499.64,1998.56
2420,825,163,3,469.77,1409.31
2421,825,187,2,442.65,885.3
2422,826,27,2,117.81,235.62
2423,826,67,1,6.61,6.61
2424,826,192,4,93.78,375.12
2425,826,83,4,408.93,1635.72
2426,826,66,2,220.21,440.42
2427,827,82,1,47.4,47.4
2428,827,146,4,336.51,1346.04
2429,827,54,2,257.22,514.44
2430,828,178,2,42.25,84.5
2431,828,16,1,478.82,478.82
2432,828,71,4,435.91,1743.64
2433,828,199,1,103.79,103.79
2434,828,42,1,403.5,403.5
2435,829,187,4,442.65,1770.6
2436,829,194,4,402.11,1608.44
2437,829,52,1,449.42,449.42
2438,829,154,4,255.41,1021.64
2439,830,77,2,165.46,330.92
2440,830,14,2,350.58,701.16
2441,830,40,3,343.88,1031.64
2442,830,196,3,83.8,251.4
2443,831,43,3,137.53,412.59
2444,831,179,2,452.44,904.88
2445,831,110,4,432.6,1730.4
2446,831,193,1,392.28,392.28
2447,832,175,2,84.98,169.96
2448,832,116,3,213.83,641.49
2449,832,95,4,36.69,146.76
2450,832,12,1,142.7,142.7
2451,833,182,1,217.74,217.74
2452,833,101,3,40.07,120.21
2453,833,67,4,6.61,26.44
2454,833,28,3,492.68,1478.04
2455,833,65,2,173.39,346.78
2456,834,147,3,123.15,369.45
2457,835,190,1,432.98,432.98
2458,835,89,3,378.86,1136.58
2459,835,28,3,492.68,1478.04
2460,835,74,2,190.09,380.18
2461,836,149,2,153.5,307.0
2462,836,99,2,34.14,68.28
2463,836,130,3,81.62,244.86
2464,836,139,2,339.23,678.46
2465,836,3,1,74.07,74.07
2466,837,18,3,52.87,158.61
2467,837,3,3,74.07,222.21
2468,838,161,1,409.47,409.47
2469,838,199,1,103.79,103.79
2470,838,154,3,255.41,766.23
2471,839,120,3,499.64,1498.92
2472,839,165,4,372.5,1490.0
2473,839,35,3,40.34,121.02
2474,839,90,1,104.57,104.57
2475,840,183,1,157.59,157.59
2476,841,186,1,55.88,55.88
2477,842,149,2,153.5,307.0
2478,842,23,2,415.56,831.12
2479,842,14,1,350.58,350.58
2480,842,176,3,278.08,834.24
2481,843,183,3,157.59,472.77
2482,843,49,4,74.12,296.48
2483,843,62,4,341.74,1366.96
2484,843,88,1,482.36,482.36
2485,844,129,3,332.63,997.89
2486,844,63,4,342.45,1369.8
2487,845,167,4,109.26,437.04
2488,845,144,4,284.79,1139.16
2489,845,153,3,41.26,123.78
2490,845,96,2,296.21,592.42
2491,846,45,4,438.8,1755.2
2492,846,172,3,415.53,1246.59
2493,847,48,3,232.13,696.39
2494,847,71,3,435.91,1307.73
2495,848,179,3,452.44,1357.32
2496,848,124,2,451.71,903.42
2497,848,173,2,6.76,13.52
2498,848,96,2,296.21,592.42
2499,848,151,2,9.61,19.22
2500,849,88,2,482.36,964.72
2501,849,181,4,293.34,1173.36
2502,849,185,3,342.62,1027.86
2503,849,191,3,441.3,1323.9
2504,849,155,2,466.96,933.92
2505,850,72,3,421.63,1264.89
2506,850,153,2,41.26,82.52
2507,850,40,3,343.88,1031.64
2508,851,148,3,69.78,209.34
2509,851,80,1,123.53,123.53
2510,851,157,1,146.07,146.07
2511,851,64,4,376.68,1506.72
2512,851,31,4,417.88,1671.52
2513,852,161,1,409.47,409.47
2514,852,168,3,105.78,317.34
2515,853,93,2,450.31,900.62
2516,853,36,4,89.71,358.84
2517,853,178,3,42.25,126.75
2518,854,72,2,421.63,843.26
2519,855,176,4,278.08,1112.32
2520,856,132,1,291.69,291.69
2521,856,151,3,9.61,28.83
2522,856,31,1,417.88,417.88
2523,857,178,2,42.25,84.5
2524,857,181,1,293.34,293.34
2525,857,19,1,303.84,303.84
2526,858,200,4,178.08,712.32
2527,858,150,2,464.86,929.72
2528,858,82,4,47.4,189.6
2529,858,79,3,439.97,1319.91
2530,858,120,1,499.64,499.64
2531,859,154,3,255.41,766.23
2532,859,120,4,499.64,1998.56
2533,859,124,3,451.71,1355.13
2534,859,1,1,60.11,60.11
2535,860,177,1,282.65,282.65
2536,860,58,2,300.22,600.44
2537,860,103,4,111.05,444.2
2538,860,182,4,217.74,870.96
2539,861,199,2,103.79,207.58
2540,861,44,1,457.0,457.0
2541,861,43,2,137.53,275.06
2542,861,21,2,66.79,133.58
2543,862,122,4,87.32,349.28
2544,863,174,2,320.37,640.74
2545,863,154,4,255.41,1021.64
2546,863,122,2,87.32,174.64
2547,863,166,2,139.81,279.62
2548,864,45,4,438.8,1755.2
2549,864,64,1,376.68,376.68
2550,864,66,3,220.21,660.63
2551,864,21,3,66.79,200.37
2552,864,62,4,341.74,1366.96
2553,865,43,1,137.53,137.53
2554,866,108,3,331.2,993.6
2555,867,55,1,379.11,379.11
2556,868,86,3,86.74,260.22
2557,868,117,4,234.0,936.0
2558,868,188,4,487.05,1948.2
2559,868,65,3,173.39,520.17
2560,868,175,4,84.98,339.92
2561,869,184,1,449.97,449.97
2562,869,177,3,282.65,847.95
2563,869,126,2,136.28,272.56
2564,869,51,1,374.77,374.77
2565,869,198,2,430.0,860.0
2566,870,119,2,53.46,106.92
2567,870,83,1,408.93,408.93
2568,870,162,3,466.22,1398.66
2569,871,79,3,439.97,1319.91
2570,872,110,2,432.6,865.2
2571,872,152,2,499.23,998.46
2572,872,117,1,234.0,234.0
2573,872,40,2,343.88,687.76
2574,872,151,3,9.61,28.83
2575,873,183,3,157.59,472.77
2576,873,131,1,112.76,112.76
2577,873,129,3,332.63,997.89
2578,874,177,4,282.65,1130.6
2579,874,163,4,469.77,1879.08
2580,874,75,3,271.99,815.97
2581,875,72,2,421.63,843.26
2582,875,39,2,345.64,691.28
2583,875,29,1,433.91,433.91
2584,875,152,4,499.23,1996.92
2585,875,53,4,184.19,736.76
2586,876,154,4,255.41,1021.64
2587,877,159,4,154.75,619.0
2588,877,109,3,214.67,644.01
2589,878,26,2,39.43,78.86
2590,879,64,3,376.68,1130.04
2591,879,200,2,178.08,356.16
2592,880,107,1,99.25,99.25
2593,881,119,2,53.46,106.92
2594,882,50,1,282.88,282.88
2595,882,21,3,66.79,200.37
2596,882,25,1,290.79,290.79
2597,882,145,1,467.68,467.68
2598,883,28,2,492.68,985.36
2599,884,30,1,142.6,142.6
2600,884,161,1,409.47,409.47
2601,884,77,2,165.46,330.92
2602,885,133,2,35.17,70.34
2603,885,144,2,284.79,569.58
2604,885,175,1,84.98,84.98
2605,886,157,2,146.07,292.14
2606,886,7,2,113.23,226.46
2607,886,134,3,33.3,99.9
2608,886,2,2,141.14,282.28
2609,886,152,1,499.23,499.23
2610,887,12,4,142.7,570.8
2611,887,122,3,87.32,261.96
2612,887,139,2,339.23,678.46
2613,887,126,4,136.28,545.12
2614,887,99,1,34.14,34.14
2615,888,32,2,188.24,376.48
2616,888,136,2,82.93,165.86
2617,888,31,4,417.88,1671.52
2618,888,6,1,20.73,20.73
2619,889,6,2,20.73,41.46
2620,889,191,4,441.3,1765.2
2621,889,22,3,44.01,132.03
2622,889,133,3,35.17,105.51
2623,889,157,1,146.07,146.07
2624,890,152,3,499.23,1497.69
2625,890,190,4,432.98,1731.92
2626,890,147,3,123.15,369.45
2627,890,174,4,320.37,1281.48
2628,891,57,2,397.08,794.16
2629,891,11,1,114.12,114.12
2630,891,170,4,246.82,987.28
2631,891,16,3,478.82,1436.46
2632,892,81,4,439.61,1758.44
2633,893,183,2,157.59,315.18
2634,894,172,1,415.53,415.53
2635,894,94,3,64.9,194.7
2636,895,27,2,117.81,235.62
2637,896,140,3,204.87,614.61
2638,896,11,4,114.12,456.48
2639,896,93,3,450.31,1350.93
2640,896,129,4,332.63,1330.52
2641,896,53,4,184.19,736.76
2642,897,75,1,271.99,271.99
2643,897,17,1,55.59,55.59
2644,897,172,3,415.53,1246.59
2645,897,189,4,81.5,326.0
2646,898,104,1,363.06,363.06
2647,899,46,1,110.25,110.25
2648,899,91,2,202.5,405.0
2649,899,36,4,89.71,358.84
2650,899,50,3,282.88,848.64
2651,900,84,4,384.09,1536.36
2652,901,49,3,74.12,222.36
2653,901,65,3,173.39,520.17
2654,901,200,1,178.08,178.08
2655,901,113,1,365.47,365.47
2656,902,160,4,266.83,1067.32
2657,902,43,3,137.53,412.59
2658,902,99,4,34.14,136.56
2659,902,188,4,487.05,1948.2
2660,903,5,3,48.03,144.09
2661,903,101,2,40.07,80.14
2662,903,182,4,217.74,870.96
2663,903,168,4,105.78,423.12
2664,903,177,2,282.65,565.3
2665,904,151,4,9.61,38.44
2666,905,198,2,430.0,860.0
2667,905,106,1,393.39,393.39
2668,905,174,4,320.37,1281.48
2669,905,114,3,128.08,384.24
2670,906,111,3,338.32,1014.96
2671,906,69,3,486.08,1458.24
2672,906,152,3,499.23,1497.69
2673,906,74,1,190.09,190.09
2674,906,96,1,296.21,296.21
2675,907,111,1,338.32,338.32
2676,907,142,3,24.67,74.01
2677,907,161,4,409.47,1637.88
2678,908,50,3,282.88,848.64
2679,908,187,1,442.65,442.65
2680,908,125,2,192.59,385.18
2681,908,182,2,217.74,435.48
2682,909,31,3,417.88,1253.64
2683,910,186,3,55.88,167.64
2684,910,7,1,113.23,113.23
2685,910,157,4,146.07,584.28
2686,910,131,4,112.76,451.04
2687,910,121,4,484.65,1938.6
2688,911,112,1,53.72,53.72
2689,911,185,3,342.62,1027.86
2690,911,189,4,81.5,326.0
2691,911,11,4,114.12,456.48
2692,911,106,3,393.39,1180.17
2693,912,77,2,165.46,330.92
2694,913,157,3,146.07,438.21
2695,913,77,3,165.46,496.38
2696,914,192,2,93.78,187.56
2697,914,9,3,103.42,310.26
2698,914,66,3,220.21,660.63
2699,914,45,1,438.8,438.8
2700,914,19,3,303.84,911.52
2701,915,46,1,110.25,110.25
2702,915,14,1,350.58,350.58
2703,915,189,3,81.5,244.5
2704,915,147,3,123.15,369.45
2705,915,102,1,142.85,142.85
2706,916,70,2,256.3,512.6
2707,916,162,3,466.22,1398.66
2708,916,196,1,83.8,83.8
2709,916,55,3,379.11,1137.33
2710,917,142,3,24.67,74.01
2711,917,51,2,374.77,749.54
2712,917,184,4,449.97,1799.88
2713,917,176,4,278.08,1112.32
2714,917,152,3,499.23,1497.69
2715,918,47,2,200.84,401.68
2716,919,183,4,157.59,630.36
2717,919,127,1,146.2,146.2
2718,919,158,2,417.7,835.4
2719,920,162,3,466.22,1398.66
2720,920,179,4,452.44,1809.76
2721,921,170,4,246.82,987.28
2722,921,165,3,372.5,1117.5
2723,922,164,2,135.91,271.82
2724,922,187,4,442.65,1770.6
2725,922,106,2,393.39,786.78
2726,922,51,1,374.77,374.77
2727,922,128,2,478.87,957.74
2728,923,99,4,34.14,136.56
2729,923,189,4,81.5,326.0
2730,923,36,4,89.71,358.84
2731,923,148,1,69.78,69.78
2732,924,174,3,320.37,961.11
2733,925,132,4,291.69,1166.76
2734,926,58,3,300.22,900.66
2735,926,17,1,55.59,55.59
2736,926,35,4,40.34,161.36
2737,927,119,2,53.46,106.92
2738,927,26,2,39.43,78.86
2739,927,61,1,431.09,431.09
2740,927,53,1,184.19,184.19
2741,928,54,1,257.22,257.22
2742,928,165,2,372.5,745.0
2743,928,81,1,439.61,439.61
2744,928,26,3,39.43,118.29
2745,929,75,4,271.99,1087.96
2746,929,186,2,55.88,111.76
2747,930,125,4,192.59,770.36
2748,930,69,4,486.08,1944.32
2749,930,73,3,306.44,919.32
2750,931,124,3,451.71,1355.13
2751,932,67,2,6.61,13.22
2752,932,176,3,278.08,834.24
2753,932,44,4,457.0,1828.0
2754,933,28,1,492.68,492.68
2755,934,44,3,457.0,1371.0
2756,934,170,4,246.82,987.28
2757,935,66,2,220.21,440.42
2758,936,12,3,142.7,428.1
2759,936,117,1,234.0,234.0
2760,936,150,2,464.86,929.72
2761,937,132,3,291.69,875.07
2762,937,20,4,366.22,1464.88
2763,937,190,1,432.98,432.98
2764,937,128,3,478.87,1436.61
2765,938,165,4,372.5,1490.0
2766,938,174,3,320.37,961.11
2767,938,144,4,284.79,1139.16
2768,938,132,1,291.69,291.69
2769,939,44,4,457.0,1828.0
2770,939,10,3,352.16,1056.48
2771,939,72,4,421.63,1686.52
2772,940,31,4,417.88,1671.52
2773,940,137,2,44.66,89.32
2774,941,17,1,55.59,55.59
2775,941,91,1,202.5,202.5
2776,941,113,2,365.47,730.94
2777,942,137,4,44.66,178.64
2778,942,159,3,154.75,464.25
2779,942,13,4,380.61,1522.44
2780,942,78,4,60.37,241.48
2781,942,109,2,214.67,429.34
2782,943,20,2,366.22,732.44
2783,943,46,1,110.25,110.25
2784,943,165,4,372.5,1490.0
2785,944,189,2,81.5,163.0
2786,944,97,1,296.28,296.28
2787,944,161,1,409.47,409.47
2788,944,69,2,486.08,972.16
2789,944,71,1,435.91,435.91
2790,945,152,4,499.23,1996.92
2791,946,135,1,241.01,241.01
2792,946,13,3,380.61,1141.83
2793,947,195,4,406.32,1625.28
2794,947,200,4,178.08,712.32
2795,947,76,4,459.65,1838.6
2796,947,107,1,99.25,99.25
2797,947,141,2,126.88,253.76
2798,948,63,4,342.45,1369.8
2799,948,32,4,188.24,752.96
2800,948,33,2,336.74,673.48
2801,949,154,2,255.41,510.82
2802,949,65,4,173.39,693.56
2803,949,145,2,467.68,935.36
2804,950,80,3,123.53,370.59
2805,950,79,2,439.97,879.94
2806,950,60,4,266.91,1067.64
2807,951,168,1,105.78,105.78
2808,952,45,2,438.8,877.6
2809,952,15,4,142.55,570.2
2810,952,93,4,450.31,1801.24
2811,952,113,3,365.47,1096.41
2812,953,53,3,184.19,552.57
2813,954,68,1,438.55,438.55
2814,954,117,1,234.0,234.0
2815,954,19,3,303.84,911.52
2816,954,70,4,256.3,1025.2
2817,954,101,3,40.07,120.21
2818,955,3,1,74.07,74.07
2819,955,100,2,453.18,906.36
2820,955,160,3,266.83,800.49
2821,955,162,2,466.22,932.44
2822,955,13,4,380.61,1522.44
2823,956,54,3,257.22,771.66
2824,957,151,1,9.61,9.61
2825,957,47,3,200.84,602.52
2826,957,111,1,338.32,338.32
2827,958,112,4,53.72,214.88
2828,958,56,3,80.66,241.98
2829,958,57,3,397.08,1191.24
2830,959,36,3,89.71,269.13
2831,959,192,4,93.78,375.12
2832,959,112,2,53.72,107.44
2833,959,64,3,376.68,1130.04
2834,959,17,4,55.59,222.36
2835,960,72,2,421.63,843.26
2836,961,4,4,339.97,1359.88
2837,962,67,1,6.61,6.61
2838,962,57,4,397.08,1588.32
2839,962,61,1,431.09,431.09
2840,962,159,4,154.75,619.0
2841,963,27,4,117.81,471.24
2842,963,152,1,499.23,499.23
2843,963,170,2,246.82,493.64
2844,963,110,1,432.6,432.6
2845,964,169,2,427.19,854.38
2846,964,172,3,415.53,1246.59
2847,965,138,1,38.92,38.92
2848,965,60,2,266.91,533.82
2849,965,29,4,433.91,1735.64
2850,965,176,1,278.08,278.08
2851,965,127,2,146.2,292.4
2852,966,90,3,104.57,313.71
2853,967,181,1,293.34,293.34
2854,967,10,3,352.16,1056.48
2855,967,142,2,24.67,49.34
2856,968,196,3,83.8,251.4
2857,968,165,1,372.5,372.5
2858,968,135,3,241.01,723.03
2859,968,91,1,202.5,202.5
2860,969,94,2,64.9,129.8
2861,969,156,2,440.24,880.48
2862,969,144,1,284.79,284.79
2863,970,125,4,192.59,770.36
2864,971,182,4,217.74,870.96
2865,971,19,1,303.84,303.84
2866,972,53,4,184.19,736.76
2867,972,12,3,142.7,428.1
2868,972,179,2,452.44,904.88
2869,972,75,1,271.99,271.99
2870,973,146,2,336.51,673.02
2871,973,87,3,436.85,1310.55
2872,973,123,1,243.27,243.27
2873,974,176,4,278.08,1112.32
2874,974,60,4,266.91,1067.64
2875,974,41,3,118.38,355.14
2876,974,158,4,417.7,1670.8
2877,975,179,2,452.44,904.88
2878,975,159,4,154.75,619.0
2879,975,89,4,378.86,1515.44
2880,975,178,1,42.25,42.25
2881,975,177,1,282.65,282.65
2882,976,153,2,41.26,82.52
2883,976,150,4,464.86,1859.44
2884,977,5,4,48.03,192.12
2885,977,8,4,303.0,1212.0
2886,977,154,1,255.41,255.41
2887,978,47,2,200.84,401.68
2888,978,155,4,466.96,1867.84
2889,978,195,3,406.32,1218.96
2890,979,144,1,284.79,284.79
2891,980,92,3,326.69,980.07
2892,980,54,3,257.22,771.66
2893,980,150,3,464.86,1394.58
2894,980,173,1,6.76,6.76
2895,981,31,2,417.88,835.76
2896,981,148,4,69.78,279.12
2897,982,36,4,89.71,358.84
2898,982,191,4,441.3,1765.2
2899,982,166,3,139.81,419.43
2900,983,157,2,146.07,292.14
2901,983,110,1,432.6,432.6
2902,984,172,1,415.53,415.53
2903,984,115,1,270.46,270.46
2904,984,16,4,478.82,1915.28
2905,984,80,1,123.53,123.53
2906,985,58,4,300.22,1200.88
2907,985,164,4,135.91,543.64
2908,985,142,3,24.67,74.01
2909,985,12,3,142.7,428.1
2910,986,149,1,153.5,153.5
2911,986,81,2,439.61,879.22
2912,986,93,2,450.31,900.62
2913,987,31,1,417.88,417.88
2914,987,148,2,69.78,139.56
2915,988,49,2,74.12,148.24
2916,988,106,1,393.39,393.39
2917,988,82,3,47.4,142.2
2918,988,105,4,290.22,1160.88
2919,989,50,2,282.88,565.76
2920,990,172,4,415.53,1662.12
2921,990,51,1,374.77,374.77
2922,990,47,4,200.84,803.36
2923,990,5,2,48.03,96.06
2924,991,100,3,453.18,1359.54
2925,992,36,4,89.71,358.84
2926,992,4,3,339.97,1019.91
2927,992,177,1,282.65,282.65
2928,992,32,4,188.24,752.96
2929,993,86,1,86.74,86.74
2930,993,31,1,417.88,417.88
2931,994,64,4,376.68,1506.72
2932,994,106,4,393.39,1573.56
2933,994,142,1,24.67,24.67
2934,995,92,4,326.69,1306.76
2935,995,50,1,282.88,282.88
2936,995,131,2,112.76,225.52
2937,995,133,3,35.17,105.51
2938,996,20,2,366.22,732.44
2939,996,144,2,284.79,569.58
2940,996,164,3,135.91,407.73
2941,996,50,4,282.88,1131.52
2942,997,93,3,450.31,1350.93
2943,997,168,4,105.78,423.12
2944,997,161,2,409.47,818.94
2945,997,182,2,217.74,435.48
2946,998,70,2,256.3,512.6
2947,998,173,2,6.76,13.52
2948,998,168,2,105.78,211.56
2949,998,64,2,376.68,753.36
2950,999,18,3,52.87,158.61
2951,999,114,2,128.08,256.16
2952,999,156,2,440.24,880.48
2953,999,80,1,123.53,123.53
2954,1000,135,2,241.01,482.02
2955,1000,163,2,469.77,939.54
2956,1000,75,1,271.99,271.99
2957,1001,155,2,466.96,933.92
2958,1001,186,1,55.88,55.88
2959,1001,90,2,104.57,209.14
2960,1001,74,4,190.09,760.36
2961,1001,57,3,397.08,1191.24
2962,1002,179,3,452.44,1357.32
2963,1002,128,2,478.87,957.74
2964,1002,160,1,266.83,266.83
2965,1002,175,1,84.98,84.98
2966,1002,35,4,40.34,161.36
2967,1003,82,1,47.4,47.4
2968,1004,148,1,69.78,69.78
2969,1004,139,2,339.23,678.46
2970,1005,111,4,338.32,1353.28
2971,1005,143,1,212.52,212.52
2972,1005,105,2,290.22,580.44
2973,1005,200,3,178.08,534.24
2974,1006,43,4,137.53,550.12
2975,1006,166,4,139.81,559.24
2976,1007,157,3,146.07,438.21
2977,1007,139,2,339.23,678.46
2978,1007,190,1,432.98,432.98
2979,1008,106,2,393.39,786.78
2980,1008,86,2,86.74,173.48
2981,1008,146,4,336.51,1346.04
2982,1009,116,4,213.83,855.32
2983,1009,164,4,135.91,543.64
2984,1009,56,3,80.66,241.98
2985,1009,55,1,379.11,379.11
2986,1010,21,1,66.79,66.79
2987,1010,155,1,466.96,466.96
2988,1010,128,3,478.87,1436.61
2989,1010,157,3,146.07,438.21
2990,1010,11,4,114.12,456.48
2991,1011,186,2,55.88,111.76
2992,1012,53,4,184.19,736.76
2993,1012,84,3,384.09,1152.27
2994,1012,64,3,376.68,1130.04
2995,1012,58,3,300.22,900.66
2996,1013,97,4,296.28,1185.12
2997,1013,147,2,123.15,246.3
2998,1013,45,4,438.8,1755.2
2999,1013,173,3,6.76,20.28
3000,1014,182,1,217.74,217.74
3001,1014,191,1,441.3,441.3
3002,1014,179,3,452.44,1357.32
3003,1015,156,3,440.24,1320.72
3004,1015,116,2,213.83,427.66
3005,1015,12,1,142.7,142.7
3006,1015,64,3,376.68,1130.04
3007,1015,65,3,173.39,520.17
3008,1016,145,3,467.68,1403.04
3009,1016,60,2,266.91,533.82
3010,1016,159,3,154.75,464.25
3011,1016,10,4,352.16,1408.64
3012,1016,174,1,320.37,320.37
3013,1017,45,3,438.8,1316.4
3014,1017,40,1,343.88,343.88
3015,1017,81,1,439.61,439.61
3016,1018,33,1,336.74,336.74
3017,1018,112,4,53.72,214.88
3018,1018,119,3,53.46,160.38
3019,1018,123,2,243.27,486.54
3020,1018,157,2,146.07,292.14
3021,1019,128,2,478.87,957.74
3022,1019,32,1,188.24,188.24
3023,1019,74,3,190.09,570.27
3024,1019,133,2,35.17,70.34
3025,1020,28,4,492.68,1970.72
3026,1020,147,1,123.15,123.15
3027,1020,165,1,372.5,372.5
3028,1020,104,1,363.06,363.06
3029,1021,69,4,486.08,1944.32
3030,1021,185,1,342.62,342.62
3031,1022,70,4,256.3,1025.2
3032,1022,182,3,217.74,653.22
3033,1022,45,4,438.8,1755.2
3034,1022,35,4,40.34,161.36
3035,1022,152,4,499.23,1996.92
3036,1023,158,2,417.7,835.4
3037,1023,175,2,84.98,169.96
3038,1023,82,2,47.4,94.8
3039,1023,67,4,6.61,26.44
3040,1024,44,4,457.0,1828.0
3041,1024,35,4,40.34,161.36
3042,1025,3,4,74.07,296.28
3043,1026,177,2,282.65,565.3
3044,1027,159,3,154.75,464.25
3045,1027,67,4,6.61,26.44
3046,1027,93,1,450.31,450.31
3047,1028,15,3,142.55,427.65
3048,1029,94,1,64.9,64.9
3049,1030,164,4,135.91,543.64
3050,1030,58,3,300.22,900.66
3051,1030,127,4,146.2,584.8
3052,1030,171,3,50.69,152.07
3053,1031,142,4,24.67,98.68
3054,1031,118,4,224.35,897.4
3055,1032,87,4,436.85,1747.4
3056,1033,117,1,234.0,234.0
3057,1033,21,4,66.79,267.16
3058,1033,94,3,64.9,194.7
3059,1034,181,3,293.34,880.02
3060,1035,73,1,306.44,306.44
3061,1035,193,2,392.28,784.56
3062,1036,38,2,192.83,385.66
3063,1037,53,4,184.19,736.76
3064,1037,117,1,234.0,234.0
3065,1038,137,1,44.66,44.66
3066,1038,28,4,492.68,1970.72
3067,1038,7,1,113.23,113.23
3068,1038,185,3,342.62,1027.86
3069,1038,4,4,339.97,1359.88
3070,1039,148,3,69.78,209.34
3071,1039,3,1,74.07,74.07
3072,1039,12,1,142.7,142.7
3073,1039,33,1,336.74,336.74
3074,1040,113,3,365.47,1096.41
3075,1040,174,1,320.37,320.37
3076,1041,180,1,22.83,22.83
3077,1041,101,3,40.07,120.21
3078,1042,12,4,142.7,570.8
3079,1042,185,1,342.62,342.62
3080,1042,48,3,232.13,696.39
3081,1043,55,4,379.11,1516.44
3082,1043,50,1,282.88,282.88
3083,1043,157,1,146.07,146.07
3084,1044,88,4,482.36,1929.44
3085,1044,61,1,431.09,431.09
3086,1044,178,3,42.25,126.75
3087,1044,117,1,234.0,234.0
3088,1045,169,4,427.19,1708.76
3089,1046,167,3,109.26,327.78
3090,1047,178,2,42.25,84.5
3091,1047,12,3,142.7,428.1
3092,1048,191,2,441.3,882.6
3093,1048,155,2,466.96,933.92
3094,1048,40,3,343.88,1031.64
3095,1048,62,2,341.74,683.48
3096,1048,4,2,339.97,679.94
3097,1049,172,1,415.53,415.53
3098,1050,29,1,433.91,433.91
3099,1050,33,1,336.74,336.74
3100,1051,1,3,60.11,180.33
3101,1051,167,2,109.26,218.52
3102,1051,121,3,484.65,1453.95
3103,1051,68,1,438.55,438.55
3104,1052,114,1,128.08,128.08
3105,1052,155,4,466.96,1867.84
3106,1052,170,1,246.82,246.82
3107,1053,164,2,135.91,271.82
3108,1053,97,3,296.28,888.84
3109,1053,138,3,38.92,116.76
3110,1053,155,3,466.96,1400.88
3111,1054,106,3,393.39,1180.17
3112,1054,143,2,212.52,425.04
3113,1054,151,4,9.61,38.44
3114,1055,75,4,271.99,1087.96
3115,1056,90,4,104.57,418.28
3116,1056,187,4,442.65,1770.6
3117,1056,158,1,417.7,417.7
3118,1056,35,1,40.34,40.34
3119,1057,25,3,290.79,872.37
3120,1058,42,2,403.5,807.0
3121,1058,51,1,374.77,374.77
3122,1058,80,1,123.53,123.53
3123,1058,81,4,439.61,1758.44
3124,1059,37,2,126.18,252.36
3125,1060,164,2,135.91,271.82
3126,1060,78,1,60.37,60.37
3127,1060,47,3,200.84,602.52
3128,1061,153,1,41.26,41.26
3129,1061,100,3,453.18,1359.54
3130,1061,74,4,190.09,760.36
3131,1062,120,2,499.64,999.28
3132,1063,66,4,220.21,880.84
3133,1063,200,2,178.08,356.16
3134,1063,155,2,466.96,933.92
3135,1063,22,2,44.01,88.02
3136,1063,8,1,303.0,303.0
3137,1064,16,3,478.82,1436.46
3138,1064,34,2,468.64,937.28
3139,1065,144,1,284.79,284.79
3140,1065,99,3,34.14,102.42
3141,1066,52,4,449.42,1797.68
3142,1067,142,4,24.67,98.68
3143,1067,108,4,331.2,1324.8
3144,1067,7,3,113.23,339.69
3145,1068,183,3,157.59,472.77
3146,1068,66,1,220.21,220.21
3147,1068,32,2,188.24,376.48
3148,1068,45,1,438.8,438.8
3149,1069,127,1,146.2,146.2
3150,1069,77,4,165.46,661.84
3151,1069,38,2,192.83,385.66
3152,1070,9,4,103.42,413.68
3153,1070,138,1,38.92,38.92
3154,1071,126,1,136.28,136.28
3155,1071,40,1,343.88,343.88
3156,1071,82,1,47.4,47.4
3157,1072,119,3,53.46,160.38
3158,1072,166,3,139.81,419.43
3159,1072,164,2,135.91,271.82
3160,1072,177,1,282.65,282.65
3161,1072,8,4,303.0,1212.0
3162,1073,109,2,214.67,429.34
3163,1073,83,1,408.93,408.93
3164,1073,51,4,374.77,1499.08
3165,1074,7,1,113.23,113.23
3166,1075,181,1,293.34,293.34
3167,1075,110,4,432.6,1730.4
3168,1076,86,1,86.74,86.74
3169,1077,176,4,278.08,1112.32
3170,1077,191,4,441.3,1765.2
3171,1077,80,1,123.53,123.53
3172,1078,3,1,74.07,74.07
3173,1078,70,4,256.3,1025.2
3174,1078,161,4,409.47,1637.88
3175,1078,44,4,457.0,1828.0
3176,1078,154,4,255.41,1021.64
3177,1079,103,4,111.05,444.2
3178,1080,147,1,123.15,123.15
3179,1081,180,2,22.83,45.66
3180,1081,159,2,154.75,309.5
3181,1081,36,3,89.71,269.13
3182,1081,70,3,256.3,768.9
3183,1081,66,4,220.21,880.84
3184,1082,183,2,157.59,315.18
3185,1082,146,2,336.51,673.02
3186,1083,75,4,271.99,1087.96
3187,1083,93,3,450.31,1350.93
3188,1083,104,3,363.06,1089.18
3189,1083,188,2,487.05,974.1
3190,1083,135,2,241.01,482.02
3191,1084,14,3,350.58,1051.74
3192,1084,161,1,409.47,409.47
3193,1084,24,2,443.3,886.6
3194,1085,55,3,379.11,1137.33
3195,1085,12,2,142.7,285.4
3196,1085,119,2,53.46,106.92
3197,1085,99,2,34.14,68.28
3198,1086,174,3,320.37,961.11
3199,1086,73,3,306.44,919.32
3200,1086,108,3,331.2,993.6
3201,1086,92,4,326.69,1306.76
3202,1087,44,4,457.0,1828.0
3203,1088,139,4,339.23,1356.92
3204,1088,190,2,432.98,865.96
3205,1089,65,2,173.39,346.78
3206,1089,97,4,296.28,1185.12
3207,1089,67,2,6.61,13.22
3208,1089,112,1,53.72,53.72
3209,1090,45,1,438.8,438.8
3210,1091,8,3,303.0,909.0
3211,1091,142,1,24.67,24.67
3212,1091,101,1,40.07,40.07
3213,1091,131,2,112.76,225.52
3214,1091,43,2,137.53,275.06
3215,1092,122,3,87.32,261.96
3216,1092,182,2,217.74,435.48
3217,1093,115,1,270.46,270.46
3218,1093,43,1,137.53,137.53
3219,1093,187,2,442.65,885.3
3220,1094,122,2,87.32,174.64
3221,1094,56,3,80.66,241.98
3222,1094,108,4,331.2,1324.8
3223,1095,137,4,44.66,178.64
3224,1095,57,1,397.08,397.08
3225,1096,80,2,123.53,247.06
3226,1096,176,4,278.08,1112.32
3227,1097,22,1,44.01,44.01
3228,1097,50,2,282.88,565.76
3229,1098,163,2,469.77,939.54
3230,1098,101,1,40.07,40.07
3231,1098,1,3,60.11,180.33
3232,1099,163,1,469.77,469.77
3233,1099,73,4,306.44,1225.76
3234,1100,181,4,293.34,1173.36
3235,1100,197,3,58.51,175.53
3236,1100,18,4,52.87,211.48
3237,1100,65,4,173.39,693.56
3238,1100,116,2,213.83,427.66
3239,1101,133,4,35.17,140.68
3240,1101,48,3,232.13,696.39
3241,1101,2,4,141.14,564.56
3242,1101,84,1,384.09,384.09
3243,1102,62,2,341.74,683.48
3244,1102,2,4,141.14,564.56
3245,1102,56,2,80.66,161.32
3246,1102,41,3,118.38,355.14
3247,1103,183,3,157.59,472.77
3248,1103,81,1,439.61,439.61
3249,1103,100,2,453.18,906.36
3250,1104,121,1,484.65,484.65
3251,1104,93,4,450.31,1801.24
3252,1105,50,4,282.88,1131.52
3253,1105,118,4,224.35,897.4
3254,1105,92,4,326.69,1306.76
3255,1105,146,3,336.51,1009.53
3256,1106,30,2,142.6,285.2
3257,1107,124,1,451.71,451.71
3258,1107,146,3,336.51,1009.53
3259,1107,96,1,296.21,296.21
3260,1108,126,1,136.28,136.28
3261,1109,62,2,341.74,683.48
3262,1109,6,3,20.73,62.19
3263,1109,134,3,33.3,99.9
3264,1110,39,2,345.64,691.28
3265,1110,3,3,74.07,222.21
3266,1111,77,4,165.46,661.84
3267,1111,193,4,392.28,1569.12
3268,1111,2,1,141.14,141.14
3269,1112,149,2,153.5,307.0
3270,1112,179,2,452.44,904.88
3271,1112,190,2,432.98,865.96
3272,1112,130,4,81.62,326.48
3273,1113,67,3,6.61,19.83
3274,1113,109,1,214.67,214.67
3275,1113,98,3,40.14,120.42
3276,1113,2,2,141.14,282.28
3277,1114,192,4,93.78,375.12
3278,1114,34,4,468.64,1874.56
3279,1115,39,2,345.64,691.28
3280,1115,8,3,303.0,909.0
3281,1115,93,1,450.31,450.31
3282,1115,65,4,173.39,693.56
3283,1115,78,3,60.37,181.11
3284,1116,60,3,266.91,800.73
3285,1116,73,3,306.44,919.32
3286,1116,91,1,202.5,202.5
3287,1116,49,1,74.12,74.12
3288,1117,98,4,40.14,160.56
3289,1117,146,4,336.51,1346.04
3290,1117,110,2,432.6,865.2
3291,1117,153,4,41.26,165.04
3292,1117,200,1,178.08,178.08
3293,1118,66,3,220.21,660.63
3294,1119,114,2,128.08,256.16
3295,1120,200,4,178.08,712.32
3296,1121,51,3,374.77,1124.31
3297,1121,125,2,192.59,385.18
3298,1121,172,2,415.53,831.06
3299,1121,197,3,58.51,175.53
3300,1122,93,3,450.31,1350.93
3301,1123,172,4,415.53,1662.12
3302,1123,2,2,141.14,282.28
3303,1123,130,1,81.62,81.62
3304,1123,32,2,188.24,376.48
3305,1124,9,2,103.42,206.84
3306,1124,25,2,290.79,581.58
3307,1124,51,2,374.77,749.54
3308,1124,153,3,41.26,123.78
3309,1125,80,3,123.53,370.59
3310,1125,185,2,342.62,685.24
3311,1126,97,2,296.28,592.56
3312,1126,51,1,374.77,374.77
3313,1126,181,2,293.34,586.68
3314,1127,8,2,303.0,606.0
3315,1127,54,3,257.22,771.66
3316,1127,81,4,439.61,1758.44
3317,1127,198,4,430.0,1720.0
3318,1127,136,4,82.93,331.72
3319,1128,58,4,300.22,1200.88
3320,1128,79,3,439.97,1319.91
3321,1128,38,3,192.83,578.49
3322,1129,185,2,342.62,685.24
3323,1129,138,2,38.92,77.84
3324,1129,146,4,336.51,1346.04
3325,1129,72,4,421.63,1686.52
3326,1130,2,1,141.14,141.14
3327,1130,43,4,137.53,550.12
3328,1130,195,1,406.32,406.32
3329,1130,188,2,487.05,974.1
3330,1130,141,2,126.88,253.76
3331,1131,164,2,135.91,271.82
3332,1132,23,1,415.56,415.56
3333,1132,104,1,363.06,363.06
3334,1132,96,3,296.21,888.63
3335,1133,119,1,53.46,53.46
3336,1133,42,4,403.5,1614.0
3337,1134,124,3,451.71,1355.13
3338,1134,139,4,339.23,1356.92
3339,1134,143,2,212.52,425.04
3340,1134,116,4,213.83,855.32
3341,1135,190,3,432.98,1298.94
3342,1135,16,4,478.82,1915.28
3343,1136,83,2,408.93,817.86
3344,1136,193,4,392.28,1569.12
3345,1136,91,2,202.5,405.0
3346,1136,8,4,303.0,1212.0
3347,1136,64,3,376.68,1130.04
3348,1137,144,1,284.79,284.79
3349,1137,42,2,403.5,807.0
3350,1137,164,3,135.91,407.73
3351,1137,31,1,417.88,417.88
3352,1137,70,4,256.3,1025.2
3353,1138,65,2,173.39,346.78
3354,1138,110,4,432.6,1730.4
3355,1138,175,3,84.98,254.94
3356,1139,40,2,343.88,687.76
3357,1139,136,4,82.93,331.72
3358,1139,190,1,432.98,432.98
3359,1139,114,1,128.08,128.08
3360,1139,30,4,142.6,570.4
3361,1140,26,1,39.43,39.43
3362,1140,83,1,408.93,408.93
3363,1140,174,4,320.37,1281.48
3364,1140,144,2,284.79,569.58
3365,1140,152,2,499.23,998.46
3366,1141,86,1,86.74,86.74
3367,1142,100,1,453.18,453.18
3368,1142,119,2,53.46,106.92
3369,1143,100,1,453.18,453.18
3370,1143,89,4,378.86,1515.44
3371,1144,108,2,331.2,662.4
3372,1144,192,2,93.78,187.56
3373,1144,112,4,53.72,214.88
3374,1145,89,3,378.86,1136.58
3375,1146,169,1,427.19,427.19
3376,1146,59,4,193.9,775.6
3377,1146,30,2,142.6,285.2
3378,1147,167,3,109.26,327.78
3379,1147,137,1,44.66,44.66
3380,1147,142,1,24.67,24.67
3381,1147,147,2,123.15,246.3
3382,1147,144,4,284.79,1139.16
3383,1148,75,2,271.99,543.98
3384,1149,7,2,113.23,226.46
3385,1149,168,3,105.78,317.34
3386,1149,91,2,202.5,405.0
3387,1149,183,3,157.59,472.77
3388,1150,26,4,39.43,157.72
3389,1151,175,1,84.98,84.98
3390,1151,183,2,157.59,315.18
3391,1151,107,1,99.25,99.25
3392,1151,182,1,217.74,217.74
3393,1151,23,3,415.56,1246.68
3394,1152,133,1,35.17,35.17
3395,1152,43,1,137.53,137.53
3396,1152,199,2,103.79,207.58
3397,1152,61,3,431.09,1293.27
3398,1152,183,4,157.59,630.36
3399,1153,147,1,123.15,123.15
3400,1153,65,2,173.39,346.78
3401,1154,49,2,74.12,148.24
3402,1154,193,3,392.28,1176.84
3403,1154,137,3,44.66,133.98
3404,1155,98,4,40.14,160.56
3405,1155,125,3,192.59,577.77
3406,1155,139,1,339.23,339.23
3407,1155,150,2,464.86,929.72
3408,1155,134,3,33.3,99.9
3409,1156,174,2,320.37,640.74
3410,1156,189,4,81.5,326.0
3411,1157,131,1,112.76,112.76
3412,1158,156,2,440.24,880.48
3413,1159,67,2,6.61,13.22
3414,1159,63,2,342.45,684.9
3415,1159,77,1,165.46,165.46
3416,1159,124,4,451.71,1806.84
3417,1159,184,4,449.97,1799.88
3418,1160,61,4,431.09,1724.36
3419,1160,57,2,397.08,794.16
3420,1161,79,4,439.97,1759.88
3421,1161,139,2,339.23,678.46
3422,1161,142,3,24.67,74.01
3423,1161,32,4,188.24,752.96
3424,1161,22,1,44.01,44.01
3425,1162,34,4,468.64,1874.56
3426,1162,83,4,408.93,1635.72
3427,1162,175,4,84.98,339.92
3428,1162,76,2,459.65,919.3
3429,1163,142,1,24.67,24.67
3430,1163,21,3,66.79,200.37
3431,1163,151,2,9.61,19.22
3432,1163,76,2,459.65,919.3
3433,1164,31,3,417.88,1253.64
3434,1164,127,4,146.2,584.8
3435,1164,191,4,441.3,1765.2
3436,1164,168,1,105.78,105.78
3437,1165,40,2,343.88,687.76
3438,1165,86,2,86.74,173.48
3439,1166,102,4,142.85,571.4
3440,1166,106,4,393.39,1573.56
3441,1166,14,4,350.58,1402.32
3442,1166,71,3,435.91,1307.73
3443,1167,174,1,320.37,320.37
3444,1167,50,1,282.88,282.88
3445,1167,15,4,142.55,570.2
3446,1167,135,2,241.01,482.02
3447,1168,168,4,105.78,423.12
3448,1168,52,3,449.42,1348.26
3449,1168,33,1,336.74,336.74
3450,1169,157,2,146.07,292.14
3451,1169,189,4,81.5,326.0
3452,1170,23,2,415.56,831.12
3453,1171,76,2,459.65,919.3
3454,1171,13,2,380.61,761.22
3455,1171,90,1,104.57,104.57
3456,1172,66,1,220.21,220.21
3457,1172,60,2,266.91,533.82
3458,1172,188,4,487.05,1948.2
3459,1172,187,2,442.65,885.3
3460,1173,184,4,449.97,1799.88
3461,1173,101,3,40.07,120.21
3462,1173,86,4,86.74,346.96
3463,1173,159,1,154.75,154.75
3464,1173,134,1,33.3,33.3
3465,1174,94,3,64.9,194.7
3466,1174,52,2,449.42,898.84
3467,1175,184,2,449.97,899.94
3468,1176,189,4,81.5,326.0
3469,1176,128,3,478.87,1436.61
3470,1176,92,4,326.69,1306.76
3471,1176,115,2,270.46,540.92
3472,1177,181,4,293.34,1173.36
3473,1177,21,2,66.79,133.58
3474,1178,68,2,438.55,877.1
3475,1178,16,1,478.82,478.82
3476,1179,41,4,118.38,473.52
3477,1179,106,4,393.39,1573.56
3478,1179,33,1,336.74,336.74
3479,1180,151,4,9.61,38.44
3480,1181,50,2,282.88,565.76
3481,1182,191,1,441.3,441.3
3482,1183,99,1,34.14,34.14
3483,1183,157,1,146.07,146.07
3484,1183,29,2,433.91,867.82
3485,1183,129,1,332.63,332.63
3486,1183,39,4,345.64,1382.56
3487,1184,93,4,450.31,1801.24
3488,1184,151,3,9.61,28.83
3489,1184,39,4,345.64,1382.56
3490,1184,88,3,482.36,1447.08
3491,1185,89,2,378.86,757.72
3492,1185,114,3,128.08,384.24
3493,1185,106,4,393.39,1573.56
3494,1186,154,1,255.41,255.41
3495,1186,149,1,153.5,153.5
3496,1186,104,4,363.06,1452.24
3497,1187,38,1,192.83,192.83
3498,1188,165,4,372.5,1490.0
3499,1188,7,4,113.23,452.92
3500,1188,24,4,443.3,1773.2
3501,1189,47,3,200.84,602.52
3502,1190,107,2,99.25,198.5
3503,1190,123,4,243.27,973.08
3504,1190,102,4,142.85,571.4
3505,1190,57,1,397.08,397.08
3506,1191,33,4,336.74,1346.96
3507,1192,79,1,439.97,439.97
3508,1192,198,2,430.0,860.0
3509,1192,45,4,438.8,1755.2
3510,1192,53,1,184.19,184.19
3511,1192,17,3,55.59,166.77
3512,1193,166,4,139.81,559.24
3513,1193,130,1,81.62,81.62
3514,1194,198,2,430.0,860.0
3515,1194,135,2,241.01,482.02
3516,1195,49,1,74.12,74.12
3517,1195,79,2,439.97,879.94
3518,1195,102,3,142.85,428.55
3519,1195,62,4,341.74,1366.96
3520,1196,178,1,42.25,42.25
3521,1196,181,2,293.34,586.68
3522,1196,79,4,439.97,1759.88
3523,1196,77,1,165.46,165.46
3524,1197,165,1,372.5,372.5
3525,1197,183,3,157.59,472.77
3526,1197,49,4,74.12,296.48
3527,1197,110,4,432.6,1730.4
3528,1197,155,4,466.96,1867.84
3529,1198,187,1,442.65,442.65
3530,1198,135,1,241.01,241.01
3531,1198,190,1,432.98,432.98
3532,1199,55,3,379.11,1137.33
3533,1200,191,1,441.3,441.3
3534,1200,196,3,83.8,251.4
3535,1200,165,1,372.5,372.5
3536,1200,2,2,141.14,282.28
3537,1200,125,4,192.59,770.36
3538,1201,96,2,296.21,592.42
3539,1201,46,1,110.25,110.25
3540,1202,86,2,86.74,173.48
3541,1202,88,3,482.36,1447.08
3542,1202,119,2,53.46,106.92
3543,1203,80,3,123.53,370.59
3544,1203,1,2,60.11,120.22
3545,1203,34,1,468.64,468.64
3546,1203,93,3,450.31,1350.93
3547,1203,116,3,213.83,641.49
3548,1204,110,4,432.6,1730.4
3549,1204,129,2,332.63,665.26
3550,1204,148,4,69.78,279.12
3551,1204,81,3,439.61,1318.83
3552,1204,15,4,142.55,570.2
3553,1205,42,2,403.5,807.0
3554,1205,4,1,339.97,339.97
3555,1206,36,2,89.71,179.42
3556,1206,166,1,139.81,139.81
3557,1206,96,4,296.21,1184.84
3558,1207,116,4,213.83,855.32
3559,1207,93,4,450.31,1801.24
3560,1207,161,1,409.47,409.47
3561,1208,84,4,384.09,1536.36
3562,1208,102,1,142.85,142.85
3563,1209,117,4,234.0,936.0
3564,1209,127,2,146.2,292.4
3565,1209,185,2,342.62,685.24
3566,1210,57,2,397.08,794.16
3567,1210,107,2,99.25,198.5
3568,1211,22,1,44.01,44.01
3569,1211,5,2,48.03,96.06
3570,1211,160,4,266.83,1067.32
3571,1212,35,1,40.34,40.34
3572,1213,149,3,153.5,460.5
3573,1214,157,2,146.07,292.14
3574,1214,40,1,343.88,343.88
3575,1214,44,1,457.0,457.0
3576,1214,55,2,379.11,758.22
3577,1215,196,1,83.8,83.8
3578,1215,70,4,256.3,1025.2
3579,1215,54,4,257.22,1028.88
3580,1215,63,3,342.45,1027.35
3581,1216,14,1,350.58,350.58
3582,1217,13,2,380.61,761.22
3583,1217,30,1,142.6,142.6
3584,1217,74,4,190.09,760.36
3585,1217,149,3,153.5,460.5
3586,1217,11,1,114.12,114.12
3587,1218,56,3,80.66,241.98
3588,1218,198,2,430.0,860.0
3589,1218,200,1,178.08,178.08
3590,1218,2,3,141.14,423.42
3591,1219,82,1,47.4,47.4
3592,1219,189,4,81.5,326.0
3593,1219,78,4,60.37,241.48
3594,1219,15,1,142.55,142.55
3595,1220,93,1,450.31,450.31
3596,1220,56,2,80.66,161.32
3597,1221,19,4,303.84,1215.36
3598,1221,172,3,415.53,1246.59
3599,1221,99,1,34.14,34.14
3600,1221,148,1,69.78,69.78
3601,1221,34,2,468.64,937.28
3602,1222,97,3,296.28,888.84
3603,1223,78,2,60.37,120.74
3604,1223,151,4,9.61,38.44
3605,1223,32,1,188.24,188.24
3606,1224,145,4,467.68,1870.72
3607,1224,118,2,224.35,448.7
3608,1224,45,4,438.8,1755.2
3609,1224,125,3,192.59,577.77
3610,1224,173,3,6.76,20.28
3611,1225,30,1,142.6,142.6
3612,1226,128,2,478.87,957.74
3613,1226,159,2,154.75,309.5
3614,1226,56,2,80.66,161.32
3615,1227,79,4,439.97,1759.88
3616,1227,63,1,342.45,342.45
3617,1227,45,3,438.8,1316.4
3618,1227,130,3,81.62,244.86
3619,1227,111,4,338.32,1353.28
3620,1228,115,1,270.46,270.46
3621,1228,117,3,234.0,702.0
3622,1228,6,4,20.73,82.92
3623,1228,99,2,34.14,68.28
3624,1229,122,3,87.32,261.96
3625,1229,95,2,36.69,73.38
3626,1230,21,4,66.79,267.16
3627,1230,114,1,128.08,128.08
3628,1230,13,2,380.61,761.22
3629,1230,91,1,202.5,202.5
3630,1231,190,4,432.98,1731.92
3631,1231,50,1,282.88,282.88
3632,1231,43,3,137.53,412.59
3633,1231,74,1,190.09,190.09
3634,1231,126,3,136.28,408.84
3635,1232,120,3,499.64,1498.92
3636,1232,35,1,40.34,40.34
3637,1233,14,1,350.58,350.58
3638,1233,27,1,117.81,117.81
3639,1233,9,2,103.42,206.84
3640,1233,53,3,184.19,552.57
3641,1234,38,3,192.83,578.49
3642,1235,78,3,60.37,181.11
3643,1235,93,1,450.31,450.31
3644,1235,109,1,214.67,214.67
3645,1235,83,2,408.93,817.86
3646,1235,154,3,255.41,766.23
3647,1236,88,2,482.36,964.72
3648,1236,73,3,306.44,919.32
3649,1236,60,1,266.91,266.91
3650,1236,161,2,409.47,818.94
3651,1237,119,3,53.46,160.38
3652,1237,74,1,190.09,190.09
3653,1237,67,3,6.61,19.83
3654,1237,29,2,433.91,867.82
3655,1237,174,4,320.37,1281.48
3656,1238,135,4,241.01,964.04
3657,1238,134,3,33.3,99.9
3658,1238,98,3,40.14,120.42
3659,1239,135,1,241.01,241.01
3660,1239,167,3,109.26,327.78
3661,1239,134,4,33.3,133.2
3662,1240,27,2,117.81,235.62
3663,1241,142,3,24.67,74.01
3664,1242,90,2,104.57,209.14
3665,1242,47,4,200.84,803.36
3666,1242,199,4,103.79,415.16
3667,1242,2,1,141.14,141.14
3668,1243,195,4,406.32,1625.28
3669,1244,100,1,453.18,453.18
3670,1244,198,4,430.0,1720.0
3671,1245,105,1,290.22,290.22
3672,1245,74,3,190.09,570.27
3673,1246,130,4,81.62,326.48
3674,1246,176,4,278.08,1112.32
3675,1246,27,2,117.81,235.62
3676,1246,87,3,436.85,1310.55
3677,1247,28,1,492.68,492.68
3678,1247,5,3,48.03,144.09
3679,1247,84,3,384.09,1152.27
3680,1247,187,4,442.65,1770.6
3681,1247,59,3,193.9,581.7
3682,1248,133,3,35.17,105.51
3683,1248,44,1,457.0,457.0
3684,1249,1,3,60.11,180.33
3685,1250,16,3,478.82,1436.46
3686,1250,73,1,306.44,306.44
3687,1250,134,1,33.3,33.3
3688,1251,24,3,443.3,1329.9
3689,1251,77,1,165.46,165.46
3690,1251,72,1,421.63,421.63
3691,1251,69,4,486.08,1944.32
3692,1252,128,1,478.87,478.87
3693,1252,79,4,439.97,1759.88
3694,1252,36,1,89.71,89.71
3695,1252,52,2,449.42,898.84
3696,1253,200,3,178.08,534.24
3697,1253,133,3,35.17,105.51
3698,1253,108,3,331.2,993.6
3699,1253,129,4,332.63,1330.52
3700,1254,51,4,374.77,1499.08
3701,1255,145,3,467.68,1403.04
3702,1255,36,4,89.71,358.84
3703,1256,169,2,427.19,854.38
3704,1257,139,3,339.23,1017.69
3705,1257,78,1,60.37,60.37
3706,1257,167,2,109.26,218.52
3707,1257,170,2,246.82,493.64
3708,1258,113,4,365.47,1461.88
3709,1258,52,4,449.42,1797.68
3710,1258,61,2,431.09,862.18
3711,1258,40,3,343.88,1031.64
3712,1259,181,1,293.34,293.34
3713,1259,73,1,306.44,306.44
3714,1260,160,1,266.83,266.83
3715,1260,165,2,372.5,745.0
3716,1260,136,1,82.93,82.93
3717,1260,97,3,296.28,888.84
3718,1260,76,4,459.65,1838.6
3719,1261,51,3,374.77,1124.31
3720,1261,127,3,146.2,438.6
3721,1261,118,4,224.35,897.4
3722,1261,53,1,184.19,184.19
3723,1262,58,2,300.22,600.44
3724,1262,108,2,331.2,662.4
3725,1262,55,3,379.11,1137.33
3726,1262,44,1,457.0,457.0
3727,1262,51,3,374.77,1124.31
3728,1263,65,4,173.39,693.56
3729,1263,141,1,126.88,126.88
3730,1264,174,2,320.37,640.74
3731,1264,54,2,257.22,514.44
3732,1265,32,2,188.24,376.48
3733,1265,33,2,336.74,673.48
3734,1265,124,4,451.71,1806.84
3735,1266,111,4,338.32,1353.28
3736,1267,129,3,332.63,997.89
3737,1267,142,4,24.67,98.68
3738,1268,72,3,421.63,1264.89
3739,1269,99,4,34.14,136.56
3740,1269,4,2,339.97,679.94
3741,1269,39,3,345.64,1036.92
3742,1270,161,3,409.47,1228.41
3743,1271,105,1,290.22,290.22
3744,1271,160,4,266.83,1067.32
3745,1271,35,2,40.34,80.68
3746,1271,183,3,157.59,472.77
3747,1271,21,4,66.79,267.16
3748,1272,114,1,128.08,128.08
3749,1273,144,3,284.79,854.37
3750,1273,58,3,300.22,900.66
3751,1273,9,3,103.42,310.26
3752,1274,139,4,339.23,1356.92
3753,1274,63,1,342.45,342.45
3754,1274,60,1,266.91,266.91
3755,1274,71,2,435.91,871.82
3756,1274,133,1,35.17,35.17
3757,1275,74,4,190.09,760.36
3758,1275,123,1,243.27,243.27
3759,1276,83,4,408.93,1635.72
3760,1276,115,2,270.46,540.92
3761,1276,9,2,103.42,206.84
3762,1277,113,3,365.47,1096.41
3763,1277,141,3,126.88,380.64
3764,1277,198,3,430.0,1290.0
3765,1277,85,4,331.58,1326.32
3766,1277,41,1,118.38,118.38
3767,1278,80,1,123.53,123.53
3768,1278,20,2,366.22,732.44
3769,1278,48,3,232.13,696.39
3770,1278,11,2,114.12,228.24
3771,1278,162,3,466.22,1398.66
3772,1279,106,4,393.39,1573.56
3773,1279,92,1,326.69,326.69
3774,1279,15,2,142.55,285.1
3775,1279,82,4,47.4,189.6
3776,1280,110,3,432.6,1297.8
3777,1280,15,2,142.55,285.1
3778,1280,187,2,442.65,885.3
3779,1280,152,1,499.23,499.23
3780,1281,93,4,450.31,1801.24
3781,1281,46,3,110.25,330.75
3782,1281,111,3,338.32,1014.96
3783,1281,72,2,421.63,843.26
3784,1281,23,3,415.56,1246.68
3785,1282,195,2,406.32,812.64
3786,1282,109,1,214.67,214.67
3787,1283,178,3,42.25,126.75
3788,1283,114,2,128.08,256.16
3789,1284,54,2,257.22,514.44
3790,1284,184,1,449.97,449.97
3791,1285,96,1,296.21,296.21
3792,1285,70,3,256.3,768.9
3793,1285,167,2,109.26,218.52
3794,1286,115,1,270.46,270.46
3795,1286,44,1,457.0,457.0
3796,1286,185,3,342.62,1027.86
3797,1287,70,3,256.3,768.9
3798,1287,197,1,58.51,58.51
3799,1288,165,3,372.5,1117.5
3800,1288,120,2,499.64,999.28
3801,1288,17,4,55.59,222.36
3802,1288,49,2,74.12,148.24
3803,1289,104,4,363.06,1452.24
3804,1289,95,2,36.69,73.38
3805,1290,123,4,243.27,973.08
3806,1290,200,1,178.08,178.08
3807,1291,5,2,48.03,96.06
3808,1291,28,4,492.68,1970.72
3809,1292,56,3,80.66,241.98
3810,1293,134,2,33.3,66.6
3811,1293,71,1,435.91,435.91
3812,1293,153,2,41.26,82.52
3813,1293,156,1,440.24,440.24
3814,1293,62,4,341.74,1366.96
3815,1294,116,2,213.83,427.66
3816,1295,62,1,341.74,341.74
3817,1295,42,4,403.5,1614.0
3818,1295,50,4,282.88,1131.52
3819,1295,28,1,492.68,492.68
3820,1295,52,1,449.42,449.42
3821,1296,194,2,402.11,804.22
3822,1296,87,1,436.85,436.85
3823,1297,185,1,342.62,342.62
3824,1298,50,2,282.88,565.76
3825,1299,84,3,384.09,1152.27
3826,1299,194,3,402.11,1206.33
3827,1300,182,3,217.74,653.22
3828,1300,107,1,99.25,99.25
3829,1300,63,1,342.45,342.45
3830,1300,171,1,50.69,50.69
3831,1300,50,1,282.88,282.88
3832,1301,112,1,53.72,53.72
3833,1301,19,2,303.84,607.68
3834,1302,182,3,217.74,653.22
3835,1302,112,3,53.72,161.16
3836,1303,59,4,193.9,775.6
3837,1304,144,3,284.79,854.37
3838,1304,143,1,212.52,212.52
3839,1304,87,3,436.85,1310.55
3840,1305,38,2,192.83,385.66
3841,1306,24,2,443.3,886.6
3842,1306,74,4,190.09,760.36
3843,1306,19,2,303.84,607.68
3844,1306,161,3,409.47,1228.41
3845,1306,185,3,342.62,1027.86
3846,1307,154,3,255.41,766.23
3847,1307,175,3,84.98,254.94
3848,1307,122,1,87.32,87.32
3849,1307,191,1,441.3,441.3
3850,1308,23,2,415.56,831.12
3851,1308,4,4,339.97,1359.88
3852,1308,119,4,53.46,213.84
3853,1309,139,1,339.23,339.23
3854,1310,24,1,443.3,443.3
3855,1310,31,3,417.88,1253.64
3856,1311,111,3,338.32,1014.96
3857,1311,108,4,331.2,1324.8
3858,1311,103,4,111.05,444.2
3859,1312,66,3,220.21,660.63
3860,1312,125,2,192.59,385.18
3861,1312,187,2,442.65,885.3
3862,1312,173,4,6.76,27.04
3863,1312,65,4,173.39,693.56
3864,1313,69,2,486.08,972.16
3865,1313,119,4,53.46,213.84
3866,1313,180,1,22.83,22.83
3867,1313,107,4,99.25,397.0
3868,1313,146,2,336.51,673.02
3869,1314,37,2,126.18,252.36
3870,1315,61,1,431.09,431.09
3871,1315,77,1,165.46,165.46
3872,1316,180,4,22.83,91.32
3873,1316,113,2,365.47,730.94
3874,1316,35,4,40.34,161.36
3875,1317,161,2,409.47,818.94
3876,1318,5,1,48.03,48.03
3877,1318,189,4,81.5,326.0
3878,1318,36,3,89.71,269.13
3879,1318,29,1,433.91,433.91
3880,1319,156,2,440.24,880.48
3881,1319,158,1,417.7,417.7
3882,1319,72,2,421.63,843.26
3883,1319,106,3,393.39,1180.17
3884,1320,96,4,296.21,1184.84
3885,1321,92,3,326.69,980.07
3886,1321,200,4,178.08,712.32
3887,1322,178,3,42.25,126.75
3888,1323,10,2,352.16,704.32
3889,1323,63,2,342.45,684.9
3890,1323,145,1,467.68,467.68
3891,1323,99,4,34.14,136.56
3892,1323,108,4,331.2,1324.8
3893,1324,133,3,35.17,105.51
3894,1324,24,2,443.3,886.6
3895,1324,125,4,192.59,770.36
3896,1324,72,2,421.63,843.26
3897,1324,20,3,366.22,1098.66
3898,1325,184,4,449.97,1799.88
3899,1325,14,1,350.58,350.58
3900,1326,82,4,47.4,189.6
3901,1326,154,3,255.41,766.23
3902,1326,31,4,417.88,1671.52
3903,1326,42,4,403.5,1614.0
3904,1327,158,2,417.7,835.4
3905,1327,80,3,123.53,370.59
3906,1327,21,1,66.79,66.79
3907,1327,150,1,464.86,464.86
3908,1328,148,2,69.78,139.56
3909,1329,146,2,336.51,673.02
3910,1330,187,2,442.65,885.3
3911,1330,6,1,20.73,20.73
3912,1331,23,4,415.56,1662.24
3913,1331,186,1,55.88,55.88
3914,1331,57,1,397.08,397.08
3915,1331,18,3,52.87,158.61
3916,1331,13,1,380.61,380.61
3917,1332,167,2,109.26,218.52
3918,1332,29,3,433.91,1301.73
3919,1332,200,4,178.08,712.32
3920,1332,14,3,350.58,1051.74
3921,1333,64,4,376.68,1506.72
3922,1333,185,1,342.62,342.62
3923,1333,4,2,339.97,679.94
3924,1334,76,1,459.65,459.65
3925,1334,69,3,486.08,1458.24
3926,1334,3,2,74.07,148.14
3927,1334,186,2,55.88,111.76
3928,1335,4,2,339.97,679.94
3929,1335,86,2,86.74,173.48
3930,1336,113,2,365.47,730.94
3931,1336,133,3,35.17,105.51
3932,1336,30,3,142.6,427.8
3933,1336,143,3,212.52,637.56
3934,1337,189,4,81.5,326.0
3935,1338,169,4,427.19,1708.76
3936,1338,84,1,384.09,384.09
3937,1339,142,1,24.67,24.67
3938,1339,183,4,157.59,630.36
3939,1339,130,1,81.62,81.62
3940,1339,9,4,103.42,413.68
3941,1339,146,3,336.51,1009.53
3942,1340,162,3,466.22,1398.66
3943,1341,79,2,439.97,879.94
3944,1342,183,3,157.59,472.77
3945,1342,4,4,339.97,1359.88
3946,1342,170,2,246.82,493.64
3947,1342,176,1,278.08,278.08
3948,1343,100,4,453.18,1812.72
3949,1343,183,4,157.59,630.36
3950,1343,158,2,417.7,835.4
3951,1344,15,1,142.55,142.55
3952,1344,69,4,486.08,1944.32
3953,1344,18,4,52.87,211.48
3954,1345,160,1,266.83,266.83
3955,1345,5,2,48.03,96.06
3956,1345,185,1,342.62,342.62
3957,1345,37,2,126.18,252.36
3958,1345,25,1,290.79,290.79
3959,1346,20,2,366.22,732.44
3960,1347,93,4,450.31,1801.24
3961,1347,118,4,224.35,897.4
3962,1347,66,4,220.21,880.84
3963,1348,19,4,303.84,1215.36
3964,1348,38,2,192.83,385.66
3965,1348,114,4,128.08,512.32
3966,1348,123,3,243.27,729.81
3967,1349,23,4,415.56,1662.24
3968,1349,186,1,55.88,55.88
3969,1350,120,2,499.64,999.28
3970,1350,181,2,293.34,586.68
3971,1350,47,3,200.84,602.52
3972,1350,8,1,303.0,303.0
3973,1351,128,4,478.87,1915.48
3974,1351,178,4,42.25,169.0
3975,1351,119,2,53.46,106.92
3976,1352,160,3,266.83,800.49
3977,1352,193,3,392.28,1176.84
3978,1352,19,2,303.84,607.68
3979,1352,99,1,34.14,34.14
3980,1353,17,3,55.59,166.77
3981,1354,9,2,103.42,206.84
3982,1354,62,3,341.74,1025.22
3983,1354,113,2,365.47,730.94
3984,1354,65,1,173.39,173.39
3985,1354,101,1,40.07,40.07
3986,1355,43,2,137.53,275.06
3987,1355,117,3,234.0,702.0
3988,1356,118,3,224.35,673.05
3989,1356,74,4,190.09,760.36
3990,1356,48,1,232.13,232.13
3991,1356,129,2,332.63,665.26
3992,1357,164,3,135.91,407.73
3993,1357,55,1,379.11,379.11
3994,1357,36,2,89.71,179.42
3995,1358,16,1,478.82,478.82
3996,1358,134,4,33.3,133.2
3997,1358,116,3,213.83,641.49
3998,1359,2,4,141.14,564.56
3999,1359,126,1,136.28,136.28
4000,1360,185,2,342.62,685.24
4001,1360,56,4,80.66,322.64
4002,1360,107,2,99.25,198.5
4003,1360,6,3,20.73,62.19
4004,1361,106,3,393.39,1180.17
4005,1361,4,1,339.97,339.97
4006,1361,128,3,478.87,1436.61
4007,1362,173,4,6.76,27.04
4008,1362,132,4,291.69,1166.76
4009,1362,162,4,466.22,1864.88
4010,1362,58,3,300.22,900.66
4011,1363,98,3,40.14,120.42
4012,1363,161,1,409.47,409.47
4013,1363,91,2,202.5,405.0
4014,1363,184,4,449.97,1799.88
4015,1363,112,4,53.72,214.88
4016,1364,181,4,293.34,1173.36
4017,1364,199,4,103.79,415.16
4018,1364,52,3,449.42,1348.26
4019,1364,19,4,303.84,1215.36
4020,1364,15,3,142.55,427.65
4021,1365,172,1,415.53,415.53
4022,1366,173,4,6.76,27.04
4023,1367,109,1,214.67,214.67
4024,1367,55,3,379.11,1137.33
4025,1367,58,4,300.22,1200.88
4026,1367,168,2,105.78,211.56
4027,1368,181,2,293.34,586.68
4028,1369,102,4,142.85,571.4
4029,1369,2,1,141.14,141.14
4030,1369,56,3,80.66,241.98
4031,1369,140,2,204.87,409.74
4032,1370,158,4,417.7,1670.8
4033,1370,98,2,40.14,80.28
4034,1370,138,1,38.92,38.92
4035,1371,147,3,123.15,369.45
4036,1371,101,3,40.07,120.21
4037,1372,61,4,431.09,1724.36
4038,1372,12,2,142.7,285.4
4039,1373,109,4,214.67,858.68
4040,1373,188,2,487.05,974.1
4041,1373,8,4,303.0,1212.0
4042,1373,168,2,105.78,211.56
4043,1373,37,4,126.18,504.72
4044,1374,193,1,392.28,392.28
4045,1374,15,2,142.55,285.1
4046,1375,132,2,291.69,583.38
4047,1375,155,3,466.96,1400.88
4048,1375,182,2,217.74,435.48
4049,1376,49,2,74.12,148.24
4050,1377,140,4,204.87,819.48
4051,1377,23,1,415.56,415.56
4052,1377,26,2,39.43,78.86
4053,1377,100,4,453.18,1812.72
4054,1377,196,3,83.8,251.4
4055,1378,170,2,246.82,493.64
4056,1378,80,2,123.53,247.06
4057,1378,45,4,438.8,1755.2
4058,1379,43,2,137.53,275.06
4059,1380,125,4,192.59,770.36
4060,1381,141,3,126.88,380.64
4061,1381,177,2,282.65,565.3
4062,1381,19,1,303.84,303.84
4063,1382,62,4,341.74,1366.96
4064,1382,6,1,20.73,20.73
4065,1383,133,4,35.17,140.68
4066,1384,32,3,188.24,564.72
4067,1384,138,4,38.92,155.68
4068,1384,5,2,48.03,96.06
4069,1384,103,2,111.05,222.1
4070,1385,145,1,467.68,467.68
4071,1385,14,1,350.58,350.58
4072,1385,169,3,427.19,1281.57
4073,1385,174,3,320.37,961.11
4074,1385,118,4,224.35,897.4
4075,1386,125,3,192.59,577.77
4076,1386,152,1,499.23,499.23
4077,1387,134,2,33.3,66.6
4078,1387,90,2,104.57,209.14
4079,1387,128,3,478.87,1436.61
4080,1387,189,1,81.5,81.5
4081,1387,131,2,112.76,225.52
4082,1388,31,2,417.88,835.76
4083,1389,175,3,84.98,254.94
4084,1390,34,4,468.64,1874.56
4085,1390,18,4,52.87,211.48
4086,1390,182,4,217.74,870.96
4087,1390,96,2,296.21,592.42
4088,1391,99,1,34.14,34.14
4089,1391,10,3,352.16,1056.48
4090,1391,151,2,9.61,19.22
4091,1391,81,2,439.61,879.22
4092,1392,79,3,439.97,1319.91
4093,1392,66,3,220.21,660.63
4094,1392,6,1,20.73,20.73
4095,1392,128,4,478.87,1915.48
4096,1393,67,1,6.61,6.61
4097,1393,142,4,24.67,98.68
4098,1393,111,2,338.32,676.64
4099,1394,121,3,484.65,1453.95
4100,1394,19,4,303.84,1215.36
4101,1394,164,1,135.91,135.91
4102,1395,135,2,241.01,482.02
4103,1395,55,3,379.11,1137.33
4104,1395,18,2,52.87,105.74
4105,1395,86,1,86.74,86.74
4106,1396,125,3,192.59,577.77
4107,1396,35,1,40.34,40.34
4108,1397,70,2,256.3,512.6
4109,1397,127,4,146.2,584.8
4110,1397,17,3,55.59,166.77
4111,1398,79,2,439.97,879.94
4112,1398,141,2,126.88,253.76
4113,1398,80,1,123.53,123.53
4114,1399,97,4,296.28,1185.12
4115,1399,156,4,440.24,1760.96
4116,1399,63,3,342.45,1027.35
4117,1399,29,3,433.91,1301.73
4118,1399,175,2,84.98,169.96
4119,1400,181,1,293.34,293.34
4120,1400,39,3,345.64,1036.92
4121,1400,25,4,290.79,1163.16
4122,1400,79,1,439.97,439.97
4123,1401,112,4,53.72,214.88
4124,1401,16,2,478.82,957.64
4125,1401,134,1,33.3,33.3
4126,1401,186,3,55.88,167.64
4127,1401,70,1,256.3,256.3
4128,1402,51,3,374.77,1124.31
4129,1402,101,2,40.07,80.14
4130,1402,54,4,257.22,1028.88
4131,1402,93,1,450.31,450.31
4132,1403,100,1,453.18,453.18
4133,1403,176,1,278.08,278.08
4134,1403,188,4,487.05,1948.2
4135,1404,21,3,66.79,200.37
4136,1404,174,3,320.37,961.11
4137,1404,22,3,44.01,132.03
4138,1405,3,1,74.07,74.07
4139,1405,112,4,53.72,214.88
4140,1405,1,3,60.11,180.33
4141,1405,96,4,296.21,1184.84
4142,1406,99,1,34.14,34.14
4143,1406,98,1,40.14,40.14
4144,1406,97,2,296.28,592.56
4145,1407,118,3,224.35,673.05
4146,1408,137,1,44.66,44.66
4147,1408,104,2,363.06,726.12
4148,1409,12,1,142.7,142.7
4149,1409,160,1,266.83,266.83
4150,1409,165,3,372.5,1117.5
4151,1409,126,1,136.28,136.28
4152,1409,137,1,44.66,44.66
4153,1410,74,4,190.09,760.36
4154,1410,29,3,433.91,1301.73
4155,1410,130,2,81.62,163.24
4156,1411,159,3,154.75,464.25
4157,1411,146,2,336.51,673.02
4158,1412,39,1,345.64,345.64
4159,1412,154,2,255.41,510.82
4160,1412,62,4,341.74,1366.96
4161,1412,101,4,40.07,160.28
4162,1413,131,1,112.76,112.76
4163,1413,114,3,128.08,384.24
4164,1414,124,2,451.71,903.42
4165,1414,35,2,40.34,80.68
4166,1414,122,1,87.32,87.32
4167,1414,5,1,48.03,48.03
4168,1414,85,4,331.58,1326.32
4169,1415,52,4,449.42,1797.68
4170,1415,150,2,464.86,929.72
4171,1415,140,4,204.87,819.48
4172,1415,33,1,336.74,336.74
4173,1416,193,4,392.28,1569.12
4174,1416,134,2,33.3,66.6
4175,1416,39,1,345.64,345.64
4176,1417,131,4,112.76,451.04
4177,1417,36,2,89.71,179.42
4178,1417,143,4,212.52,850.08
4179,1417,92,2,326.69,653.38
4180,1418,58,1,300.22,300.22
4181,1418,152,2,499.23,998.46
4182,1418,34,4,468.64,1874.56
4183,1419,83,4,408.93,1635.72
4184,1420,78,4,60.37,241.48
4185,1420,25,3,290.79,872.37
4186,1420,89,3,378.86,1136.58
4187,1420,134,1,33.3,33.3
4188,1420,113,1,365.47,365.47
4189,1421,160,4,266.83,1067.32
4190,1421,50,3,282.88,848.64
4191,1421,23,1,415.56,415.56
4192,1421,46,4,110.25,441.0
4193,1422,155,4,466.96,1867.84
4194,1422,104,2,363.06,726.12
4195,1422,49,3,74.12,222.36
4196,1422,182,2,217.74,435.48
4197,1423,135,4,241.01,964.04
4198,1423,56,4,80.66,322.64
4199,1423,16,1,478.82,478.82
4200,1423,93,1,450.31,450.31
4201,1423,107,2,99.25,198.5
4202,1424,96,3,296.21,888.63
4203,1425,119,2,53.46,106.92
4204,1425,113,4,365.47,1461.88
4205,1425,5,4,48.03,192.12
4206,1426,138,2,38.92,77.84
4207,1426,190,2,432.98,865.96
4208,1426,178,2,42.25,84.5
4209,1426,28,3,492.68,1478.04
4210,1427,92,1,326.69,326.69
4211,1428,13,2,380.61,761.22
4212,1428,26,2,39.43,78.86
4213,1428,135,3,241.01,723.03
4214,1429,18,4,52.87,211.48
4215,1429,176,2,278.08,556.16
4216,1429,98,1,40.14,40.14
4217,1430,139,2,339.23,678.46
4218,1431,42,3,403.5,1210.5
4219,1432,143,4,212.52,850.08
4220,1432,12,1,142.7,142.7
4221,1433,169,2,427.19,854.38
4222,1433,154,2,255.41,510.82
4223,1434,166,4,139.81,559.24
4224,1434,170,3,246.82,740.46
4225,1434,198,3,430.0,1290.0
4226,1434,42,4,403.5,1614.0
4227,1435,187,3,442.65,1327.95
4228,1435,146,3,336.51,1009.53
4229,1435,27,4,117.81,471.24
4230,1436,7,4,113.23,452.92
4231,1436,67,2,6.61,13.22
4232,1437,57,2,397.08,794.16
4233,1438,175,2,84.98,169.96
4234,1438,31,1,417.88,417.88
4235,1438,17,2,55.59,111.18
4236,1439,167,4,109.26,437.04
4237,1439,182,2,217.74,435.48
4238,1439,3,3,74.07,222.21
4239,1439,116,3,213.83,641.49
4240,1439,21,3,66.79,200.37
4241,1440,143,2,212.52,425.04
4242,1440,44,1,457.0,457.0
4243,1440,59,3,193.9,581.7
4244,1441,157,3,146.07,438.21
4245,1441,89,3,378.86,1136.58
4246,1441,118,1,224.35,224.35
4247,1441,145,1,467.68,467.68
4248,1441,3,4,74.07,296.28
4249,1442,170,3,246.82,740.46
4250,1442,160,2,266.83,533.66
4251,1442,158,3,417.7,1253.1
4252,1442,60,4,266.91,1067.64
4253,1442,129,3,332.63,997.89
4254,1443,146,1,336.51,336.51
4255,1443,98,2,40.14,80.28
4256,1443,157,3,146.07,438.21
4257,1443,152,1,499.23,499.23
4258,1444,143,3,212.52,637.56
4259,1444,195,1,406.32,406.32
4260,1444,18,1,52.87,52.87
4261,1444,13,3,380.61,1141.83
4262,1445,162,2,466.22,932.44
4263,1445,19,1,303.84,303.84
4264,1445,12,3,142.7,428.1
4265,1445,195,2,406.32,812.64
4266,1445,93,2,450.31,900.62
4267,1446,65,2,173.39,346.78
4268,1446,36,1,89.71,89.71
4269,1446,66,4,220.21,880.84
4270,1447,10,4,352.16,1408.64
4271,1447,20,1,366.22,366.22
4272,1447,197,3,58.51,175.53
4273,1447,133,3,35.17,105.51
4274,1448,134,2,33.3,66.6
4275,1448,32,2,188.24,376.48
4276,1448,90,3,104.57,313.71
4277,1449,161,3,409.47,1228.41
4278,1449,4,1,339.97,339.97
4279,1449,180,3,22.83,68.49
4280,1450,81,2,439.61,879.22
4281,1450,38,4,192.83,771.32
4282,1450,175,4,84.98,339.92
4283,1450,184,1,449.97,449.97
4284,1450,162,2,466.22,932.44
4285,1451,79,3,439.97,1319.91
4286,1451,12,4,142.7,570.8
4287,1451,175,3,84.98,254.94
4288,1451,163,4,469.77,1879.08
4289,1451,27,4,117.81,471.24
4290,1452,22,1,44.01,44.01
4291,1452,21,4,66.79,267.16
4292,1452,40,1,343.88,343.88
4293,1452,109,2,214.67,429.34
4294,1452,14,3,350.58,1051.74
4295,1453,95,3,36.69,110.07
4296,1453,50,1,282.88,282.88
4297,1454,4,4,339.97,1359.88
4298,1454,13,1,380.61,380.61
4299,1454,170,1,246.82,246.82
4300,1454,36,1,89.71,89.71
4301,1455,169,1,427.19,427.19
4302,1455,167,3,109.26,327.78
4303,1455,88,4,482.36,1929.44
4304,1456,91,1,202.5,202.5
4305,1457,110,4,432.6,1730.4
4306,1457,79,2,439.97,879.94
4307,1457,191,2,441.3,882.6
4308,1457,52,2,449.42,898.84
4309,1457,16,3,478.82,1436.46
4310,1458,95,2,36.69,73.38
4311,1458,177,1,282.65,282.65
4312,1458,138,1,38.92,38.92
4313,1458,66,1,220.21,220.21
4314,1459,43,1,137.53,137.53
4315,1459,160,2,266.83,533.66
4316,1459,95,2,36.69,73.38
4317,1459,154,1,255.41,255.41
4318,1459,109,4,214.67,858.68
4319,1460,90,1,104.57,104.57
4320,1460,179,1,452.44,452.44
4321,1460,92,3,326.69,980.07
4322,1460,153,4,41.26,165.04
4323,1461,181,3,293.34,880.02
4324,1461,145,4,467.68,1870.72
4325,1461,73,1,306.44,306.44
4326,1461,4,4,339.97,1359.88
4327,1461,40,2,343.88,687.76
4328,1462,115,2,270.46,540.92
4329,1462,47,2,200.84,401.68
4330,1463,112,4,53.72,214.88
4331,1464,13,1,380.61,380.61
4332,1464,110,4,432.6,1730.4
4333,1464,96,4,296.21,1184.84
4334,1464,196,4,83.8,335.2
4335,1465,16,4,478.82,1915.28
4336,1466,83,4,408.93,1635.72
4337,1466,112,1,53.72,53.72
4338,1466,14,3,350.58,1051.74
4339,1466,119,2,53.46,106.92
4340,1466,84,4,384.09,1536.36
4341,1467,152,3,499.23,1497.69
4342,1467,75,2,271.99,543.98
4343,1468,54,1,257.22,257.22
4344,1468,50,2,282.88,565.76
4345,1468,143,2,212.52,425.04
4346,1468,16,3,478.82,1436.46
4347,1468,150,3,464.86,1394.58
4348,1469,129,3,332.63,997.89
4349,1469,106,4,393.39,1573.56
4350,1469,177,1,282.65,282.65
4351,1470,37,2,126.18,252.36
4352,1470,192,3,93.78,281.34
4353,1470,90,2,104.57,209.14
4354,1470,126,3,136.28,408.84
4355,1470,117,3,234.0,702.0
4356,1471,189,1,81.5,81.5
4357,1472,113,1,365.47,365.47
4358,1472,27,1,117.81,117.81
4359,1473,67,2,6.61,13.22
4360,1473,136,2,82.93,165.86
4361,1473,59,1,193.9,193.9
4362,1474,13,1,380.61,380.61
4363,1474,111,1,338.32,338.32
4364,1474,84,3,384.09,1152.27
4365,1474,151,1,9.61,9.61
4366,1475,170,3,246.82,740.46
4367,1475,115,1,270.46,270.46
4368,1475,82,2,47.4,94.8
4369,1475,14,3,350.58,1051.74
4370,1476,184,2,449.97,899.94
4371,1476,176,2,278.08,556.16
4372,1477,26,2,39.43,78.86
4373,1477,148,2,69.78,139.56
4374,1478,93,1,450.31,450.31
4375,1479,137,2,44.66,89.32
4376,1480,193,1,392.28,392.28
4377,1480,7,3,113.23,339.69
4378,1480,101,2,40.07,80.14
4379,1480,33,4,336.74,1346.96
4380,1480,195,2,406.32,812.64
4381,1481,128,3,478.87,1436.61
4382,1481,76,3,459.65,1378.95
4383,1481,81,2,439.61,879.22
4384,1481,60,1,266.91,266.91
4385,1481,183,4,157.59,630.36
4386,1482,154,1,255.41,255.41
4387,1482,37,2,126.18,252.36
4388,1482,173,3,6.76,20.28
4389,1482,18,1,52.87,52.87
4390,1482,120,1,499.64,499.64
4391,1483,109,2,214.67,429.34
4392,1484,160,3,266.83,800.49
4393,1484,166,1,139.81,139.81
4394,1484,110,2,432.6,865.2
4395,1484,3,3,74.07,222.21
4396,1485,6,3,20.73,62.19
4397,1485,53,4,184.19,736.76
4398,1485,74,1,190.09,190.09
4399,1485,25,1,290.79,290.79
4400,1485,58,4,300.22,1200.88
4401,1486,121,4,484.65,1938.6
4402,1486,157,3,146.07,438.21
4403,1486,196,2,83.8,167.6
4404,1487,179,2,452.44,904.88
4405,1487,125,3,192.59,577.77
4406,1488,90,4,104.57,418.28
4407,1488,19,1,303.84,303.84
4408,1489,109,1,214.67,214.67
4409,1489,54,4,257.22,1028.88
4410,1489,48,1,232.13,232.13
4411,1490,63,1,342.45,342.45
4412,1490,18,1,52.87,52.87
4413,1490,92,1,326.69,326.69
4414,1491,64,4,376.68,1506.72
4415,1491,13,3,380.61,1141.83
4416,1491,161,2,409.47,818.94
4417,1491,137,1,44.66,44.66
4418,1492,74,4,190.09,760.36
4419,1492,99,1,34.14,34.14
4420,1492,8,4,303.0,1212.0
4421,1492,41,1,118.38,118.38
4422,1492,115,4,270.46,1081.84
4423,1493,6,2,20.73,41.46
4424,1493,91,1,202.5,202.5
4425,1493,134,4,33.3,133.2
4426,1493,104,1,363.06,363.06
4427,1494,170,3,246.82,740.46
4428,1494,86,4,86.74,346.96
4429,1495,14,1,350.58,350.58
4430,1495,29,2,433.91,867.82
4431,1495,152,4,499.23,1996.92
4432,1495,48,1,232.13,232.13
4433,1495,78,1,60.37,60.37
4434,1496,78,1,60.37,60.37
4435,1497,150,3,464.86,1394.58
4436,1498,152,2,499.23,998.46
4437,1498,124,4,451.71,1806.84
4438,1498,13,4,380.61,1522.44
4439,1499,199,3,103.79,311.37
4440,1500,191,4,441.3,1765.2
4441,1500,9,3,103.42,310.26
4442,1501,149,3,153.5,460.5
4443,1501,163,3,469.77,1409.31
4444,1502,45,3,438.8,1316.4
4445,1503,74,1,190.09,190.09
4446,1503,183,2,157.59,315.18
4447,1503,16,2,478.82,957.64
4448,1504,8,3,303.0,909.0
4449,1505,163,2,469.77,939.54
4450,1506,90,1,104.57,104.57
4451,1507,102,4,142.85,571.4
4452,1507,97,3,296.28,888.84
4453,1507,194,1,402.11,402.11
4454,1508,17,1,55.59,55.59
4455,1508,2,4,141.14,564.56
4456,1508,145,4,467.68,1870.72
4457,1508,61,4,431.09,1724.36
4458,1509,140,4,204.87,819.48
4459,1509,2,1,141.14,141.14
4460,1510,114,3,128.08,384.24
4461,1511,129,3,332.63,997.89
4462,1512,67,1,6.61,6.61
4463,1512,62,1,341.74,341.74
4464,1512,116,4,213.83,855.32
4465,1512,70,3,256.3,768.9
4466,1513,45,4,438.8,1755.2
4467,1513,62,4,341.74,1366.96
4468,1514,65,3,173.39,520.17
4469,1515,161,3,409.47,1228.41
4470,1515,194,3,402.11,1206.33
4471,1515,108,4,331.2,1324.8
4472,1515,155,1,466.96,466.96
4473,1515,70,3,256.3,768.9
4474,1516,125,1,192.59,192.59
4475,1516,119,1,53.46,53.46
4476,1516,56,3,80.66,241.98
4477,1516,147,3,123.15,369.45
4478,1516,82,3,47.4,142.2
4479,1517,98,1,40.14,40.14
4480,1517,50,4,282.88,1131.52
4481,1517,90,1,104.57,104.57
4482,1517,49,3,74.12,222.36
4483,1518,37,1,126.18,126.18
4484,1518,6,1,20.73,20.73
4485,1518,138,3,38.92,116.76
4486,1518,136,3,82.93,248.79
4487,1519,160,3,266.83,800.49
4488,1519,74,4,190.09,760.36
4489,1519,23,2,415.56,831.12
4490,1520,108,1,331.2,331.2
4491,1520,131,2,112.76,225.52
4492,1520,22,1,44.01,44.01
4493,1520,162,1,466.22,466.22
4494,1520,12,2,142.7,285.4
4495,1521,107,3,99.25,297.75
4496,1521,190,1,432.98,432.98
4497,1521,19,2,303.84,607.68
4498,1521,51,1,374.77,374.77
4499,1521,173,3,6.76,20.28
4500,1522,108,1,331.2,331.2
4501,1522,58,2,300.22,600.44
4502,1522,32,3,188.24,564.72
4503,1522,163,1,469.77,469.77
4504,1522,107,1,99.25,99.25
4505,1523,9,2,103.42,206.84
4506,1523,53,3,184.19,552.57
4507,1524,48,4,232.13,928.52
4508,1525,29,3,433.91,1301.73
4509,1525,129,3,332.63,997.89
4510,1525,75,4,271.99,1087.96
4511,1525,106,3,393.39,1180.17
4512,1525,64,4,376.68,1506.72
4513,1526,60,1,266.91,266.91
4514,1526,36,3,89.71,269.13
4515,1526,200,2,178.08,356.16
4516,1527,130,3,81.62,244.86
4517,1527,137,2,44.66,89.32
4518,1527,172,4,415.53,1662.12
4519,1528,93,1,450.31,450.31
4520,1528,97,1,296.28,296.28
4521,1528,177,2,282.65,565.3
4522,1528,160,4,266.83,1067.32
4523,1529,142,4,24.67,98.68
4524,1529,72,4,421.63,1686.52
4525,1529,12,3,142.7,428.1
4526,1529,81,3,439.61,1318.83
4527,1529,65,2,173.39,346.78
4528,1530,59,2,193.9,387.8
4529,1530,3,3,74.07,222.21
4530,1530,52,2,449.42,898.84
4531,1531,111,4,338.32,1353.28
4532,1531,64,4,376.68,1506.72
4533,1532,196,4,83.8,335.2
4534,1532,49,2,74.12,148.24
4535,1532,114,4,128.08,512.32
4536,1533,144,2,284.79,569.58
4537,1533,162,4,466.22,1864.88
4538,1533,77,2,165.46,330.92
4539,1533,106,3,393.39,1180.17
4540,1533,171,3,50.69,152.07
4541,1534,52,4,449.42,1797.68
4542,1534,4,2,339.97,679.94
4543,1534,42,4,403.5,1614.0
4544,1534,129,2,332.63,665.26
4545,1535,163,1,469.77,469.77
4546,1535,133,4,35.17,140.68
4547,1536,78,2,60.37,120.74
4548,1537,140,1,204.87,204.87
4549,1537,153,2,41.26,82.52
4550,1538,147,3,123.15,369.45
4551,1538,128,2,478.87,957.74
4552,1538,92,4,326.69,1306.76
4553,1538,194,2,402.11,804.22
4554,1539,68,1,438.55,438.55
4555,1539,156,1,440.24,440.24
4556,1539,125,1,192.59,192.59
4557,1540,114,4,128.08,512.32
4558,1540,101,4,40.07,160.28
4559,1540,194,3,402.11,1206.33
4560,1540,104,4,363.06,1452.24
4561,1541,163,1,469.77,469.77
4562,1541,185,2,342.62,685.24
4563,1541,114,1,128.08,128.08
4564,1541,5,3,48.03,144.09
4565,1541,53,4,184.19,736.76
4566,1542,162,3,466.22,1398.66
4567,1542,20,1,366.22,366.22
4568,1542,103,2,111.05,222.1
4569,1542,199,3,103.79,311.37
4570,1542,200,4,178.08,712.32
4571,1543,18,3,52.87,158.61
4572,1543,145,4,467.68,1870.72
4573,1543,48,3,232.13,696.39
4574,1544,6,3,20.73,62.19
4575,1544,45,3,438.8,1316.4
4576,1544,161,1,409.47,409.47
4577,1544,113,3,365.47,1096.41
4578,1545,104,4,363.06,1452.24
4579,1545,111,4,338.32,1353.28
4580,1545,138,2,38.92,77.84
4581,1546,141,1,126.88,126.88
4582,1546,197,2,58.51,117.02
4583,1546,152,3,499.23,1497.69
4584,1546,45,2,438.8,877.6
4585,1546,10,1,352.16,352.16
4586,1547,192,1,93.78,93.78
4587,1548,159,4,154.75,619.0
4588,1549,146,4,336.51,1346.04
4589,1549,94,4,64.9,259.6
4590,1549,200,2,178.08,356.16
4591,1549,93,4,450.31,1801.24
4592,1549,115,3,270.46,811.38
4593,1550,178,4,42.25,169.0
4594,1550,57,4,397.08,1588.32
4595,1550,72,3,421.63,1264.89
4596,1550,195,1,406.32,406.32
4597,1551,172,1,415.53,415.53
4598,1551,13,2,380.61,761.22
4599,1551,174,1,320.37,320.37
4600,1552,51,4,374.77,1499.08
4601,1552,126,1,136.28,136.28
4602,1552,145,3,467.68,1403.04
4603,1553,65,1,173.39,173.39
4604,1553,66,1,220.21,220.21
4605,1554,108,2,331.2,662.4
4606,1554,33,3,336.74,1010.22
4607,1555,162,3,466.22,1398.66
4608,1555,151,2,9.61,19.22
4609,1555,123,2,243.27,486.54
4610,1555,125,1,192.59,192.59
4611,1556,90,4,104.57,418.28
4612,1557,55,1,379.11,379.11
4613,1557,21,4,66.79,267.16
4614,1558,69,2,486.08,972.16
4615,1558,4,3,339.97,1019.91
4616,1558,83,4,408.93,1635.72
4617,1558,195,2,406.32,812.64
4618,1558,116,3,213.83,641.49
4619,1559,21,4,66.79,267.16
4620,1559,163,3,469.77,1409.31
4621,1559,90,4,104.57,418.28
4622,1559,130,3,81.62,244.86
4623,1560,72,4,421.63,1686.52
4624,1560,85,3,331.58,994.74
4625,1560,41,2,118.38,236.76
4626,1560,171,4,50.69,202.76
4627,1561,174,3,320.37,961.11
4628,1562,74,4,190.09,760.36
4629,1562,153,4,41.26,165.04
4630,1562,104,2,363.06,726.12
4631,1562,121,1,484.65,484.65
4632,1563,84,1,384.09,384.09
4633,1563,128,3,478.87,1436.61
4634,1563,67,3,6.61,19.83
4635,1563,130,3,81.62,244.86
4636,1564,13,4,380.61,1522.44
4637,1564,135,3,241.01,723.03
4638,1564,24,1,443.3,443.3
4639,1564,41,3,118.38,355.14
4640,1565,135,3,241.01,723.03
4641,1566,117,2,234.0,468.0
4642,1566,20,1,366.22,366.22
4643,1566,137,3,44.66,133.98
4644,1566,34,2,468.64,937.28
4645,1566,4,1,339.97,339.97
4646,1567,116,3,213.83,641.49
4647,1568,37,2,126.18,252.36
4648,1569,115,4,270.46,1081.84
4649,1569,26,2,39.43,78.86
4650,1569,25,3,290.79,872.37
4651,1569,29,2,433.91,867.82
4652,1569,86,3,86.74,260.22
4653,1570,37,1,126.18,126.18
4654,1571,90,4,104.57,418.28
4655,1571,30,4,142.6,570.4
4656,1571,52,1,449.42,449.42
4657,1571,54,2,257.22,514.44
4658,1571,73,3,306.44,919.32
4659,1572,151,3,9.61,28.83
4660,1573,171,2,50.69,101.38
4661,1573,176,3,278.08,834.24
4662,1573,13,1,380.61,380.61
4663,1573,32,1,188.24,188.24
4664,1574,11,1,114.12,114.12
4665,1575,145,4,467.68,1870.72
4666,1576,166,4,139.81,559.24
4667,1576,136,1,82.93,82.93
4668,1576,143,3,212.52,637.56
4669,1577,165,4,372.5,1490.0
4670,1577,111,4,338.32,1353.28
4671,1577,153,3,41.26,123.78
4672,1578,191,3,441.3,1323.9
4673,1578,134,4,33.3,133.2
4674,1578,197,3,58.51,175.53
4675,1578,148,2,69.78,139.56
4676,1578,158,4,417.7,1670.8
4677,1579,54,1,257.22,257.22
4678,1579,175,4,84.98,339.92
4679,1579,134,2,33.3,66.6
4680,1580,118,3,224.35,673.05
4681,1580,195,4,406.32,1625.28
4682,1580,64,1,376.68,376.68
4683,1580,40,3,343.88,1031.64
4684,1581,34,2,468.64,937.28
4685,1582,86,2,86.74,173.48
4686,1582,87,1,436.85,436.85
4687,1582,52,2,449.42,898.84
4688,1582,144,4,284.79,1139.16
4689,1582,43,4,137.53,550.12
4690,1583,164,4,135.91,543.64
4691,1584,182,1,217.74,217.74
4692,1584,84,3,384.09,1152.27
4693,1585,82,3,47.4,142.2
4694,1586,69,4,486.08,1944.32
4695,1586,27,3,117.81,353.43
4696,1586,137,2,44.66,89.32
4697,1586,63,3,342.45,1027.35
4698,1586,106,4,393.39,1573.56
4699,1587,87,4,436.85,1747.4
4700,1588,142,2,24.67,49.34
4701,1589,168,4,105.78,423.12
4702,1589,118,1,224.35,224.35
4703,1590,141,4,126.88,507.52
4704,1590,31,2,417.88,835.76
4705,1591,60,1,266.91,266.91
4706,1591,159,3,154.75,464.25
4707,1591,107,1,99.25,99.25
4708,1591,177,4,282.65,1130.6
4709,1592,103,3,111.05,333.15
4710,1592,144,3,284.79,854.37
4711,1592,115,2,270.46,540.92
4712,1592,35,2,40.34,80.68
4713,1592,13,3,380.61,1141.83
4714,1593,81,3,439.61,1318.83
4715,1593,80,4,123.53,494.12
4716,1593,35,4,40.34,161.36
4717,1593,17,2,55.59,111.18
4718,1593,27,3,117.81,353.43
4719,1594,93,4,450.31,1801.24
4720,1594,20,1,366.22,366.22
4721,1595,126,1,136.28,136.28
4722,1595,96,1,296.21,296.21
4723,1595,27,3,117.81,353.43
4724,1595,141,2,126.88,253.76
4725,1596,113,1,365.47,365.47
4726,1596,199,1,103.79,103.79
4727,1596,182,4,217.74,870.96
4728,1597,158,2,417.7,835.4
4729,1597,81,3,439.61,1318.83
4730,1597,147,1,123.15,123.15
4731,1597,95,2,36.69,73.38
4732,1597,23,3,415.56,1246.68
4733,1598,117,3,234.0,702.0
4734,1598,83,3,408.93,1226.79
4735,1598,28,4,492.68,1970.72
4736,1598,97,3,296.28,888.84
4737,1598,112,2,53.72,107.44
4738,1599,112,3,53.72,161.16
4739,1599,12,2,142.7,285.4
4740,1600,172,4,415.53,1662.12
4741,1600,88,3,482.36,1447.08
4742,1600,120,3,499.64,1498.92
4743,1600,146,4,336.51,1346.04
4744,1600,77,2,165.46,330.92
4745,1601,33,1,336.74,336.74
4746,1601,82,2,47.4,94.8
4747,1602,80,1,123.53,123.53
4748,1602,7,1,113.23,113.23
4749,1602,88,2,482.36,964.72
4750,1603,166,3,139.81,419.43
4751,1603,2,3,141.14,423.42
4752,1603,44,1,457.0,457.0
4753,1603,61,2,431.09,862.18
4754,1604,72,3,421.63,1264.89
4755,1604,188,3,487.05,1461.15
4756,1604,3,3,74.07,222.21
4757,1604,75,1,271.99,271.99
4758,1605,26,2,39.43,78.86
4759,1605,143,4,212.52,850.08
4760,1605,54,4,257.22,1028.88
4761,1606,124,4,451.71,1806.84
4762,1607,155,4,466.96,1867.84
4763,1607,65,3,173.39,520.17
4764,1607,6,4,20.73,82.92
4765,1608,11,3,114.12,342.36
4766,1608,186,2,55.88,111.76
4767,1608,34,1,468.64,468.64
4768,1608,162,2,466.22,932.44
4769,1609,123,3,243.27,729.81
4770,1610,80,1,123.53,123.53
4771,1610,197,3,58.51,175.53
4772,1610,88,1,482.36,482.36
4773,1611,155,1,466.96,466.96
4774,1611,91,3,202.5,607.5
4775,1611,96,3,296.21,888.63
4776,1611,55,1,379.11,379.11
4777,1612,38,4,192.83,771.32
4778,1612,137,4,44.66,178.64
4779,1612,139,2,339.23,678.46
4780,1612,76,4,459.65,1838.6
4781,1612,24,1,443.3,443.3
4782,1613,162,2,466.22,932.44
4783,1613,73,1,306.44,306.44
4784,1614,179,4,452.44,1809.76
4785,1615,18,3,52.87,158.61
4786,1616,122,3,87.32,261.96
4787,1616,167,2,109.26,218.52
4788,1616,36,3,89.71,269.13
4789,1617,90,1,104.57,104.57
4790,1617,179,1,452.44,452.44
4791,1617,15,2,142.55,285.1
4792,1617,94,2,64.9,129.8
4793,1618,15,1,142.55,142.55
4794,1618,161,3,409.47,1228.41
4795,1618,45,2,438.8,877.6
4796,1618,77,4,165.46,661.84
4797,1619,37,3,126.18,378.54
4798,1619,20,3,366.22,1098.66
4799,1619,182,1,217.74,217.74
4800,1620,119,4,53.46,213.84
4801,1620,153,1,41.26,41.26
4802,1620,88,1,482.36,482.36
4803,1620,154,1,255.41,255.41
4804,1620,168,2,105.78,211.56
4805,1621,19,1,303.84,303.84
4806,1621,71,2,435.91,871.82
4807,1621,200,1,178.08,178.08
4808,1621,32,2,188.24,376.48
4809,1621,34,3,468.64,1405.92
4810,1622,110,2,432.6,865.2
4811,1622,153,2,41.26,82.52
4812,1622,193,3,392.28,1176.84
4813,1623,67,3,6.61,19.83
4814,1623,37,2,126.18,252.36
4815,1624,186,3,55.88,167.64
4816,1624,146,2,336.51,673.02
4817,1625,10,1,352.16,352.16
4818,1625,198,4,430.0,1720.0
4819,1625,175,3,84.98,254.94
4820,1626,125,1,192.59,192.59
4821,1626,178,4,42.25,169.0
4822,1627,21,3,66.79,200.37
4823,1627,51,3,374.77,1124.31
4824,1627,65,2,173.39,346.78
4825,1627,174,3,320.37,961.11
4826,1628,191,2,441.3,882.6
4827,1629,12,1,142.7,142.7
4828,1630,4,2,339.97,679.94
4829,1630,139,4,339.23,1356.92
4830,1630,182,3,217.74,653.22
4831,1630,134,3,33.3,99.9
4832,1631,110,1,432.6,432.6
4833,1631,58,3,300.22,900.66
4834,1631,13,1,380.61,380.61
4835,1632,99,1,34.14,34.14
4836,1632,47,2,200.84,401.68
4837,1632,113,3,365.47,1096.41
4838,1633,55,4,379.11,1516.44
4839,1634,56,4,80.66,322.64
4840,1634,55,2,379.11,758.22
4841,1634,162,3,466.22,1398.66
4842,1634,74,3,190.09,570.27
4843,1635,190,1,432.98,432.98
4844,1635,89,2,378.86,757.72
4845,1635,62,1,341.74,341.74
4846,1636,63,4,342.45,1369.8
4847,1636,71,1,435.91,435.91
4848,1636,188,2,487.05,974.1
4849,1636,200,2,178.08,356.16
4850,1636,26,3,39.43,118.29
4851,1637,52,2,449.42,898.84
4852,1637,126,2,136.28,272.56
4853,1637,168,3,105.78,317.34
4854,1637,88,1,482.36,482.36
4855,1637,14,1,350.58,350.58
4856,1638,65,4,173.39,693.56
4857,1638,161,4,409.47,1637.88
4858,1638,83,2,408.93,817.86
4859,1639,191,2,441.3,882.6
4860,1639,32,3,188.24,564.72
4861,1640,105,4,290.22,1160.88
4862,1640,168,1,105.78,105.78
4863,1641,49,4,74.12,296.48
4864,1642,84,4,384.09,1536.36
4865,1642,48,2,232.13,464.26
4866,1642,4,4,339.97,1359.88
4867,1642,12,4,142.7,570.8
4868,1642,27,4,117.81,471.24
4869,1643,144,2,284.79,569.58
4870,1643,139,3,339.23,1017.69
4871,1643,3,2,74.07,148.14
4872,1643,111,4,338.32,1353.28
4873,1644,3,4,74.07,296.28
4874,1644,34,1,468.64,468.64
4875,1644,93,3,450.31,1350.93
4876,1644,84,4,384.09,1536.36
4877,1644,180,1,22.83,22.83
4878,1645,7,3,113.23,339.69
4879,1645,47,3,200.84,602.52
4880,1646,123,4,243.27,973.08
4881,1646,114,1,128.08,128.08
4882,1646,124,2,451.71,903.42
4883,1646,22,2,44.01,88.02
4884,1646,189,4,81.5,326.0
4885,1647,158,1,417.7,417.7
4886,1647,8,3,303.0,909.0
4887,1647,15,4,142.55,570.2
4888,1647,199,2,103.79,207.58
4889,1648,21,4,66.79,267.16
4890,1648,156,1,440.24,440.24
4891,1648,83,3,408.93,1226.79
4892,1648,176,4,278.08,1112.32
4893,1649,192,1,93.78,93.78
4894,1649,48,3,232.13,696.39
4895,1649,34,1,468.64,468.64
4896,1649,126,4,136.28,545.12
4897,1650,84,4,384.09,1536.36
4898,1650,115,4,270.46,1081.84
4899,1650,162,1,466.22,466.22
4900,1650,59,4,193.9,775.6
4901,1650,141,4,126.88,507.52
4902,1651,157,3,146.07,438.21
4903,1651,132,1,291.69,291.69
4904,1651,34,4,468.64,1874.56
4905,1651,85,3,331.58,994.74
4906,1652,138,2,38.92,77.84
4907,1653,134,2,33.3,66.6
4908,1654,63,4,342.45,1369.8
4909,1654,42,4,403.5,1614.0
4910,1655,177,4,282.65,1130.6
4911,1656,164,4,135.91,543.64
4912,1656,22,3,44.01,132.03
4913,1656,35,3,40.34,121.02
4914,1657,169,3,427.19,1281.57
4915,1657,41,4,118.38,473.52
4916,1657,113,1,365.47,365.47
4917,1658,80,1,123.53,123.53
4918,1658,165,3,372.5,1117.5
4919,1658,134,1,33.3,33.3
4920,1658,45,4,438.8,1755.2
4921,1658,159,2,154.75,309.5
4922,1659,176,2,278.08,556.16
4923,1659,166,4,139.81,559.24
4924,1660,17,2,55.59,111.18
4925,1660,37,4,126.18,504.72
4926,1660,157,1,146.07,146.07
4927,1660,15,1,142.55,142.55
4928,1661,9,1,103.42,103.42
4929,1661,1,4,60.11,240.44
4930,1661,69,1,486.08,486.08
4931,1661,182,3,217.74,653.22
4932,1661,153,3,41.26,123.78
4933,1662,90,1,104.57,104.57
4934,1662,142,4,24.67,98.68
4935,1662,104,1,363.06,363.06
4936,1663,95,2,36.69,73.38
4937,1663,69,1,486.08,486.08
4938,1663,164,3,135.91,407.73
4939,1663,111,4,338.32,1353.28
4940,1663,99,2,34.14,68.28
4941,1664,56,1,80.66,80.66
4942,1664,196,4,83.8,335.2
4943,1664,120,2,499.64,999.28
4944,1665,172,2,415.53,831.06
4945,1665,43,1,137.53,137.53
4946,1665,192,4,93.78,375.12
4947,1665,174,2,320.37,640.74
4948,1666,102,2,142.85,285.7
4949,1667,99,1,34.14,34.14
4950,1667,3,3,74.07,222.21
4951,1668,70,4,256.3,1025.2
4952,1668,60,3,266.91,800.73
4953,1668,110,4,432.6,1730.4
4954,1668,93,4,450.31,1801.24
4955,1668,96,1,296.21,296.21
4956,1669,161,2,409.47,818.94
4957,1669,167,4,109.26,437.04
4958,1669,108,4,331.2,1324.8
4959,1669,30,2,142.6,285.2
4960,1670,111,4,338.32,1353.28
4961,1670,120,1,499.64,499.64
4962,1670,161,1,409.47,409.47
4963,1671,81,2,439.61,879.22
4964,1672,18,3,52.87,158.61
4965,1672,30,4,142.6,570.4
4966,1672,145,4,467.68,1870.72
4967,1673,135,3,241.01,723.03
4968,1673,52,4,449.42,1797.68
4969,1673,79,4,439.97,1759.88
4970,1673,59,1,193.9,193.9
4971,1673,107,3,99.25,297.75
4972,1674,16,2,478.82,957.64
4973,1674,191,4,441.3,1765.2
4974,1674,40,1,343.88,343.88
4975,1674,136,1,82.93,82.93
4976,1675,23,3,415.56,1246.68
4977,1675,61,2,431.09,862.18
4978,1675,138,2,38.92,77.84
4979,1675,31,4,417.88,1671.52
4980,1675,81,4,439.61,1758.44
4981,1676,200,3,178.08,534.24
4982,1676,164,3,135.91,407.73
4983,1676,160,3,266.83,800.49
4984,1676,178,1,42.25,42.25
4985,1676,92,3,326.69,980.07
4986,1677,82,4,47.4,189.6
4987,1677,104,4,363.06,1452.24
4988,1678,21,2,66.79,133.58
4989,1678,165,4,372.5,1490.0
4990,1679,10,2,352.16,704.32
4991,1679,45,1,438.8,438.8
4992,1679,85,4,331.58,1326.32
4993,1679,70,4,256.3,1025.2
4994,1680,134,2,33.3,66.6
4995,1680,158,2,417.7,835.4
4996,1680,74,1,190.09,190.09
4997,1680,58,4,300.22,1200.88
4998,1680,85,1,331.58,331.58
4999,1681,5,4,48.03,192.12
5000,1681,52,1,449.42,449.42
5001,1681,49,3,74.12,222.36
5002,1681,109,1,214.67,214.67
5003,1681,65,4,173.39,693.56
5004,1682,154,4,255.41,1021.64
5005,1682,11,3,114.12,342.36
5006,1683,106,2,393.39,786.78
5007,1683,157,3,146.07,438.21
5008,1683,1,2,60.11,120.22
5009,1683,6,3,20.73,62.19
5010,1684,97,4,296.28,1185.12
5011,1684,142,4,24.67,98.68
5012,1684,175,2,84.98,169.96
5013,1684,93,4,450.31,1801.24
5014,1684,100,2,453.18,906.36
5015,1685,145,3,467.68,1403.04
5016,1685,137,2,44.66,89.32
5017,1685,141,2,126.88,253.76
5018,1685,135,4,241.01,964.04
5019,1685,24,1,443.3,443.3
5020,1686,113,4,365.47,1461.88
5021,1686,32,4,188.24,752.96
5022,1686,133,1,35.17,35.17
5023,1686,161,4,409.47,1637.88
5024,1686,112,3,53.72,161.16
5025,1687,114,4,128.08,512.32
5026,1687,6,1,20.73,20.73
5027,1687,28,3,492.68,1478.04
5028,1687,65,4,173.39,693.56
5029,1688,170,4,246.82,987.28
5030,1688,106,4,393.39,1573.56
5031,1688,126,1,136.28,136.28
5032,1688,102,1,142.85,142.85
5033,1689,150,3,464.86,1394.58
5034,1689,19,4,303.84,1215.36
5035,1690,51,2,374.77,749.54
5036,1690,21,3,66.79,200.37
5037,1690,43,1,137.53,137.53
5038,1690,168,3,105.78,317.34
5039,1691,13,2,380.61,761.22
5040,1691,119,3,53.46,160.38
5041,1691,31,3,417.88,1253.64
5042,1691,86,3,86.74,260.22
5043,1692,54,3,257.22,771.66
5044,1692,33,1,336.74,336.74
5045,1692,70,2,256.3,512.6
5046,1693,188,3,487.05,1461.15
5047,1693,139,3,339.23,1017.69
5048,1694,30,3,142.6,427.8
5049,1694,44,4,457.0,1828.0
5050,1694,85,4,331.58,1326.32
5051,1694,15,3,142.55,427.65
5052,1694,76,2,459.65,919.3
5053,1695,4,3,339.97,1019.91
5054,1695,108,4,331.2,1324.8
5055,1696,171,3,50.69,152.07
5056,1696,6,2,20.73,41.46
5057,1697,187,4,442.65,1770.6
5058,1697,133,4,35.17,140.68
5059,1697,176,2,278.08,556.16
5060,1697,77,3,165.46,496.38
5061,1697,38,2,192.83,385.66
5062,1698,182,3,217.74,653.22
5063,1698,33,4,336.74,1346.96
5064,1698,78,4,60.37,241.48
5065,1698,35,2,40.34,80.68
5066,1698,64,4,376.68,1506.72
5067,1699,138,1,38.92,38.92
5068,1700,188,2,487.05,974.1
5069,1700,40,3,343.88,1031.64
5070,1701,154,3,255.41,766.23
5071,1701,79,4,439.97,1759.88
5072,1702,112,2,53.72,107.44
5073,1702,160,2,266.83,533.66
5074,1702,43,3,137.53,412.59
5075,1702,118,1,224.35,224.35
5076,1702,98,4,40.14,160.56
5077,1703,117,1,234.0,234.0
5078,1703,72,3,421.63,1264.89
5079,1703,105,1,290.22,290.22
5080,1703,18,1,52.87,52.87
5081,1703,13,4,380.61,1522.44
5082,1704,45,2,438.8,877.6
5083,1704,193,2,392.28,784.56
5084,1704,25,2,290.79,581.58
5085,1705,146,3,336.51,1009.53
5086,1706,54,2,257.22,514.44
5087,1707,177,2,282.65,565.3
5088,1707,43,4,137.53,550.12
5089,1708,164,1,135.91,135.91
5090,1708,23,2,415.56,831.12
5091,1708,88,4,482.36,1929.44
5092,1709,145,1,467.68,467.68
5093,1709,37,2,126.18,252.36
5094,1710,165,4,372.5,1490.0
5095,1710,105,1,290.22,290.22
5096,1710,49,4,74.12,296.48
5097,1710,196,2,83.8,167.6
5098,1710,80,4,123.53,494.12
5099,1711,85,3,331.58,994.74
5100,1711,134,4,33.3,133.2
5101,1711,102,2,142.85,285.7
5102,1711,146,3,336.51,1009.53
5103,1711,2,4,141.14,564.56
5104,1712,85,2,331.58,663.16
5105,1712,71,3,435.91,1307.73
5106,1712,144,3,284.79,854.37
5107,1713,55,1,379.11,379.11
5108,1713,31,2,417.88,835.76
5109,1713,189,4,81.5,326.0
5110,1713,5,1,48.03,48.03
5111,1714,122,2,87.32,174.64
5112,1714,107,2,99.25,198.5
5113,1714,1,1,60.11,60.11
5114,1714,160,4,266.83,1067.32
5115,1715,68,2,438.55,877.1
5116,1715,104,2,363.06,726.12
5117,1715,81,1,439.61,439.61
5118,1716,36,4,89.71,358.84
5119,1716,47,1,200.84,200.84
5120,1716,155,3,466.96,1400.88
5121,1717,192,2,93.78,187.56
5122,1717,89,2,378.86,757.72
5123,1717,85,4,331.58,1326.32
5124,1718,112,4,53.72,214.88
5125,1718,14,4,350.58,1402.32
5126,1718,29,3,433.91,1301.73
5127,1719,99,3,34.14,102.42
5128,1719,147,2,123.15,246.3
5129,1719,69,3,486.08,1458.24
5130,1720,136,3,82.93,248.79
5131,1720,174,4,320.37,1281.48
5132,1720,123,4,243.27,973.08
5133,1720,142,4,24.67,98.68
5134,1721,25,4,290.79,1163.16
5135,1722,183,3,157.59,472.77
5136,1722,35,1,40.34,40.34
5137,1722,181,2,293.34,586.68
5138,1722,177,2,282.65,565.3
5139,1723,165,1,372.5,372.5
5140,1723,118,3,224.35,673.05
5141,1723,75,4,271.99,1087.96
5142,1724,184,4,449.97,1799.88
5143,1724,73,3,306.44,919.32
5144,1725,136,4,82.93,331.72
5145,1725,199,4,103.79,415.16
5146,1725,195,1,406.32,406.32
5147,1726,58,3,300.22,900.66
5148,1726,62,4,341.74,1366.96
5149,1727,99,3,34.14,102.42
5150,1727,22,4,44.01,176.04
5151,1727,183,3,157.59,472.77
5152,1728,108,4,331.2,1324.8
5153,1728,125,2,192.59,385.18
5154,1728,118,2,224.35,448.7
5155,1729,181,1,293.34,293.34
5156,1729,102,4,142.85,571.4
5157,1729,15,2,142.55,285.1
5158,1729,88,3,482.36,1447.08
5159,1729,124,3,451.71,1355.13
5160,1730,95,2,36.69,73.38
5161,1731,124,4,451.71,1806.84
5162,1731,93,2,450.31,900.62
5163,1731,169,2,427.19,854.38
5164,1732,169,3,427.19,1281.57
5165,1732,41,2,118.38,236.76
5166,1732,160,3,266.83,800.49
5167,1733,187,1,442.65,442.65
5168,1733,115,4,270.46,1081.84
5169,1734,139,1,339.23,339.23
5170,1735,125,3,192.59,577.77
5171,1736,36,1,89.71,89.71
5172,1737,131,2,112.76,225.52
5173,1737,136,1,82.93,82.93
5174,1737,109,4,214.67,858.68
5175,1737,19,2,303.84,607.68
5176,1737,53,1,184.19,184.19
5177,1738,21,4,66.79,267.16
5178,1738,98,2,40.14,80.28
5179,1738,115,3,270.46,811.38
5180,1738,195,1,406.32,406.32
5181,1739,19,4,303.84,1215.36
5182,1739,184,1,449.97,449.97
5183,1739,170,4,246.82,987.28
5184,1739,185,3,342.62,1027.86
5185,1740,54,1,257.22,257.22
5186,1741,158,2,417.7,835.4
5187,1741,100,3,453.18,1359.54
5188,1741,131,4,112.76,451.04
5189,1742,47,2,200.84,401.68
5190,1742,173,2,6.76,13.52
5191,1742,72,2,421.63,843.26
5192,1742,91,2,202.5,405.0
5193,1742,57,3,397.08,1191.24
5194,1743,187,3,442.65,1327.95
5195,1743,124,1,451.71,451.71
5196,1744,52,2,449.42,898.84
5197,1744,36,3,89.71,269.13
5198,1745,199,3,103.79,311.37
5199,1745,139,1,339.23,339.23
5200,1746,121,4,484.65,1938.6
5201,1747,80,1,123.53,123.53
5202,1747,61,4,431.09,1724.36
5203,1747,140,4,204.87,819.48
5204,1747,8,4,303.0,1212.0
5205,1748,190,1,432.98,432.98
5206,1748,42,1,403.5,403.5
5207,1748,111,2,338.32,676.64
5208,1748,9,1,103.42,103.42
5209,1748,32,2,188.24,376.48
5210,1749,47,3,200.84,602.52
5211,1749,75,3,271.99,815.97
5212,1749,166,4,139.81,559.24
5213,1749,126,2,136.28,272.56
5214,1749,11,2,114.12,228.24
5215,1750,199,3,103.79,311.37
5216,1750,24,1,443.3,443.3
5217,1750,124,4,451.71,1806.84
5218,1750,136,1,82.93,82.93
5219,1751,61,1,431.09,431.09
5220,1751,47,3,200.84,602.52
5221,1751,74,3,190.09,570.27
5222,1751,86,3,86.74,260.22
5223,1752,77,1,165.46,165.46
5224,1752,116,4,213.83,855.32
5225,1753,118,1,224.35,224.35
5226,1753,88,2,482.36,964.72
5227,1753,120,2,499.64,999.28
5228,1754,128,2,478.87,957.74
5229,1754,81,2,439.61,879.22
5230,1754,77,4,165.46,661.84
5231,1754,182,1,217.74,217.74
5232,1754,155,1,466.96,466.96
5233,1755,132,4,291.69,1166.76
5234,1755,58,2,300.22,600.44
5235,1755,99,4,34.14,136.56
5236,1756,62,3,341.74,1025.22
5237,1756,126,1,136.28,136.28
5238,1757,70,4,256.3,1025.2
5239,1757,192,3,93.78,281.34
5240,1757,200,3,178.08,534.24
5241,1758,8,1,303.0,303.0
5242,1758,170,4,246.82,987.28
5243,1758,190,1,432.98,432.98
5244,1759,118,4,224.35,897.4
5245,1760,132,1,291.69,291.69
5246,1760,85,1,331.58,331.58
5247,1761,3,1,74.07,74.07
5248,1761,16,1,478.82,478.82
5249,1761,44,4,457.0,1828.0
5250,1761,186,4,55.88,223.52
5251,1762,96,1,296.21,296.21
5252,1762,81,3,439.61,1318.83
5253,1763,154,3,255.41,766.23
5254,1763,7,3,113.23,339.69
5255,1764,102,4,142.85,571.4
5256,1764,177,2,282.65,565.3
5257,1764,17,2,55.59,111.18
5258,1764,100,2,453.18,906.36
5259,1765,97,1,296.28,296.28
5260,1765,42,1,403.5,403.5
5261,1766,64,2,376.68,753.36
5262,1766,54,3,257.22,771.66
5263,1767,92,4,326.69,1306.76
5264,1767,145,3,467.68,1403.04
5265,1767,55,2,379.11,758.22
5266,1768,152,1,499.23,499.23
5267,1768,173,4,6.76,27.04
5268,1768,113,1,365.47,365.47
5269,1768,114,2,128.08,256.16
5270,1768,86,2,86.74,173.48
5271,1769,18,2,52.87,105.74
5272,1769,182,4,217.74,870.96
5273,1770,22,3,44.01,132.03
5274,1770,8,2,303.0,606.0
5275,1770,53,4,184.19,736.76
5276,1770,127,4,146.2,584.8
5277,1771,167,4,109.26,437.04
5278,1771,115,1,270.46,270.46
5279,1771,26,3,39.43,118.29
5280,1771,150,3,464.86,1394.58
5281,1771,38,3,192.83,578.49
5282,1772,33,4,336.74,1346.96
5283,1772,110,1,432.6,432.6
5284,1772,174,3,320.37,961.11
5285,1772,133,3,35.17,105.51
5286,1772,21,1,66.79,66.79
5287,1773,85,2,331.58,663.16
5288,1773,137,1,44.66,44.66
5289,1773,170,2,246.82,493.64
5290,1773,117,4,234.0,936.0
5291,1773,198,1,430.0,430.0
5292,1774,82,3,47.4,142.2
5293,1774,6,3,20.73,62.19
5294,1775,65,2,173.39,346.78
5295,1775,78,4,60.37,241.48
5296,1775,148,2,69.78,139.56
5297,1775,181,2,293.34,586.68
5298,1775,178,2,42.25,84.5
5299,1776,126,2,136.28,272.56
5300,1776,98,1,40.14,40.14
5301,1776,54,3,257.22,771.66
5302,1776,157,2,146.07,292.14
5303,1776,87,2,436.85,873.7
5304,1777,93,2,450.31,900.62
5305,1777,32,2,188.24,376.48
5306,1777,39,4,345.64,1382.56
5307,1777,130,2,81.62,163.24
5308,1777,5,3,48.03,144.09
5309,1778,18,4,52.87,211.48
5310,1778,36,4,89.71,358.84
5311,1778,104,4,363.06,1452.24
5312,1778,140,3,204.87,614.61
5313,1778,198,2,430.0,860.0
5314,1779,51,3,374.77,1124.31
5315,1779,189,2,81.5,163.0
5316,1779,163,1,469.77,469.77
5317,1780,146,4,336.51,1346.04
5318,1780,112,2,53.72,107.44
5319,1781,19,4,303.84,1215.36
5320,1781,16,2,478.82,957.64
5321,1781,162,2,466.22,932.44
5322,1781,56,3,80.66,241.98
5323,1782,77,4,165.46,661.84
5324,1782,191,1,441.3,441.3
5325,1783,198,4,430.0,1720.0
5326,1783,125,2,192.59,385.18
5327,1784,192,1,93.78,93.78
5328,1785,101,4,40.07,160.28
5329,1785,126,2,136.28,272.56
5330,1785,182,4,217.74,870.96
5331,1785,80,3,123.53,370.59
5332,1785,81,1,439.61,439.61
5333,1786,105,1,290.22,290.22
5334,1786,131,3,112.76,338.28
5335,1787,56,4,80.66,322.64
5336,1788,91,2,202.5,405.0
5337,1788,176,1,278.08,278.08
5338,1788,81,1,439.61,439.61
5339,1789,111,4,338.32,1353.28
5340,1789,164,4,135.91,543.64
5341,1790,6,3,20.73,62.19
5342,1790,94,3,64.9,194.7
5343,1790,109,3,214.67,644.01
5344,1791,29,1,433.91,433.91
5345,1791,162,1,466.22,466.22
5346,1791,66,1,220.21,220.21
5347,1792,100,4,453.18,1812.72
5348,1792,181,2,293.34,586.68
5349,1792,129,4,332.63,1330.52
5350,1792,143,3,212.52,637.56
5351,1792,200,1,178.08,178.08
5352,1793,154,4,255.41,1021.64
5353,1793,186,1,55.88,55.88
5354,1793,67,1,6.61,6.61
5355,1793,79,1,439.97,439.97
5356,1793,90,1,104.57,104.57
5357,1794,139,4,339.23,1356.92
5358,1794,100,4,453.18,1812.72
5359,1794,119,1,53.46,53.46
5360,1794,172,3,415.53,1246.59
5361,1794,73,4,306.44,1225.76
5362,1795,143,4,212.52,850.08
5363,1795,177,1,282.65,282.65
5364,1795,170,2,246.82,493.64
5365,1795,136,2,82.93,165.86
5366,1796,106,3,393.39,1180.17
5367,1797,57,3,397.08,1191.24
5368,1797,148,3,69.78,209.34
5369,1797,153,3,41.26,123.78
5370,1798,113,4,365.47,1461.88
5371,1798,12,3,142.7,428.1
5372,1798,135,2,241.01,482.02
5373,1799,138,3,38.92,116.76
5374,1799,125,2,192.59,385.18
5375,1799,129,4,332.63,1330.52
5376,1799,11,1,114.12,114.12
5377,1800,107,3,99.25,297.75
5378,1800,8,1,303.0,303.0
5379,1800,113,1,365.47,365.47
5380,1801,15,4,142.55,570.2
5381,1801,196,2,83.8,167.6
5382,1802,93,3,450.31,1350.93
5383,1802,166,4,139.81,559.24
5384,1802,115,3,270.46,811.38
5385,1803,194,2,402.11,804.22
5386,1804,115,2,270.46,540.92
5387,1804,23,4,415.56,1662.24
5388,1804,57,1,397.08,397.08
5389,1804,164,2,135.91,271.82
5390,1804,31,1,417.88,417.88
5391,1805,43,2,137.53,275.06
5392,1805,187,3,442.65,1327.95
5393,1805,49,3,74.12,222.36
5394,1806,21,3,66.79,200.37
5395,1807,35,2,40.34,80.68
5396,1807,44,4,457.0,1828.0
5397,1807,39,1,345.64,345.64
5398,1808,162,4,466.22,1864.88
5399,1809,158,2,417.7,835.4
5400,1809,15,4,142.55,570.2
5401,1810,163,3,469.77,1409.31
5402,1811,180,4,22.83,91.32
5403,1811,132,2,291.69,583.38
5404,1811,156,4,440.24,1760.96
5405,1811,6,2,20.73,41.46
5406,1812,182,3,217.74,653.22
5407,1812,174,3,320.37,961.11
5408,1812,112,4,53.72,214.88
5409,1813,77,3,165.46,496.38
5410,1813,187,1,442.65,442.65
5411,1813,185,2,342.62,685.24
5412,1814,29,2,433.91,867.82
5413,1814,66,1,220.21,220.21
5414,1814,54,4,257.22,1028.88
5415,1814,78,3,60.37,181.11
5416,1814,200,1,178.08,178.08
5417,1815,34,2,468.64,937.28
5418,1815,146,4,336.51,1346.04
5419,1815,88,3,482.36,1447.08
5420,1815,165,1,372.5,372.5
5421,1815,171,4,50.69,202.76
5422,1816,30,2,142.6,285.2
5423,1817,13,4,380.61,1522.44
5424,1817,8,2,303.0,606.0
5425,1817,37,1,126.18,126.18
5426,1818,14,3,350.58,1051.74
5427,1818,27,1,117.81,117.81
5428,1818,35,4,40.34,161.36
5429,1818,111,4,338.32,1353.28
5430,1818,19,2,303.84,607.68
5431,1819,11,3,114.12,342.36
5432,1819,64,3,376.68,1130.04
5433,1819,87,2,436.85,873.7
5434,1820,183,3,157.59,472.77
5435,1820,186,1,55.88,55.88
5436,1821,60,1,266.91,266.91
5437,1821,160,1,266.83,266.83
5438,1821,185,1,342.62,342.62
5439,1821,17,4,55.59,222.36
5440,1821,8,2,303.0,606.0
5441,1822,26,1,39.43,39.43
5442,1822,200,4,178.08,712.32
5443,1823,69,4,486.08,1944.32
5444,1824,94,4,64.9,259.6
5445,1824,181,4,293.34,1173.36
5446,1824,45,2,438.8,877.6
5447,1824,59,3,193.9,581.7
5448,1825,198,4,430.0,1720.0
5449,1825,159,3,154.75,464.25
5450,1826,172,2,415.53,831.06
5451,1826,99,2,34.14,68.28
5452,1826,64,3,376.68,1130.04
5453,1826,80,1,123.53,123.53
5454,1827,115,3,270.46,811.38
5455,1827,75,1,271.99,271.99
5456,1827,62,1,341.74,341.74
5457,1827,128,1,478.87,478.87
5458,1827,84,3,384.09,1152.27
5459,1828,68,3,438.55,1315.65
5460,1829,109,2,214.67,429.34
5461,1830,153,2,41.26,82.52
5462,1830,37,3,126.18,378.54
5463,1831,93,3,450.31,1350.93
5464,1831,101,2,40.07,80.14
5465,1831,133,4,35.17,140.68
5466,1831,119,2,53.46,106.92
5467,1831,94,2,64.9,129.8
5468,1832,15,1,142.55,142.55
5469,1832,191,3,441.3,1323.9
5470,1832,118,3,224.35,673.05
5471,1832,148,1,69.78,69.78
5472,1832,75,3,271.99,815.97
5473,1833,74,4,190.09,760.36
5474,1834,85,4,331.58,1326.32
5475,1834,167,4,109.26,437.04
5476,1834,196,1,83.8,83.8
5477,1834,180,1,22.83,22.83
5478,1835,199,4,103.79,415.16
5479,1835,60,2,266.91,533.82
5480,1836,171,1,50.69,50.69
5481,1836,133,1,35.17,35.17
5482,1836,135,3,241.01,723.03
5483,1836,3,4,74.07,296.28
5484,1837,71,2,435.91,871.82
5485,1837,190,4,432.98,1731.92
5486,1837,157,2,146.07,292.14
5487,1838,98,4,40.14,160.56
5488,1838,186,1,55.88,55.88
5489,1838,143,4,212.52,850.08
5490,1838,39,1,345.64,345.64
5491,1839,8,4,303.0,1212.0
5492,1839,154,3,255.41,766.23
5493,1839,188,4,487.05,1948.2
5494,1839,65,3,173.39,520.17
5495,1839,34,1,468.64,468.64
5496,1840,9,3,103.42,310.26
5497,1841,9,1,103.42,103.42
5498,1841,114,1,128.08,128.08
5499,1841,147,1,123.15,123.15
5500,1842,146,1,336.51,336.51
5501,1842,144,4,284.79,1139.16
5502,1842,122,2,87.32,174.64
5503,1842,143,3,212.52,637.56
5504,1842,61,1,431.09,431.09
5505,1843,88,3,482.36,1447.08
5506,1843,18,1,52.87,52.87
5507,1844,41,1,118.38,118.38
5508,1844,116,1,213.83,213.83
5509,1844,194,4,402.11,1608.44
5510,1844,105,2,290.22,580.44
5511,1844,63,1,342.45,342.45
5512,1845,88,2,482.36,964.72
5513,1845,122,4,87.32,349.28
5514,1845,113,2,365.47,730.94
5515,1846,132,2,291.69,583.38
5516,1847,77,3,165.46,496.38
5517,1847,188,2,487.05,974.1
5518,1847,92,3,326.69,980.07
5519,1847,162,4,466.22,1864.88
5520,1848,68,3,438.55,1315.65
5521,1848,46,2,110.25,220.5
5522,1848,92,4,326.69,1306.76
5523,1848,70,3,256.3,768.9
5524,1849,119,4,53.46,213.84
5525,1850,27,1,117.81,117.81
5526,1851,129,2,332.63,665.26
5527,1852,195,3,406.32,1218.96
5528,1852,15,3,142.55,427.65
5529,1852,190,3,432.98,1298.94
5530,1852,163,3,469.77,1409.31
5531,1853,30,1,142.6,142.6
5532,1853,43,4,137.53,550.12
5533,1854,42,4,403.5,1614.0
5534,1854,58,1,300.22,300.22
5535,1854,83,1,408.93,408.93
5536,1854,147,2,123.15,246.3
5537,1855,160,1,266.83,266.83
5538,1856,63,2,342.45,684.9
5539,1856,110,4,432.6,1730.4
5540,1856,12,1,142.7,142.7
5541,1856,71,2,435.91,871.82
5542,1857,38,1,192.83,192.83
5543,1857,169,2,427.19,854.38
5544,1857,150,3,464.86,1394.58
5545,1857,30,3,142.6,427.8
5546,1857,131,2,112.76,225.52
5547,1858,34,4,468.64,1874.56
5548,1858,51,2,374.77,749.54
5549,1858,120,3,499.64,1498.92
5550,1858,15,1,142.55,142.55
5551,1859,63,4,342.45,1369.8
5552,1859,99,1,34.14,34.14
5553,1859,89,4,378.86,1515.44
5554,1860,156,2,440.24,880.48
5555,1860,124,2,451.71,903.42
5556,1860,189,3,81.5,244.5
5557,1860,104,1,363.06,363.06
5558,1860,194,1,402.11,402.11
5559,1861,2,2,141.14,282.28
5560,1861,198,3,430.0,1290.0
5561,1861,176,3,278.08,834.24
5562,1861,34,1,468.64,468.64
5563,1861,75,2,271.99,543.98
5564,1862,142,1,24.67,24.67
5565,1862,140,1,204.87,204.87
5566,1862,184,4,449.97,1799.88
5567,1862,139,1,339.23,339.23
5568,1863,67,1,6.61,6.61
5569,1863,59,1,193.9,193.9
5570,1863,69,4,486.08,1944.32
5571,1863,82,4,47.4,189.6
5572,1863,4,3,339.97,1019.91
5573,1864,105,4,290.22,1160.88
5574,1864,32,3,188.24,564.72
5575,1865,185,4,342.62,1370.48
5576,1865,75,3,271.99,815.97
5577,1866,166,3,139.81,419.43
5578,1866,149,2,153.5,307.0
5579,1866,158,3,417.7,1253.1
5580,1866,136,1,82.93,82.93
5581,1867,164,4,135.91,543.64
5582,1868,16,2,478.82,957.64
5583,1868,107,3,99.25,297.75
5584,1868,93,2,450.31,900.62
5585,1868,43,4,137.53,550.12
5586,1869,104,4,363.06,1452.24
5587,1869,197,4,58.51,234.04
5588,1869,151,4,9.61,38.44
5589,1869,161,3,409.47,1228.41
5590,1870,8,2,303.0,606.0
5591,1870,107,2,99.25,198.5
5592,1871,80,3,123.53,370.59
5593,1871,76,4,459.65,1838.6
5594,1871,48,4,232.13,928.52
5595,1871,153,3,41.26,123.78
5596,1871,159,3,154.75,464.25
5597,1872,44,4,457.0,1828.0
5598,1873,44,2,457.0,914.0
5599,1874,156,4,440.24,1760.96
5600,1874,89,2,378.86,757.72
5601,1874,178,4,42.25,169.0
5602,1874,76,1,459.65,459.65
5603,1875,96,2,296.21,592.42
5604,1875,18,4,52.87,211.48
5605,1875,197,2,58.51,117.02
5606,1876,79,2,439.97,879.94
5607,1876,66,4,220.21,880.84
5608,1877,128,1,478.87,478.87
5609,1878,116,1,213.83,213.83
5610,1878,158,3,417.7,1253.1
5611,1878,136,3,82.93,248.79
5612,1879,156,1,440.24,440.24
5613,1879,23,3,415.56,1246.68
5614,1879,191,3,441.3,1323.9
5615,1880,177,3,282.65,847.95
5616,1880,164,2,135.91,271.82
5617,1880,183,3,157.59,472.77
5618,1880,4,3,339.97,1019.91
5619,1881,133,2,35.17,70.34
5620,1881,171,4,50.69,202.76
5621,1882,8,4,303.0,1212.0
5622,1882,162,3,466.22,1398.66
5623,1883,122,2,87.32,174.64
5624,1884,174,4,320.37,1281.48
5625,1884,118,4,224.35,897.4
5626,1885,139,3,339.23,1017.69
5627,1885,130,4,81.62,326.48
5628,1885,196,2,83.8,167.6
5629,1885,159,4,154.75,619.0
5630,1885,191,1,441.3,441.3
5631,1886,93,1,450.31,450.31
5632,1886,43,3,137.53,412.59
5633,1886,175,1,84.98,84.98
5634,1887,11,2,114.12,228.24
5635,1887,7,1,113.23,113.23
5636,1887,122,2,87.32,174.64
5637,1887,46,3,110.25,330.75
5638,1888,30,4,142.6,570.4
5639,1888,163,1,469.77,469.77
5640,1888,168,4,105.78,423.12
5641,1889,117,3,234.0,702.0
5642,1889,124,1,451.71,451.71
5643,1890,134,2,33.3,66.6
5644,1891,84,3,384.09,1152.27
5645,1891,58,1,300.22,300.22
5646,1891,65,3,173.39,520.17
5647,1891,140,4,204.87,819.48
5648,1892,44,1,457.0,457.0
5649,1892,71,1,435.91,435.91
5650,1893,71,4,435.91,1743.64
5651,1893,115,1,270.46,270.46
5652,1893,188,3,487.05,1461.15
5653,1893,102,4,142.85,571.4
5654,1894,51,3,374.77,1124.31
5655,1894,190,2,432.98,865.96
5656,1894,185,3,342.62,1027.86
5657,1894,170,3,246.82,740.46
5658,1895,122,1,87.32,87.32
5659,1895,27,4,117.81,471.24
5660,1895,177,1,282.65,282.65
5661,1896,36,2,89.71,179.42
5662,1897,12,1,142.7,142.7
5663,1897,25,2,290.79,581.58
5664,1897,74,2,190.09,380.18
5665,1898,64,3,376.68,1130.04
5666,1899,81,1,439.61,439.61
5667,1899,26,1,39.43,39.43
5668,1899,91,1,202.5,202.5
5669,1900,124,1,451.71,451.71
5670,1900,160,1,266.83,266.83
5671,1901,48,1,232.13,232.13
5672,1901,58,1,300.22,300.22
5673,1902,114,2,128.08,256.16
5674,1902,157,4,146.07,584.28
5675,1902,116,2,213.83,427.66
5676,1902,101,4,40.07,160.28
5677,1903,75,2,271.99,543.98
5678,1903,152,1,499.23,499.23
5679,1903,173,1,6.76,6.76
5680,1903,115,2,270.46,540.92
5681,1904,9,1,103.42,103.42
5682,1905,13,2,380.61,761.22
5683,1905,12,4,142.7,570.8
5684,1906,49,4,74.12,296.48
5685,1906,2,3,141.14,423.42
5686,1906,105,2,290.22,580.44
5687,1906,154,4,255.41,1021.64
5688,1906,68,3,438.55,1315.65
5689,1907,122,3,87.32,261.96
5690,1907,31,2,417.88,835.76
5691,1907,48,1,232.13,232.13
5692,1908,88,4,482.36,1929.44
5693,1909,53,1,184.19,184.19
5694,1910,20,1,366.22,366.22
5695,1910,25,3,290.79,872.37
5696,1910,167,3,109.26,327.78
5697,1910,131,4,112.76,451.04
5698,1910,174,3,320.37,961.11
5699,1911,79,3,439.97,1319.91
5700,1911,119,4,53.46,213.84
5701,1911,109,3,214.67,644.01
5702,1911,168,2,105.78,211.56
5703,1912,23,4,415.56,1662.24
5704,1912,49,4,74.12,296.48
5705,1912,124,4,451.71,1806.84
5706,1913,102,4,142.85,571.4
5707,1913,146,4,336.51,1346.04
5708,1913,161,2,409.47,818.94
5709,1913,94,2,64.9,129.8
5710,1914,124,2,451.71,903.42
5711,1915,86,3,86.74,260.22
5712,1915,174,1,320.37,320.37
5713,1915,85,4,331.58,1326.32
5714,1915,14,2,350.58,701.16
5715,1916,158,1,417.7,417.7
5716,1916,67,1,6.61,6.61
5717,1917,78,2,60.37,120.74
5718,1917,186,1,55.88,55.88
5719,1917,131,4,112.76,451.04
5720,1918,36,2,89.71,179.42
5721,1918,62,4,341.74,1366.96
5722,1919,61,2,431.09,862.18
5723,1919,19,4,303.84,1215.36
5724,1919,82,1,47.4,47.4
5725,1919,2,3,141.14,423.42
5726,1920,144,3,284.79,854.37
5727,1920,141,2,126.88,253.76
5728,1920,12,2,142.7,285.4
5729,1920,117,4,234.0,936.0
5730,1921,76,2,459.65,919.3
5731,1921,183,3,157.59,472.77
5732,1921,2,3,141.14,423.42
5733,1922,187,2,442.65,885.3
5734,1922,171,3,50.69,152.07
5735,1922,40,3,343.88,1031.64
5736,1922,180,3,22.83,68.49
5737,1922,38,2,192.83,385.66
5738,1923,174,1,320.37,320.37
5739,1924,98,3,40.14,120.42
5740,1924,147,2,123.15,246.3
5741,1925,32,3,188.24,564.72
5742,1925,191,3,441.3,1323.9
5743,1925,29,2,433.91,867.82
5744,1926,108,2,331.2,662.4
5745,1926,10,2,352.16,704.32
5746,1926,159,4,154.75,619.0
5747,1926,115,4,270.46,1081.84
5748,1926,68,1,438.55,438.55
5749,1927,168,2,105.78,211.56
5750,1927,75,3,271.99,815.97
5751,1927,49,1,74.12,74.12
5752,1927,191,4,441.3,1765.2
5753,1928,2,4,141.14,564.56
5754,1929,65,3,173.39,520.17
5755,1929,23,1,415.56,415.56
5756,1930,150,3,464.86,1394.58
5757,1930,165,4,372.5,1490.0
5758,1930,102,2,142.85,285.7
5759,1931,15,2,142.55,285.1
5760,1931,200,2,178.08,356.16
5761,1931,78,1,60.37,60.37
5762,1931,163,3,469.77,1409.31
5763,1931,18,1,52.87,52.87
5764,1932,32,4,188.24,752.96
5765,1932,67,4,6.61,26.44
5766,1933,86,3,86.74,260.22
5767,1933,145,2,467.68,935.36
5768,1933,186,2,55.88,111.76
5769,1934,189,3,81.5,244.5
5770,1935,138,4,38.92,155.68
5771,1935,171,2,50.69,101.38
5772,1935,124,4,451.71,1806.84
5773,1935,136,3,82.93,248.79
5774,1936,191,2,441.3,882.6
5775,1936,54,4,257.22,1028.88
5776,1936,120,3,499.64,1498.92
5777,1937,64,1,376.68,376.68
5778,1938,4,2,339.97,679.94
5779,1938,191,3,441.3,1323.9
5780,1938,153,4,41.26,165.04
5781,1939,91,4,202.5,810.0
5782,1939,32,2,188.24,376.48
5783,1939,139,3,339.23,1017.69
5784,1940,44,3,457.0,1371.0
5785,1940,154,1,255.41,255.41
5786,1940,32,1,188.24,188.24
5787,1941,8,1,303.0,303.0
5788,1941,121,1,484.65,484.65
5789,1941,71,2,435.91,871.82
5790,1941,127,2,146.2,292.4
5791,1942,22,3,44.01,132.03
5792,1943,197,1,58.51,58.51
5793,1943,83,4,408.93,1635.72
5794,1943,166,4,139.81,559.24
5795,1944,146,2,336.51,673.02
5796,1944,114,1,128.08,128.08
5797,1944,108,2,331.2,662.4
5798,1944,161,4,409.47,1637.88
5799,1945,151,2,9.61,19.22
5800,1945,46,1,110.25,110.25
5801,1946,194,2,402.11,804.22
5802,1947,58,2,300.22,600.44
5803,1947,130,2,81.62,163.24
5804,1948,34,1,468.64,468.64
5805,1948,192,3,93.78,281.34
5806,1948,95,4,36.69,146.76
5807,1948,53,1,184.19,184.19
5808,1949,171,1,50.69,50.69
5809,1949,84,1,384.09,384.09
5810,1949,39,2,345.64,691.28
5811,1949,167,1,109.26,109.26
5812,1949,33,2,336.74,673.48
5813,1950,73,1,306.44,306.44
5814,1950,65,3,173.39,520.17
5815,1950,99,2,34.14,68.28
5816,1951,55,3,379.11,1137.33
5817,1951,89,3,378.86,1136.58
5818,1951,69,3,486.08,1458.24
5819,1951,133,4,35.17,140.68
5820,1951,128,2,478.87,957.74
5821,1952,7,2,113.23,226.46
5822,1952,196,3,83.8,251.4
5823,1952,187,3,442.65,1327.95
5824,1953,167,1,109.26,109.26
5825,1953,41,4,118.38,473.52
5826,1953,26,4,39.43,157.72
5827,1953,197,2,58.51,117.02
5828,1954,91,2,202.5,405.0
5829,1955,101,3,40.07,120.21
5830,1955,107,3,99.25,297.75
5831,1956,134,3,33.3,99.9
5832,1956,104,2,363.06,726.12
5833,1956,65,1,173.39,173.39
5834,1956,144,3,284.79,854.37
5835,1956,127,1,146.2,146.2
5836,1957,36,4,89.71,358.84
5837,1957,170,4,246.82,987.28
5838,1958,185,2,342.62,685.24
5839,1958,88,4,482.36,1929.44
5840,1958,165,4,372.5,1490.0
5841,1958,143,3,212.52,637.56
5842,1958,198,2,430.0,860.0
5843,1959,122,1,87.32,87.32
5844,1960,41,4,118.38,473.52
5845,1960,22,4,44.01,176.04
5846,1960,25,2,290.79,581.58
5847,1961,43,4,137.53,550.12
5848,1961,83,3,408.93,1226.79
5849,1962,169,1,427.19,427.19
5850,1962,53,1,184.19,184.19
5851,1962,125,3,192.59,577.77
5852,1963,114,1,128.08,128.08
5853,1964,86,2,86.74,173.48
5854,1965,82,1,47.4,47.4
5855,1965,104,4,363.06,1452.24
5856,1965,94,1,64.9,64.9
5857,1966,134,4,33.3,133.2
5858,1967,93,4,450.31,1801.24
5859,1967,67,4,6.61,26.44
5860,1967,64,4,376.68,1506.72
5861,1967,85,2,331.58,663.16
5862,1968,194,3,402.11,1206.33
5863,1969,146,3,336.51,1009.53
5864,1969,119,1,53.46,53.46
5865,1970,183,4,157.59,630.36
5866,1970,198,1,430.0,430.0
5867,1971,164,4,135.91,543.64
5868,1971,189,2,81.5,163.0
5869,1971,172,1,415.53,415.53
5870,1971,60,3,266.91,800.73
5871,1971,4,3,339.97,1019.91
5872,1972,3,2,74.07,148.14
5873,1972,128,3,478.87,1436.61
5874,1972,95,3,36.69,110.07
5875,1972,24,2,443.3,886.6
5876,1973,136,2,82.93,165.86
5877,1973,54,4,257.22,1028.88
5878,1973,67,3,6.61,19.83
5879,1973,30,4,142.6,570.4
5880,1974,63,4,342.45,1369.8
5881,1974,132,3,291.69,875.07
5882,1974,120,4,499.64,1998.56
5883,1974,87,1,436.85,436.85
5884,1975,185,3,342.62,1027.86
5885,1975,75,4,271.99,1087.96
5886,1975,64,4,376.68,1506.72
5887,1976,10,3,352.16,1056.48
5888,1977,128,3,478.87,1436.61
5889,1977,35,2,40.34,80.68
5890,1977,95,2,36.69,73.38
5891,1977,100,2,453.18,906.36
5892,1977,115,4,270.46,1081.84
5893,1978,21,1,66.79,66.79
5894,1978,91,1,202.5,202.5
5895,1978,60,1,266.91,266.91
5896,1978,42,3,403.5,1210.5
5897,1978,187,2,442.65,885.3
5898,1979,109,1,214.67,214.67
5899,1979,174,3,320.37,961.11
5900,1979,194,3,402.11,1206.33
5901,1979,12,4,142.7,570.8
5902,1980,74,3,190.09,570.27
5903,1980,27,4,117.81,471.24
5904,1981,123,2,243.27,486.54
5905,1981,179,2,452.44,904.88
5906,1981,155,1,466.96,466.96
5907,1981,154,1,255.41,255.41
5908,1982,62,2,341.74,683.48
5909,1982,129,4,332.63,1330.52
5910,1982,32,3,188.24,564.72
5911,1983,29,1,433.91,433.91
5912,1983,50,1,282.88,282.88
5913,1984,110,1,432.6,432.6
5914,1984,127,1,146.2,146.2
5915,1985,93,3,450.31,1350.93
5916,1985,50,4,282.88,1131.52
5917,1985,192,1,93.78,93.78
5918,1985,139,3,339.23,1017.69
5919,1986,149,4,153.5,614.0
5920,1986,154,4,255.41,1021.64
5921,1986,200,1,178.08,178.08
5922,1987,182,3,217.74,653.22
5923,1987,148,1,69.78,69.78
5924,1987,165,3,372.5,1117.5
5925,1988,88,1,482.36,482.36
5926,1988,119,4,53.46,213.84
5927,1988,125,3,192.59,577.77
5928,1988,96,4,296.21,1184.84
5929,1988,162,1,466.22,466.22
5930,1989,77,4,165.46,661.84
5931,1990,199,1,103.79,103.79
5932,1990,176,4,278.08,1112.32
5933,1991,158,4,417.7,1670.8
5934,1991,92,1,326.69,326.69
5935,1991,117,3,234.0,702.0
5936,1991,110,3,432.6,1297.8
5937,1991,99,4,34.14,136.56
5938,1992,52,2,449.42,898.84
5939,1993,197,4,58.51,234.04
5940,1993,198,1,430.0,430.0
5941,1993,7,2,113.23,226.46
5942,1993,1,4,60.11,240.44
5943,1993,9,3,103.42,310.26
5944,1994,60,1,266.91,266.91
5945,1994,134,4,33.3,133.2
5946,1994,43,2,137.53,275.06
5947,1995,25,3,290.79,872.37
5948,1996,127,1,146.2,146.2
5949,1996,133,2,35.17,70.34
5950,1997,149,2,153.5,307.0
5951,1997,133,4,35.17,140.68
5952,1997,18,1,52.87,52.87
5953,1997,176,3,278.08,834.24
5954,1998,133,4,35.17,140.68
5955,1998,72,1,421.63,421.63
5956,1999,42,1,403.5,403.5
5957,1999,171,4,50.69,202.76
5958,1999,118,4,224.35,897.4
5959,1999,99,3,34.14,102.42
5960,1999,107,4,99.25,397.0
5961,2000,109,1,214.67,214.67
5962,2000,177,4,282.65,1130.6
5963,2000,121,4,484.65,1938.6
5964,2000,43,1,137.53,137.53
5965,2000,56,3,80.66,241.98
5966,2001,142,1,24.67,24.67
5967,2002,116,4,213.83,855.32
5968,2002,20,2,366.22,732.44
5969,2002,76,2,459.65,919.3
5970,2002,23,1,415.56,415.56
5971,2003,176,4,278.08,1112.32
5972,2003,22,3,44.01,132.03
5973,2004,182,4,217.74,870.96
5974,2004,22,1,44.01,44.01
5975,2005,188,3,487.05,1461.15
5976,2005,57,2,397.08,794.16
5977,2006,32,1,188.24,188.24
5978,2006,163,1,469.77,469.77
5979,2006,99,1,34.14,34.14
5980,2007,179,2,452.44,904.88
5981,2007,104,3,363.06,1089.18
5982,2007,103,2,111.05,222.1
5983,2008,82,4,47.4,189.6
5984,2008,26,4,39.43,157.72
5985,2008,112,2,53.72,107.44
5986,2008,9,1,103.42,103.42
5987,2009,195,2,406.32,812.64
5988,2009,158,2,417.7,835.4
5989,2010,172,2,415.53,831.06
5990,2010,197,2,58.51,117.02
5991,2010,61,4,431.09,1724.36
5992,2010,113,3,365.47,1096.41
5993,2010,82,2,47.4,94.8
5994,2011,136,3,82.93,248.79
5995,2012,126,4,136.28,545.12
5996,2012,139,2,339.23,678.46
5997,2012,67,2,6.61,13.22
5998,2012,114,4,128.08,512.32
5999,2013,132,2,291.69,583.38
6000,2013,37,3,126.18,378.54
6001,2014,32,1,188.24,188.24
6002,2014,198,4,430.0,1720.0
6003,2014,157,1,146.07,146.07
6004,2014,39,1,345.64,345.64
6005,2014,153,2,41.26,82.52
6006,2015,16,3,478.82,1436.46
6007,2015,50,4,282.88,1131.52
6008,2015,159,3,154.75,464.25
6009,2015,179,3,452.44,1357.32
6010,2016,151,4,9.61,38.44
6011,2016,178,4,42.25,169.0
6012,2016,137,2,44.66,89.32
6013,2016,101,4,40.07,160.28
6014,2017,87,1,436.85,436.85
6015,2017,159,3,154.75,464.25
6016,2017,11,3,114.12,342.36
6017,2018,23,3,415.56,1246.68
6018,2018,192,2,93.78,187.56
6019,2018,39,2,345.64,691.28
6020,2019,166,4,139.81,559.24
6021,2019,23,3,415.56,1246.68
6022,2019,98,3,40.14,120.42
6023,2019,91,4,202.5,810.0
6024,2019,6,2,20.73,41.46
6025,2020,96,2,296.21,592.42
6026,2020,64,3,376.68,1130.04
6027,2020,136,3,82.93,248.79
6028,2021,126,3,136.28,408.84
6029,2022,58,4,300.22,1200.88
6030,2022,100,3,453.18,1359.54
6031,2023,153,4,41.26,165.04
6032,2023,47,3,200.84,602.52
6033,2023,121,2,484.65,969.3
6034,2023,158,3,417.7,1253.1
6035,2023,13,1,380.61,380.61
6036,2024,31,4,417.88,1671.52
6037,2024,39,1,345.64,345.64
6038,2024,47,1,200.84,200.84
6039,2024,93,2,450.31,900.62
6040,2024,158,3,417.7,1253.1
6041,2025,109,4,214.67,858.68
6042,2025,88,2,482.36,964.72
6043,2025,118,3,224.35,673.05
6044,2025,98,1,40.14,40.14
6045,2025,129,4,332.63,1330.52
6046,2026,60,4,266.91,1067.64
6047,2026,38,4,192.83,771.32
6048,2026,128,3,478.87,1436.61
6049,2026,45,1,438.8,438.8
6050,2027,48,1,232.13,232.13
6051,2028,132,1,291.69,291.69
6052,2028,28,4,492.68,1970.72
6053,2029,90,1,104.57,104.57
6054,2030,54,4,257.22,1028.88
6055,2030,108,2,331.2,662.4
6056,2030,22,2,44.01,88.02
6057,2031,185,3,342.62,1027.86
6058,2031,3,2,74.07,148.14
6059,2031,74,2,190.09,380.18
6060,2031,175,1,84.98,84.98
6061,2031,135,3,241.01,723.03
6062,2032,101,1,40.07,40.07
6063,2032,121,2,484.65,969.3
6064,2033,98,1,40.14,40.14
6065,2033,158,1,417.7,417.7
6066,2033,67,2,6.61,13.22
6067,2033,89,4,378.86,1515.44
6068,2034,191,2,441.3,882.6
6069,2034,151,3,9.61,28.83
6070,2035,66,4,220.21,880.84
6071,2035,131,4,112.76,451.04
6072,2035,51,2,374.77,749.54
6073,2035,22,2,44.01,88.02
6074,2036,23,4,415.56,1662.24
6075,2036,148,2,69.78,139.56
6076,2036,108,4,331.2,1324.8
6077,2036,119,4,53.46,213.84
6078,2037,132,4,291.69,1166.76
6079,2037,22,4,44.01,176.04
6080,2038,94,4,64.9,259.6
6081,2038,84,4,384.09,1536.36
6082,2038,68,2,438.55,877.1
6083,2038,187,3,442.65,1327.95
6084,2039,66,4,220.21,880.84
6085,2039,145,2,467.68,935.36
6086,2040,114,2,128.08,256.16
6087,2040,4,3,339.97,1019.91
6088,2040,7,2,113.23,226.46
6089,2041,54,2,257.22,514.44
6090,2042,85,4,331.58,1326.32
6091,2043,176,4,278.08,1112.32
6092,2044,199,4,103.79,415.16
6093,2045,27,3,117.81,353.43
6094,2045,61,4,431.09,1724.36
6095,2045,57,2,397.08,794.16
6096,2046,68,4,438.55,1754.2
6097,2047,155,2,466.96,933.92
6098,2048,87,1,436.85,436.85
6099,2048,119,3,53.46,160.38
6100,2048,167,4,109.26,437.04
6101,2049,19,2,303.84,607.68
6102,2049,47,2,200.84,401.68
6103,2049,102,4,142.85,571.4
6104,2050,37,1,126.18,126.18
6105,2050,2,1,141.14,141.14
6106,2051,100,4,453.18,1812.72
6107,2051,99,4,34.14,136.56
6108,2051,85,2,331.58,663.16
6109,2052,86,1,86.74,86.74
6110,2052,3,1,74.07,74.07
6111,2052,139,1,339.23,339.23
6112,2052,133,3,35.17,105.51
6113,2052,22,2,44.01,88.02
6114,2053,36,3,89.71,269.13
6115,2053,165,2,372.5,745.0
6116,2053,4,2,339.97,679.94
6117,2053,156,2,440.24,880.48
6118,2053,195,2,406.32,812.64
6119,2054,187,1,442.65,442.65
6120,2054,193,1,392.28,392.28
6121,2054,120,4,499.64,1998.56
6122,2055,85,2,331.58,663.16
6123,2055,54,2,257.22,514.44
6124,2056,186,2,55.88,111.76
6125,2056,171,4,50.69,202.76
6126,2056,38,2,192.83,385.66
6127,2056,190,1,432.98,432.98
6128,2057,34,4,468.64,1874.56
6129,2058,187,4,442.65,1770.6
6130,2058,129,4,332.63,1330.52
6131,2058,57,4,397.08,1588.32
6132,2058,81,4,439.61,1758.44
6133,2058,125,3,192.59,577.77
6134,2059,80,4,123.53,494.12
6135,2059,18,2,52.87,105.74
6136,2059,53,4,184.19,736.76
6137,2060,156,3,440.24,1320.72
6138,2061,46,4,110.25,441.0
6139,2061,8,3,303.0,909.0
6140,2061,14,3,350.58,1051.74
6141,2061,131,1,112.76,112.76
6142,2062,42,4,403.5,1614.0
6143,2062,153,2,41.26,82.52
6144,2063,49,4,74.12,296.48
6145,2063,126,2,136.28,272.56
6146,2063,48,2,232.13,464.26
6147,2064,132,4,291.69,1166.76
6148,2064,40,4,343.88,1375.52
6149,2064,106,4,393.39,1573.56
6150,2065,5,2,48.03,96.06
6151,2065,6,4,20.73,82.92
6152,2065,85,1,331.58,331.58
6153,2065,198,2,430.0,860.0
6154,2066,28,3,492.68,1478.04
6155,2066,91,1,202.5,202.5
6156,2066,198,3,430.0,1290.0
6157,2067,49,3,74.12,222.36
6158,2068,63,4,342.45,1369.8
6159,2069,26,2,39.43,78.86
6160,2069,155,1,466.96,466.96
6161,2069,143,1,212.52,212.52
6162,2070,146,1,336.51,336.51
6163,2071,162,4,466.22,1864.88
6164,2072,50,3,282.88,848.64
6165,2072,134,3,33.3,99.9
6166,2072,200,3,178.08,534.24
6167,2073,72,4,421.63,1686.52
6168,2073,155,4,466.96,1867.84
6169,2073,39,1,345.64,345.64
6170,2073,19,1,303.84,303.84
6171,2074,78,4,60.37,241.48
6172,2074,55,3,379.11,1137.33
6173,2074,137,2,44.66,89.32
6174,2075,180,4,22.83,91.32
6175,2076,197,3,58.51,175.53
6176,2077,91,2,202.5,405.0
6177,2077,76,4,459.65,1838.6
6178,2077,11,2,114.12,228.24
6179,2077,180,4,22.83,91.32
6180,2077,87,3,436.85,1310.55
6181,2078,65,3,173.39,520.17
6182,2079,3,4,74.07,296.28
6183,2079,100,2,453.18,906.36
6184,2080,7,3,113.23,339.69
6185,2080,104,3,363.06,1089.18
6186,2080,117,4,234.0,936.0
6187,2080,150,3,464.86,1394.58
6188,2081,41,2,118.38,236.76
6189,2081,62,3,341.74,1025.22
6190,2081,137,2,44.66,89.32
6191,2082,180,3,22.83,68.49
6192,2082,42,3,403.5,1210.5
6193,2082,96,3,296.21,888.63
6194,2082,166,4,139.81,559.24
6195,2083,60,1,266.91,266.91
6196,2083,198,2,430.0,860.0
6197,2083,177,2,282.65,565.3
6198,2084,5,2,48.03,96.06
6199,2084,24,1,443.3,443.3
6200,2084,149,3,153.5,460.5
6201,2084,45,4,438.8,1755.2
6202,2085,152,1,499.23,499.23
6203,2085,180,2,22.83,45.66
6204,2085,135,2,241.01,482.02
6205,2086,127,1,146.2,146.2
6206,2086,76,4,459.65,1838.6
6207,2086,161,4,409.47,1637.88
6208,2087,189,3,81.5,244.5
6209,2088,24,4,443.3,1773.2
6210,2088,139,4,339.23,1356.92
6211,2088,72,2,421.63,843.26
6212,2088,144,4,284.79,1139.16
6213,2089,108,2,331.2,662.4
6214,2089,36,3,89.71,269.13
6215,2090,96,1,296.21,296.21
6216,2091,21,4,66.79,267.16
6217,2091,43,4,137.53,550.12
6218,2092,47,1,200.84,200.84
6219,2093,131,3,112.76,338.28
6220,2093,21,3,66.79,200.37
6221,2093,182,1,217.74,217.74
6222,2094,21,1,66.79,66.79
6223,2094,49,1,74.12,74.12
6224,2094,134,1,33.3,33.3
6225,2095,71,4,435.91,1743.64
6226,2095,13,4,380.61,1522.44
6227,2096,79,1,439.97,439.97
6228,2096,64,3,376.68,1130.04
6229,2096,95,2,36.69,73.38
6230,2096,108,1,331.2,331.2
6231,2096,34,4,468.64,1874.56
6232,2097,159,1,154.75,154.75
6233,2097,190,4,432.98,1731.92
6234,2097,56,2,80.66,161.32
6235,2097,51,3,374.77,1124.31
6236,2097,49,1,74.12,74.12
6237,2098,27,4,117.81,471.24
6238,2098,71,3,435.91,1307.73
6239,2098,74,3,190.09,570.27
6240,2098,9,3,103.42,310.26
6241,2099,53,2,184.19,368.38
6242,2099,155,3,466.96,1400.88
6243,2099,191,3,441.3,1323.9
6244,2099,146,2,336.51,673.02
6245,2100,6,1,20.73,20.73
6246,2101,19,1,303.84,303.84
6247,2101,149,4,153.5,614.0
6248,2102,146,3,336.51,1009.53
6249,2102,32,3,188.24,564.72
6250,2102,199,2,103.79,207.58
6251,2103,4,3,339.97,1019.91
6252,2104,146,3,336.51,1009.53
6253,2105,10,1,352.16,352.16
6254,2106,107,2,99.25,198.5
6255,2106,195,4,406.32,1625.28
6256,2106,6,4,20.73,82.92
6257,2106,15,4,142.55,570.2
6258,2107,44,3,457.0,1371.0
6259,2107,128,4,478.87,1915.48
6260,2108,117,2,234.0,468.0
6261,2109,163,2,469.77,939.54
6262,2109,50,1,282.88,282.88
6263,2109,144,2,284.79,569.58
6264,2110,144,2,284.79,569.58
6265,2110,36,2,89.71,179.42
6266,2110,187,4,442.65,1770.6
6267,2111,7,3,113.23,339.69
6268,2111,36,3,89.71,269.13
6269,2111,45,1,438.8,438.8
6270,2112,112,2,53.72,107.44
6271,2112,134,3,33.3,99.9
6272,2113,77,4,165.46,661.84
6273,2113,198,2,430.0,860.0
6274,2113,188,4,487.05,1948.2
6275,2113,95,1,36.69,36.69
6276,2113,12,4,142.7,570.8
6277,2114,30,4,142.6,570.4
6278,2114,145,1,467.68,467.68
6279,2114,150,3,464.86,1394.58
6280,2114,115,3,270.46,811.38
6281,2114,33,1,336.74,336.74
6282,2115,49,4,74.12,296.48
6283,2115,152,4,499.23,1996.92
6284,2115,31,2,417.88,835.76
6285,2115,192,3,93.78,281.34
6286,2116,49,1,74.12,74.12
6287,2116,16,2,478.82,957.64
6288,2116,51,3,374.77,1124.31
6289,2117,186,2,55.88,111.76
6290,2118,136,1,82.93,82.93
6291,2118,49,1,74.12,74.12
6292,2118,194,3,402.11,1206.33
6293,2118,6,4,20.73,82.92
6294,2119,143,1,212.52,212.52
6295,2119,46,4,110.25,441.0
6296,2119,107,2,99.25,198.5
6297,2119,44,3,457.0,1371.0
6298,2119,145,1,467.68,467.68
6299,2120,21,2,66.79,133.58
6300,2120,12,1,142.7,142.7
6301,2121,63,4,342.45,1369.8
6302,2121,2,1,141.14,141.14
6303,2122,64,3,376.68,1130.04
6304,2122,59,3,193.9,581.7
6305,2123,105,2,290.22,580.44
6306,2123,111,3,338.32,1014.96
6307,2124,2,1,141.14,141.14
6308,2124,49,1,74.12,74.12
6309,2124,178,2,42.25,84.5
6310,2125,118,1,224.35,224.35
6311,2125,121,3,484.65,1453.95
6312,2126,93,1,450.31,450.31
6313,2126,135,4,241.01,964.04
6314,2126,109,1,214.67,214.67
6315,2127,87,3,436.85,1310.55
6316,2128,176,3,278.08,834.24
6317,2128,9,1,103.42,103.42
6318,2129,112,2,53.72,107.44
6319,2130,178,3,42.25,126.75
6320,2130,108,1,331.2,331.2
6321,2130,195,3,406.32,1218.96
6322,2130,13,4,380.61,1522.44
6323,2131,57,2,397.08,794.16
6324,2131,77,2,165.46,330.92
6325,2132,194,4,402.11,1608.44
6326,2132,169,4,427.19,1708.76
6327,2133,53,1,184.19,184.19
6328,2133,104,1,363.06,363.06
6329,2134,5,3,48.03,144.09
6330,2135,90,4,104.57,418.28
6331,2135,198,1,430.0,430.0
6332,2135,101,2,40.07,80.14
6333,2136,31,2,417.88,835.76
6334,2136,159,4,154.75,619.0
6335,2136,28,4,492.68,1970.72
6336,2136,59,3,193.9,581.7
6337,2136,146,1,336.51,336.51
6338,2137,25,3,290.79,872.37
6339,2137,35,4,40.34,161.36
6340,2138,94,3,64.9,194.7
6341,2139,163,2,469.77,939.54
6342,2139,187,3,442.65,1327.95
6343,2139,55,3,379.11,1137.33
6344,2139,171,4,50.69,202.76
6345,2140,36,3,89.71,269.13
6346,2140,172,3,415.53,1246.59
6347,2140,43,4,137.53,550.12
6348,2140,45,1,438.8,438.8
6349,2141,193,2,392.28,784.56
6350,2142,138,1,38.92,38.92
6351,2142,113,1,365.47,365.47
6352,2142,101,3,40.07,120.21
6353,2143,76,2,459.65,919.3
6354,2143,31,1,417.88,417.88
6355,2144,156,1,440.24,440.24
6356,2144,1,3,60.11,180.33
6357,2144,94,3,64.9,194.7
6358,2144,32,1,188.24,188.24
6359,2144,183,4,157.59,630.36
6360,2145,149,3,153.5,460.5
6361,2146,105,1,290.22,290.22
6362,2147,166,4,139.81,559.24
6363,2148,114,2,128.08,256.16
6364,2148,110,2,432.6,865.2
6365,2148,160,1,266.83,266.83
6366,2149,81,4,439.61,1758.44
6367,2150,94,2,64.9,129.8
6368,2150,132,4,291.69,1166.76
6369,2151,78,2,60.37,120.74
6370,2151,12,4,142.7,570.8
6371,2151,27,2,117.81,235.62
6372,2151,85,1,331.58,331.58
6373,2151,82,4,47.4,189.6
6374,2152,42,3,403.5,1210.5
6375,2152,67,3,6.61,19.83
6376,2153,199,3,103.79,311.37
6377,2153,45,3,438.8,1316.4
6378,2153,105,2,290.22,580.44
6379,2153,16,1,478.82,478.82
6380,2153,184,4,449.97,1799.88
6381,2154,44,1,457.0,457.0
6382,2155,140,2,204.87,409.74
6383,2155,197,1,58.51,58.51
6384,2156,170,2,246.82,493.64
6385,2156,67,1,6.61,6.61
6386,2157,148,2,69.78,139.56
6387,2157,191,3,441.3,1323.9
6388,2158,53,1,184.19,184.19
6389,2159,130,2,81.62,163.24
6390,2159,9,2,103.42,206.84
6391,2159,156,1,440.24,440.24
6392,2159,89,3,378.86,1136.58
6393,2160,196,2,83.8,167.6
6394,2160,159,2,154.75,309.5
6395,2160,189,2,81.5,163.0
6396,2160,145,4,467.68,1870.72
6397,2161,78,4,60.37,241.48
6398,2161,105,3,290.22,870.66
6399,2161,158,4,417.7,1670.8
6400,2161,176,1,278.08,278.08
6401,2162,6,1,20.73,20.73
6402,2162,82,1,47.4,47.4
6403,2163,128,4,478.87,1915.48
6404,2163,26,1,39.43,39.43
6405,2164,151,4,9.61,38.44
6406,2164,2,1,141.14,141.14
6407,2165,174,4,320.37,1281.48
6408,2165,108,3,331.2,993.6
6409,2165,68,3,438.55,1315.65
6410,2165,46,2,110.25,220.5
6411,2165,79,4,439.97,1759.88
6412,2166,79,4,439.97,1759.88
6413,2166,43,3,137.53,412.59
6414,2166,12,2,142.7,285.4
6415,2166,126,4,136.28,545.12
6416,2167,151,2,9.61,19.22
6417,2168,74,2,190.09,380.18
6418,2168,92,1,326.69,326.69
6419,2168,129,3,332.63,997.89
6420,2168,106,3,393.39,1180.17
6421,2168,36,3,89.71,269.13
6422,2169,197,1,58.51,58.51
6423,2169,187,1,442.65,442.65
6424,2169,107,1,99.25,99.25
6425,2169,191,2,441.3,882.6
6426,2170,182,2,217.74,435.48
6427,2170,56,4,80.66,322.64
6428,2170,14,1,350.58,350.58
6429,2170,78,2,60.37,120.74
6430,2170,170,1,246.82,246.82
6431,2171,97,3,296.28,888.84
6432,2171,46,1,110.25,110.25
6433,2171,154,4,255.41,1021.64
6434,2171,128,2,478.87,957.74
6435,2171,135,2,241.01,482.02
6436,2172,158,3,417.7,1253.1
6437,2172,21,2,66.79,133.58
6438,2172,91,4,202.5,810.0
6439,2173,91,4,202.5,810.0
6440,2174,194,1,402.11,402.11
6441,2174,96,3,296.21,888.63
6442,2174,163,3,469.77,1409.31
6443,2175,59,2,193.9,387.8
6444,2175,131,4,112.76,451.04
6445,2175,179,1,452.44,452.44
6446,2175,117,1,234.0,234.0
6447,2176,149,4,153.5,614.0
6448,2176,115,1,270.46,270.46
6449,2177,121,4,484.65,1938.6
6450,2178,103,3,111.05,333.15
6451,2178,31,1,417.88,417.88
6452,2179,52,3,449.42,1348.26
6453,2180,98,1,40.14,40.14
6454,2180,139,3,339.23,1017.69
6455,2181,160,2,266.83,533.66
6456,2181,124,1,451.71,451.71
6457,2181,14,4,350.58,1402.32
6458,2182,175,4,84.98,339.92
6459,2183,108,1,331.2,331.2
6460,2184,79,4,439.97,1759.88
6461,2185,92,2,326.69,653.38
6462,2185,187,1,442.65,442.65
6463,2185,152,1,499.23,499.23
6464,2185,85,1,331.58,331.58
6465,2186,100,2,453.18,906.36
6466,2186,195,1,406.32,406.32
6467,2187,55,2,379.11,758.22
6468,2187,76,3,459.65,1378.95
6469,2188,71,2,435.91,871.82
6470,2188,6,1,20.73,20.73
6471,2189,171,3,50.69,152.07
6472,2189,164,4,135.91,543.64
6473,2189,104,2,363.06,726.12
6474,2190,2,4,141.14,564.56
6475,2190,55,1,379.11,379.11
6476,2190,9,2,103.42,206.84
6477,2190,143,3,212.52,637.56
6478,2191,152,1,499.23,499.23
6479,2192,11,1,114.12,114.12
6480,2192,67,4,6.61,26.44
6481,2192,129,2,332.63,665.26
6482,2192,13,2,380.61,761.22
6483,2193,148,2,69.78,139.56
6484,2193,39,2,345.64,691.28
6485,2193,165,4,372.5,1490.0
6486,2193,134,4,33.3,133.2
6487,2194,60,3,266.91,800.73
6488,2194,95,3,36.69,110.07
6489,2194,94,2,64.9,129.8
6490,2195,2,4,141.14,564.56
6491,2195,95,3,36.69,110.07
6492,2196,150,1,464.86,464.86
6493,2197,156,1,440.24,440.24
6494,2197,73,4,306.44,1225.76
6495,2198,119,2,53.46,106.92
6496,2199,33,1,336.74,336.74
6497,2199,59,1,193.9,193.9
6498,2200,87,1,436.85,436.85
6499,2200,84,3,384.09,1152.27
6500,2200,177,3,282.65,847.95
6501,2201,117,4,234.0,936.0
6502,2202,62,2,341.74,683.48
6503,2202,93,1,450.31,450.31
6504,2203,50,4,282.88,1131.52
6505,2204,57,4,397.08,1588.32
6506,2204,21,2,66.79,133.58
6507,2204,17,3,55.59,166.77
6508,2205,50,1,282.88,282.88
6509,2206,83,1,408.93,408.93
6510,2206,63,1,342.45,342.45
6511,2207,105,3,290.22,870.66
6512,2207,164,1,135.91,135.91
6513,2207,30,1,142.6,142.6
6514,2207,82,2,47.4,94.8
6515,2208,30,3,142.6,427.8
6516,2208,175,3,84.98,254.94
6517,2208,116,3,213.83,641.49
6518,2208,145,2,467.68,935.36
6519,2208,35,1,40.34,40.34
6520,2209,43,4,137.53,550.12
6521,2209,56,1,80.66,80.66
6522,2209,89,2,378.86,757.72
6523,2210,54,1,257.22,257.22
6524,2210,123,3,243.27,729.81
6525,2210,12,4,142.7,570.8
6526,2210,17,4,55.59,222.36
6527,2210,81,1,439.61,439.61
6528,2211,101,1,40.07,40.07
6529,2212,114,3,128.08,384.24
6530,2212,157,3,146.07,438.21
6531,2212,10,1,352.16,352.16
6532,2212,182,3,217.74,653.22
6533,2213,86,4,86.74,346.96
6534,2213,197,1,58.51,58.51
6535,2213,39,2,345.64,691.28
6536,2213,104,4,363.06,1452.24
6537,2214,99,3,34.14,102.42
6538,2214,142,1,24.67,24.67
6539,2214,48,3,232.13,696.39
6540,2215,199,1,103.79,103.79
6541,2216,165,2,372.5,745.0
6542,2216,18,4,52.87,211.48
6543,2217,185,3,342.62,1027.86
6544,2217,188,1,487.05,487.05
6545,2217,64,2,376.68,753.36
6546,2217,1,2,60.11,120.22
6547,2217,75,1,271.99,271.99
6548,2218,160,4,266.83,1067.32
6549,2219,60,1,266.91,266.91
6550,2219,180,3,22.83,68.49
6551,2219,154,3,255.41,766.23
6552,2219,181,2,293.34,586.68
6553,2219,12,4,142.7,570.8
6554,2220,153,2,41.26,82.52
6555,2220,15,4,142.55,570.2
6556,2220,100,2,453.18,906.36
6557,2220,71,1,435.91,435.91
6558,2220,181,4,293.34,1173.36
6559,2221,177,4,282.65,1130.6
6560,2221,153,3,41.26,123.78
6561,2222,130,3,81.62,244.86
6562,2222,149,2,153.5,307.0
6563,2222,2,1,141.14,141.14
6564,2222,89,2,378.86,757.72
6565,2223,27,4,117.81,471.24
6566,2223,38,2,192.83,385.66
6567,2223,89,1,378.86,378.86
6568,2224,71,1,435.91,435.91
6569,2224,88,4,482.36,1929.44
6570,2224,116,3,213.83,641.49
6571,2224,70,4,256.3,1025.2
6572,2225,88,1,482.36,482.36
6573,2225,108,2,331.2,662.4
6574,2225,172,4,415.53,1662.12
6575,2226,128,2,478.87,957.74
6576,2226,78,3,60.37,181.11
6577,2226,163,2,469.77,939.54
6578,2227,72,4,421.63,1686.52
6579,2227,20,3,366.22,1098.66
6580,2227,83,4,408.93,1635.72
6581,2227,120,3,499.64,1498.92
6582,2228,136,1,82.93,82.93
6583,2228,131,3,112.76,338.28
6584,2229,22,3,44.01,132.03
6585,2229,101,2,40.07,80.14
6586,2229,78,4,60.37,241.48
6587,2230,161,1,409.47,409.47
6588,2230,42,3,403.5,1210.5
6589,2230,44,1,457.0,457.0
6590,2231,45,3,438.8,1316.4
6591,2231,7,2,113.23,226.46
6592,2232,41,4,118.38,473.52
6593,2233,39,1,345.64,345.64
6594,2234,139,4,339.23,1356.92
6595,2234,28,1,492.68,492.68
6596,2234,160,1,266.83,266.83
6597,2234,114,2,128.08,256.16
6598,2234,85,2,331.58,663.16
6599,2235,59,2,193.9,387.8
6600,2235,95,2,36.69,73.38
6601,2235,8,4,303.0,1212.0
6602,2235,177,3,282.65,847.95
6603,2236,4,1,339.97,339.97
6604,2237,85,4,331.58,1326.32
6605,2237,110,1,432.6,432.6
6606,2237,124,4,451.71,1806.84
6607,2238,181,2,293.34,586.68
6608,2239,141,1,126.88,126.88
6609,2239,88,3,482.36,1447.08
6610,2239,43,4,137.53,550.12
6611,2239,152,1,499.23,499.23
6612,2239,170,2,246.82,493.64
6613,2240,175,4,84.98,339.92
6614,2240,36,3,89.71,269.13
6615,2241,92,3,326.69,980.07
6616,2241,199,1,103.79,103.79
6617,2241,29,4,433.91,1735.64
6618,2242,8,3,303.0,909.0
6619,2242,9,3,103.42,310.26
6620,2242,124,2,451.71,903.42
6621,2242,106,1,393.39,393.39
6622,2243,28,3,492.68,1478.04
6623,2244,162,4,466.22,1864.88
6624,2244,116,4,213.83,855.32
6625,2245,82,2,47.4,94.8
6626,2245,111,2,338.32,676.64
6627,2245,161,2,409.47,818.94
6628,2245,188,2,487.05,974.1
6629,2246,137,2,44.66,89.32
6630,2247,120,1,499.64,499.64
6631,2247,40,1,343.88,343.88
6632,2247,61,3,431.09,1293.27
6633,2247,155,1,466.96,466.96
6634,2248,48,4,232.13,928.52
6635,2248,160,1,266.83,266.83
6636,2249,58,4,300.22,1200.88
6637,2249,50,4,282.88,1131.52
6638,2250,13,1,380.61,380.61
6639,2250,4,1,339.97,339.97
6640,2250,105,2,290.22,580.44
6641,2250,66,4,220.21,880.84
6642,2250,73,1,306.44,306.44
6643,2251,156,2,440.24,880.48
6644,2251,61,3,431.09,1293.27
6645,2251,185,4,342.62,1370.48
6646,2251,172,4,415.53,1662.12
6647,2251,45,1,438.8,438.8
6648,2252,96,3,296.21,888.63
6649,2253,163,3,469.77,1409.31
6650,2253,11,3,114.12,342.36
6651,2254,153,2,41.26,82.52
6652,2254,81,4,439.61,1758.44
6653,2254,189,1,81.5,81.5
6654,2254,5,4,48.03,192.12
6655,2254,29,4,433.91,1735.64
6656,2255,32,2,188.24,376.48
6657,2255,190,3,432.98,1298.94
6658,2255,67,3,6.61,19.83
6659,2255,171,1,50.69,50.69
6660,2255,5,1,48.03,48.03
6661,2256,197,4,58.51,234.04
6662,2256,22,2,44.01,88.02
6663,2256,122,3,87.32,261.96
6664,2256,198,3,430.0,1290.0
6665,2256,147,2,123.15,246.3
6666,2257,109,1,214.67,214.67
6667,2257,62,2,341.74,683.48
6668,2257,63,2,342.45,684.9
6669,2257,184,3,449.97,1349.91
6670,2258,195,3,406.32,1218.96
6671,2259,127,1,146.2,146.2
6672,2259,153,3,41.26,123.78
6673,2259,16,1,478.82,478.82
6674,2259,2,3,141.14,423.42
6675,2259,48,3,232.13,696.39
6676,2260,144,3,284.79,854.37
6677,2260,169,2,427.19,854.38
6678,2260,70,4,256.3,1025.2
6679,2260,146,4,336.51,1346.04
6680,2261,41,4,118.38,473.52
6681,2261,111,1,338.32,338.32
6682,2261,138,3,38.92,116.76
6683,2262,69,4,486.08,1944.32
6684,2262,139,2,339.23,678.46
6685,2262,102,2,142.85,285.7
6686,2262,47,3,200.84,602.52
6687,2262,7,1,113.23,113.23
6688,2263,178,2,42.25,84.5
6689,2263,128,2,478.87,957.74
6690,2263,194,2,402.11,804.22
6691,2263,20,1,366.22,366.22
6692,2263,40,2,343.88,687.76
6693,2264,84,4,384.09,1536.36
6694,2264,67,1,6.61,6.61
6695,2264,173,4,6.76,27.04
6696,2264,71,1,435.91,435.91
6697,2265,180,4,22.83,91.32
6698,2266,105,2,290.22,580.44
6699,2266,135,3,241.01,723.03
6700,2267,149,3,153.5,460.5
6701,2267,82,2,47.4,94.8
6702,2267,123,2,243.27,486.54
6703,2268,24,1,443.3,443.3
6704,2268,190,3,432.98,1298.94
6705,2268,150,4,464.86,1859.44
6706,2269,149,1,153.5,153.5
6707,2269,113,2,365.47,730.94
6708,2269,107,4,99.25,397.0
6709,2270,95,3,36.69,110.07
6710,2270,142,1,24.67,24.67
6711,2270,52,4,449.42,1797.68
6712,2270,116,4,213.83,855.32
6713,2271,87,1,436.85,436.85
6714,2271,98,4,40.14,160.56
6715,2272,16,3,478.82,1436.46
6716,2272,12,3,142.7,428.1
6717,2273,93,4,450.31,1801.24
6718,2273,55,2,379.11,758.22
6719,2273,199,2,103.79,207.58
6720,2274,146,3,336.51,1009.53
6721,2274,144,1,284.79,284.79
6722,2274,16,1,478.82,478.82
6723,2274,102,2,142.85,285.7
6724,2274,32,4,188.24,752.96
6725,2275,94,4,64.9,259.6
6726,2275,131,4,112.76,451.04
6727,2275,77,1,165.46,165.46
6728,2275,89,1,378.86,378.86
6729,2275,140,1,204.87,204.87
6730,2276,37,2,126.18,252.36
6731,2277,101,1,40.07,40.07
6732,2278,50,3,282.88,848.64
6733,2279,145,4,467.68,1870.72
6734,2280,89,4,378.86,1515.44
6735,2280,117,4,234.0,936.0
6736,2280,182,2,217.74,435.48
6737,2280,148,1,69.78,69.78
6738,2280,197,3,58.51,175.53
6739,2281,26,4,39.43,157.72
6740,2282,197,2,58.51,117.02
6741,2282,4,1,339.97,339.97
6742,2282,120,4,499.64,1998.56
6743,2282,144,2,284.79,569.58
6744,2283,36,2,89.71,179.42
6745,2283,105,3,290.22,870.66
6746,2284,54,4,257.22,1028.88
6747,2284,19,4,303.84,1215.36
6748,2284,73,1,306.44,306.44
6749,2284,170,2,246.82,493.64
6750,2285,175,1,84.98,84.98
6751,2285,22,4,44.01,176.04
6752,2285,191,3,441.3,1323.9
6753,2286,135,2,241.01,482.02
6754,2286,71,1,435.91,435.91
6755,2286,31,2,417.88,835.76
6756,2286,176,3,278.08,834.24
6757,2287,129,3,332.63,997.89
6758,2287,91,4,202.5,810.0
6759,2288,188,1,487.05,487.05
6760,2288,65,2,173.39,346.78
6761,2288,160,2,266.83,533.66
6762,2288,127,1,146.2,146.2
6763,2289,186,1,55.88,55.88
6764,2289,170,2,246.82,493.64
6765,2289,139,4,339.23,1356.92
6766,2289,66,2,220.21,440.42
6767,2290,40,4,343.88,1375.52
6768,2290,193,3,392.28,1176.84
6769,2290,69,4,486.08,1944.32
6770,2290,70,1,256.3,256.3
6771,2291,185,3,342.62,1027.86
6772,2291,186,3,55.88,167.64
6773,2291,72,3,421.63,1264.89
6774,2291,139,1,339.23,339.23
6775,2291,159,2,154.75,309.5
6776,2292,138,3,38.92,116.76
6777,2292,21,1,66.79,66.79
6778,2292,148,1,69.78,69.78
6779,2292,96,4,296.21,1184.84
6780,2293,1,2,60.11,120.22
6781,2293,93,3,450.31,1350.93
6782,2293,197,1,58.51,58.51
6783,2293,79,4,439.97,1759.88
6784,2294,110,4,432.6,1730.4
6785,2294,120,2,499.64,999.28
6786,2294,85,2,331.58,663.16
6787,2294,86,1,86.74,86.74
6788,2295,117,2,234.0,468.0
6789,2295,102,1,142.85,142.85
6790,2295,194,2,402.11,804.22
6791,2295,7,3,113.23,339.69
6792,2296,73,3,306.44,919.32
6793,2296,152,4,499.23,1996.92
6794,2297,74,4,190.09,760.36
6795,2297,156,2,440.24,880.48
6796,2298,41,2,118.38,236.76
6797,2298,134,3,33.3,99.9
6798,2298,194,4,402.11,1608.44
6799,2298,118,1,224.35,224.35
6800,2298,150,3,464.86,1394.58
6801,2299,171,4,50.69,202.76
6802,2300,199,1,103.79,103.79
6803,2300,110,4,432.6,1730.4
6804,2300,186,4,55.88,223.52
6805,2300,6,1,20.73,20.73
6806,2301,64,4,376.68,1506.72
6807,2301,182,2,217.74,435.48
6808,2302,172,2,415.53,831.06
6809,2302,26,1,39.43,39.43
6810,2302,45,2,438.8,877.6
6811,2302,131,2,112.76,225.52
6812,2303,23,1,415.56,415.56
6813,2303,179,4,452.44,1809.76
6814,2304,111,3,338.32,1014.96
6815,2305,184,4,449.97,1799.88
6816,2305,151,2,9.61,19.22
6817,2305,143,1,212.52,212.52
6818,2306,12,2,142.7,285.4
6819,2307,72,1,421.63,421.63
6820,2307,77,3,165.46,496.38
6821,2307,63,2,342.45,684.9
6822,2307,3,4,74.07,296.28
6823,2307,16,3,478.82,1436.46
6824,2308,61,1,431.09,431.09
6825,2308,107,3,99.25,297.75
6826,2309,121,4,484.65,1938.6
6827,2309,81,3,439.61,1318.83
6828,2309,188,3,487.05,1461.15
6829,2309,51,2,374.77,749.54
6830,2309,47,3,200.84,602.52
6831,2310,60,3,266.91,800.73
6832,2311,113,4,365.47,1461.88
6833,2312,105,4,290.22,1160.88
6834,2312,51,4,374.77,1499.08
6835,2313,46,4,110.25,441.0
6836,2314,151,1,9.61,9.61
6837,2314,120,4,499.64,1998.56
6838,2314,159,4,154.75,619.0
6839,2314,81,4,439.61,1758.44
6840,2314,126,4,136.28,545.12
6841,2315,15,4,142.55,570.2
6842,2315,168,2,105.78,211.56
6843,2315,72,2,421.63,843.26
6844,2315,92,3,326.69,980.07
6845,2315,164,2,135.91,271.82
6846,2316,5,1,48.03,48.03
6847,2316,81,4,439.61,1758.44
6848,2316,144,2,284.79,569.58
6849,2316,42,2,403.5,807.0
6850,2316,127,3,146.2,438.6
6851,2317,91,4,202.5,810.0
6852,2317,90,4,104.57,418.28
6853,2317,171,3,50.69,152.07
6854,2318,156,1,440.24,440.24
6855,2319,192,3,93.78,281.34
6856,2319,6,3,20.73,62.19
6857,2319,175,3,84.98,254.94
6858,2320,159,4,154.75,619.0
6859,2320,3,2,74.07,148.14
6860,2320,196,2,83.8,167.6
6861,2320,146,3,336.51,1009.53
6862,2321,133,3,35.17,105.51
6863,2321,128,4,478.87,1915.48
6864,2322,107,1,99.25,99.25
6865,2322,134,3,33.3,99.9
6866,2322,193,4,392.28,1569.12
6867,2322,178,2,42.25,84.5
6868,2322,195,3,406.32,1218.96
6869,2323,22,3,44.01,132.03
6870,2323,112,4,53.72,214.88
6871,2324,142,2,24.67,49.34
6872,2324,122,2,87.32,174.64
6873,2324,139,4,339.23,1356.92
6874,2324,34,2,468.64,937.28
6875,2325,10,2,352.16,704.32
6876,2326,175,3,84.98,254.94
6877,2326,102,1,142.85,142.85
6878,2326,122,4,87.32,349.28
6879,2327,62,3,341.74,1025.22
6880,2327,73,1,306.44,306.44
6881,2327,192,3,93.78,281.34
6882,2327,86,4,86.74,346.96
6883,2327,14,3,350.58,1051.74
6884,2328,187,1,442.65,442.65
6885,2328,31,1,417.88,417.88
6886,2328,148,1,69.78,69.78
6887,2329,24,2,443.3,886.6
6888,2330,72,2,421.63,843.26
6889,2330,37,3,126.18,378.54
6890,2330,16,1,478.82,478.82
6891,2330,194,1,402.11,402.11
6892,2330,5,3,48.03,144.09
6893,2331,143,3,212.52,637.56
6894,2331,87,4,436.85,1747.4
6895,2331,117,1,234.0,234.0
6896,2332,28,2,492.68,985.36
6897,2333,101,4,40.07,160.28
6898,2333,162,1,466.22,466.22
6899,2333,9,2,103.42,206.84
6900,2333,50,4,282.88,1131.52
6901,2334,193,3,392.28,1176.84
6902,2335,158,1,417.7,417.7
6903,2335,40,1,343.88,343.88
6904,2335,48,3,232.13,696.39
6905,2336,11,4,114.12,456.48
6906,2336,29,1,433.91,433.91
6907,2336,57,2,397.08,794.16
6908,2336,192,4,93.78,375.12
6909,2336,67,1,6.61,6.61
6910,2337,70,3,256.3,768.9
6911,2337,42,4,403.5,1614.0
6912,2337,9,2,103.42,206.84
6913,2337,90,2,104.57,209.14
6914,2337,164,3,135.91,407.73
6915,2338,10,1,352.16,352.16
6916,2338,125,3,192.59,577.77
6917,2338,34,4,468.64,1874.56
6918,2338,103,4,111.05,444.2
6919,2339,133,2,35.17,70.34
6920,2339,100,4,453.18,1812.72
6921,2340,200,3,178.08,534.24
6922,2340,42,4,403.5,1614.0
6923,2340,113,3,365.47,1096.41
6924,2341,63,2,342.45,684.9
6925,2341,175,3,84.98,254.94
6926,2342,59,3,193.9,581.7
6927,2342,124,1,451.71,451.71
6928,2342,92,2,326.69,653.38
6929,2342,86,1,86.74,86.74
6930,2343,133,2,35.17,70.34
6931,2343,193,2,392.28,784.56
6932,2343,181,1,293.34,293.34
6933,2344,98,3,40.14,120.42
6934,2344,82,1,47.4,47.4
6935,2344,9,2,103.42,206.84
6936,2345,179,2,452.44,904.88
6937,2346,157,3,146.07,438.21
6938,2347,186,4,55.88,223.52
6939,2347,95,2,36.69,73.38
6940,2347,82,4,47.4,189.6
6941,2347,27,2,117.81,235.62
6942,2348,95,4,36.69,146.76
6943,2348,172,2,415.53,831.06
6944,2348,17,1,55.59,55.59
6945,2349,113,3,365.47,1096.41
6946,2349,151,2,9.61,19.22
6947,2349,26,1,39.43,39.43
6948,2350,1,1,60.11,60.11
6949,2350,112,2,53.72,107.44
6950,2350,133,2,35.17,70.34
6951,2350,27,1,117.81,117.81
6952,2350,182,2,217.74,435.48
6953,2351,152,1,499.23,499.23
6954,2351,99,1,34.14,34.14
6955,2351,167,4,109.26,437.04
6956,2352,30,2,142.6,285.2
6957,2352,57,4,397.08,1588.32
6958,2352,72,3,421.63,1264.89
6959,2352,120,4,499.64,1998.56
6960,2352,106,2,393.39,786.78
6961,2353,113,1,365.47,365.47
6962,2353,88,2,482.36,964.72
6963,2353,55,4,379.11,1516.44
6964,2354,116,2,213.83,427.66
6965,2354,185,2,342.62,685.24
6966,2354,136,3,82.93,248.79
6967,2354,187,4,442.65,1770.6
6968,2355,41,3,118.38,355.14
6969,2355,79,4,439.97,1759.88
6970,2355,149,2,153.5,307.0
6971,2355,152,4,499.23,1996.92
6972,2355,134,2,33.3,66.6
6973,2356,198,1,430.0,430.0
6974,2356,69,4,486.08,1944.32
6975,2356,186,4,55.88,223.52
6976,2356,47,2,200.84,401.68
6977,2356,152,1,499.23,499.23
6978,2357,12,1,142.7,142.7
6979,2357,82,4,47.4,189.6
6980,2357,173,2,6.76,13.52
6981,2357,1,1,60.11,60.11
6982,2358,83,2,408.93,817.86
6983,2358,47,2,200.84,401.68
6984,2358,169,1,427.19,427.19
6985,2358,151,3,9.61,28.83
6986,2359,37,2,126.18,252.36
6987,2359,99,1,34.14,34.14
6988,2359,32,4,188.24,752.96
6989,2359,169,3,427.19,1281.57
6990,2360,148,2,69.78,139.56
6991,2360,151,2,9.61,19.22
6992,2360,91,2,202.5,405.0
6993,2361,26,2,39.43,78.86
6994,2361,10,3,352.16,1056.48
6995,2362,126,4,136.28,545.12
6996,2363,32,2,188.24,376.48
6997,2363,69,4,486.08,1944.32
6998,2364,166,3,139.81,419.43
6999,2364,175,3,84.98,254.94
7000,2364,165,3,372.5,1117.5
7001,2364,70,4,256.3,1025.2
7002,2364,150,1,464.86,464.86
7003,2365,181,2,293.34,586.68
7004,2366,104,1,363.06,363.06
7005,2366,83,3,408.93,1226.79
7006,2367,172,4,415.53,1662.12
7007,2367,38,1,192.83,192.83
7008,2367,163,2,469.77,939.54
7009,2367,92,4,326.69,1306.76
7010,2367,137,3,44.66,133.98
7011,2368,115,2,270.46,540.92
7012,2368,187,1,442.65,442.65
7013,2369,23,3,415.56,1246.68
7014,2369,97,4,296.28,1185.12
7015,2370,83,2,408.93,817.86
7016,2370,132,2,291.69,583.38
7017,2370,7,1,113.23,113.23
7018,2370,137,1,44.66,44.66
7019,2370,70,3,256.3,768.9
7020,2371,85,4,331.58,1326.32
7021,2371,88,3,482.36,1447.08
7022,2371,41,2,118.38,236.76
7023,2371,50,3,282.88,848.64
7024,2371,103,3,111.05,333.15
7025,2372,138,1,38.92,38.92
7026,2373,164,4,135.91,543.64
7027,2373,30,1,142.6,142.6
7028,2374,65,4,173.39,693.56
7029,2375,136,1,82.93,82.93
7030,2375,38,1,192.83,192.83
7031,2376,94,3,64.9,194.7
7032,2376,186,1,55.88,55.88
7033,2376,45,1,438.8,438.8
7034,2376,8,3,303.0,909.0
7035,2376,90,2,104.57,209.14
7036,2377,89,2,378.86,757.72
7037,2378,21,2,66.79,133.58
7038,2379,172,1,415.53,415.53
7039,2379,42,2,403.5,807.0
7040,2379,5,4,48.03,192.12
7041,2379,119,1,53.46,53.46
7042,2379,126,2,136.28,272.56
7043,2380,144,1,284.79,284.79
7044,2380,101,4,40.07,160.28
7045,2381,153,1,41.26,41.26
7046,2382,174,1,320.37,320.37
7047,2383,87,1,436.85,436.85
7048,2383,154,1,255.41,255.41
7049,2384,1,3,60.11,180.33
7050,2384,159,4,154.75,619.0
7051,2385,87,3,436.85,1310.55
7052,2386,166,2,139.81,279.62
7053,2386,176,1,278.08,278.08
7054,2386,141,2,126.88,253.76
7055,2387,200,1,178.08,178.08
7056,2387,130,2,81.62,163.24
7057,2387,51,3,374.77,1124.31
7058,2387,20,2,366.22,732.44
7059,2387,82,1,47.4,47.4
7060,2388,39,2,345.64,691.28
7061,2388,104,3,363.06,1089.18
7062,2388,166,1,139.81,139.81
7063,2388,66,3,220.21,660.63
7064,2388,169,2,427.19,854.38
7065,2389,22,1,44.01,44.01
7066,2389,66,2,220.21,440.42
7067,2390,126,1,136.28,136.28
7068,2390,53,1,184.19,184.19
7069,2390,73,2,306.44,612.88
7070,2390,179,3,452.44,1357.32
7071,2391,13,1,380.61,380.61
7072,2392,174,2,320.37,640.74
7073,2392,168,4,105.78,423.12
7074,2392,98,3,40.14,120.42
7075,2393,49,3,74.12,222.36
7076,2393,74,2,190.09,380.18
7077,2393,67,2,6.61,13.22
7078,2393,19,1,303.84,303.84
7079,2394,122,2,87.32,174.64
7080,2395,127,3,146.2,438.6
7081,2396,19,4,303.84,1215.36
7082,2396,70,3,256.3,768.9
7083,2396,44,1,457.0,457.0
7084,2396,47,2,200.84,401.68
7085,2396,132,1,291.69,291.69
7086,2397,104,4,363.06,1452.24
7087,2397,14,1,350.58,350.58
7088,2397,92,4,326.69,1306.76
7089,2397,158,2,417.7,835.4
7090,2398,41,1,118.38,118.38
7091,2398,168,3,105.78,317.34
7092,2398,56,3,80.66,241.98
7093,2398,102,3,142.85,428.55
7094,2398,101,2,40.07,80.14
7095,2399,9,3,103.42,310.26
7096,2399,183,1,157.59,157.59
7097,2400,114,3,128.08,384.24
7098,2400,139,4,339.23,1356.92
7099,2400,151,4,9.61,38.44
7100,2400,165,4,372.5,1490.0
7101,2400,176,3,278.08,834.24
7102,2401,171,1,50.69,50.69
7103,2401,15,3,142.55,427.65
7104,2401,196,4,83.8,335.2
7105,2401,97,3,296.28,888.84
7106,2401,131,3,112.76,338.28
7107,2402,199,3,103.79,311.37
7108,2402,27,4,117.81,471.24
7109,2403,152,4,499.23,1996.92
7110,2403,50,1,282.88,282.88
7111,2403,129,1,332.63,332.63
7112,2403,153,1,41.26,41.26
7113,2404,76,1,459.65,459.65
7114,2404,195,1,406.32,406.32
7115,2404,142,2,24.67,49.34
7116,2404,23,1,415.56,415.56
7117,2404,187,4,442.65,1770.6
7118,2405,128,3,478.87,1436.61
7119,2405,188,1,487.05,487.05
7120,2405,176,4,278.08,1112.32
7121,2405,155,2,466.96,933.92
7122,2406,194,1,402.11,402.11
7123,2406,193,3,392.28,1176.84
7124,2406,147,4,123.15,492.6
7125,2406,153,1,41.26,41.26
7126,2406,192,2,93.78,187.56
7127,2407,49,1,74.12,74.12
7128,2407,99,4,34.14,136.56
7129,2407,25,1,290.79,290.79
7130,2408,47,1,200.84,200.84
7131,2408,162,2,466.22,932.44
7132,2408,93,1,450.31,450.31
7133,2408,95,4,36.69,146.76
7134,2409,36,3,89.71,269.13
7135,2410,179,3,452.44,1357.32
7136,2410,124,2,451.71,903.42
7137,2410,151,4,9.61,38.44
7138,2410,143,2,212.52,425.04
7139,2411,63,4,342.45,1369.8
7140,2412,114,4,128.08,512.32
7141,2412,40,4,343.88,1375.52
7142,2412,71,3,435.91,1307.73
7143,2412,155,4,466.96,1867.84
7144,2413,157,2,146.07,292.14
7145,2413,45,2,438.8,877.6
7146,2413,7,4,113.23,452.92
7147,2414,149,4,153.5,614.0
7148,2414,164,4,135.91,543.64
7149,2414,141,4,126.88,507.52
7150,2415,91,2,202.5,405.0
7151,2415,178,2,42.25,84.5
7152,2415,69,4,486.08,1944.32
7153,2415,101,1,40.07,40.07
7154,2415,170,1,246.82,246.82
7155,2416,194,1,402.11,402.11
7156,2416,184,3,449.97,1349.91
7157,2416,57,3,397.08,1191.24
7158,2416,139,1,339.23,339.23
7159,2417,60,4,266.91,1067.64
7160,2417,59,4,193.9,775.6
7161,2417,95,1,36.69,36.69
7162,2417,173,3,6.76,20.28
7163,2418,49,2,74.12,148.24
7164,2418,163,1,469.77,469.77
7165,2418,119,3,53.46,160.38
7166,2418,139,1,339.23,339.23
7167,2418,161,3,409.47,1228.41
7168,2419,24,2,443.3,886.6
7169,2419,99,1,34.14,34.14
7170,2419,177,3,282.65,847.95
7171,2420,22,3,44.01,132.03
7172,2420,150,4,464.86,1859.44
7173,2420,34,4,468.64,1874.56
7174,2420,140,4,204.87,819.48
7175,2420,66,2,220.21,440.42
7176,2421,164,4,135.91,543.64
7177,2421,75,1,271.99,271.99
7178,2421,92,4,326.69,1306.76
7179,2421,125,4,192.59,770.36
7180,2421,52,3,449.42,1348.26
7181,2422,59,2,193.9,387.8
7182,2423,155,4,466.96,1867.84
7183,2423,5,3,48.03,144.09
7184,2423,111,2,338.32,676.64
7185,2423,143,2,212.52,425.04
7186,2424,114,2,128.08,256.16
7187,2424,37,3,126.18,378.54
7188,2425,81,4,439.61,1758.44
7189,2425,176,1,278.08,278.08
7190,2425,92,1,326.69,326.69
7191,2425,156,3,440.24,1320.72
7192,2425,41,2,118.38,236.76
7193,2426,167,2,109.26,218.52
7194,2427,64,2,376.68,753.36
7195,2427,100,1,453.18,453.18
7196,2427,15,1,142.55,142.55
7197,2427,181,4,293.34,1173.36
7198,2427,199,1,103.79,103.79
7199,2428,52,1,449.42,449.42
7200,2428,86,1,86.74,86.74
7201,2428,108,2,331.2,662.4
7202,2429,165,1,372.5,372.5
7203,2429,154,1,255.41,255.41
7204,2430,108,1,331.2,331.2
7205,2430,190,1,432.98,432.98
7206,2430,198,4,430.0,1720.0
7207,2430,80,3,123.53,370.59
7208,2430,64,3,376.68,1130.04
7209,2431,98,3,40.14,120.42
7210,2431,3,2,74.07,148.14
7211,2431,165,4,372.5,1490.0
7212,2431,123,3,243.27,729.81
7213,2432,187,1,442.65,442.65
7214,2433,64,3,376.68,1130.04
7215,2433,198,4,430.0,1720.0
7216,2433,144,1,284.79,284.79
7217,2433,105,2,290.22,580.44
7218,2434,132,4,291.69,1166.76
7219,2434,186,1,55.88,55.88
7220,2434,192,1,93.78,93.78
7221,2435,134,3,33.3,99.9
7222,2435,115,2,270.46,540.92
7223,2435,197,4,58.51,234.04
7224,2435,153,2,41.26,82.52
7225,2435,118,4,224.35,897.4
7226,2436,174,3,320.37,961.11
7227,2437,106,3,393.39,1180.17
7228,2438,198,3,430.0,1290.0
7229,2439,44,4,457.0,1828.0
7230,2439,87,3,436.85,1310.55
7231,2440,116,4,213.83,855.32
7232,2440,4,3,339.97,1019.91
7233,2440,15,1,142.55,142.55
7234,2441,118,3,224.35,673.05
7235,2441,90,1,104.57,104.57
7236,2442,76,4,459.65,1838.6
7237,2442,3,4,74.07,296.28
7238,2442,146,2,336.51,673.02
7239,2442,90,3,104.57,313.71
7240,2442,166,4,139.81,559.24
7241,2443,200,1,178.08,178.08
7242,2443,49,4,74.12,296.48
7243,2444,15,4,142.55,570.2
7244,2445,123,2,243.27,486.54
7245,2445,100,4,453.18,1812.72
7246,2445,139,3,339.23,1017.69
7247,2445,75,2,271.99,543.98
7248,2445,124,1,451.71,451.71
7249,2446,152,4,499.23,1996.92
7250,2446,153,2,41.26,82.52
7251,2446,59,1,193.9,193.9
7252,2447,134,2,33.3,66.6
7253,2447,25,4,290.79,1163.16
7254,2447,4,1,339.97,339.97
7255,2447,87,4,436.85,1747.4
7256,2448,176,3,278.08,834.24
7257,2449,183,2,157.59,315.18
7258,2449,43,3,137.53,412.59
7259,2449,88,2,482.36,964.72
7260,2449,177,2,282.65,565.3
7261,2449,138,4,38.92,155.68
7262,2450,132,1,291.69,291.69
7263,2450,178,3,42.25,126.75
7264,2450,90,2,104.57,209.14
7265,2450,40,2,343.88,687.76
7266,2451,43,1,137.53,137.53
7267,2451,1,4,60.11,240.44
7268,2451,192,3,93.78,281.34
7269,2451,131,1,112.76,112.76
7270,2451,20,2,366.22,732.44
7271,2452,101,4,40.07,160.28
7272,2452,200,2,178.08,356.16
7273,2452,143,3,212.52,637.56
7274,2453,158,1,417.7,417.7
7275,2453,195,2,406.32,812.64
7276,2453,107,3,99.25,297.75
7277,2454,160,1,266.83,266.83
7278,2454,141,4,126.88,507.52
7279,2454,192,4,93.78,375.12
7280,2454,9,1,103.42,103.42
7281,2455,174,1,320.37,320.37
7282,2455,35,1,40.34,40.34
7283,2455,24,4,443.3,1773.2
7284,2455,63,4,342.45,1369.8
7285,2455,194,2,402.11,804.22
7286,2456,123,4,243.27,973.08
7287,2456,73,1,306.44,306.44
7288,2456,67,2,6.61,13.22
7289,2457,195,3,406.32,1218.96
7290,2457,197,4,58.51,234.04
7291,2457,187,2,442.65,885.3
7292,2457,18,4,52.87,211.48
7293,2458,89,4,378.86,1515.44
7294,2458,120,3,499.64,1498.92
7295,2458,7,1,113.23,113.23
7296,2459,130,1,81.62,81.62
7297,2459,160,1,266.83,266.83
7298,2459,150,1,464.86,464.86
7299,2460,58,4,300.22,1200.88
7300,2461,61,3,431.09,1293.27
7301,2462,52,1,449.42,449.42
7302,2462,88,2,482.36,964.72
7303,2462,141,4,126.88,507.52
7304,2462,148,2,69.78,139.56
7305,2463,78,1,60.37,60.37
7306,2463,5,3,48.03,144.09
7307,2464,124,4,451.71,1806.84
7308,2464,31,1,417.88,417.88
7309,2464,91,1,202.5,202.5
7310,2464,102,1,142.85,142.85
7311,2465,151,3,9.61,28.83
7312,2465,89,3,378.86,1136.58
7313,2466,109,3,214.67,644.01
7314,2466,177,4,282.65,1130.6
7315,2466,176,4,278.08,1112.32
7316,2466,6,4,20.73,82.92
7317,2467,10,2,352.16,704.32
7318,2467,36,1,89.71,89.71
7319,2467,7,3,113.23,339.69
7320,2468,179,4,452.44,1809.76
7321,2468,2,3,141.14,423.42
7322,2468,53,1,184.19,184.19
7323,2468,103,4,111.05,444.2
7324,2469,56,1,80.66,80.66
7325,2469,190,4,432.98,1731.92
7326,2470,81,4,439.61,1758.44
7327,2470,65,4,173.39,693.56
7328,2470,4,2,339.97,679.94
7329,2471,22,3,44.01,132.03
7330,2471,158,1,417.7,417.7
7331,2471,13,1,380.61,380.61
7332,2472,1,1,60.11,60.11
7333,2472,177,1,282.65,282.65
7334,2473,48,2,232.13,464.26
7335,2473,40,1,343.88,343.88
7336,2474,117,4,234.0,936.0
7337,2474,198,4,430.0,1720.0
7338,2474,96,4,296.21,1184.84
7339,2474,44,3,457.0,1371.0
7340,2475,27,1,117.81,117.81
7341,2475,159,4,154.75,619.0
7342,2475,71,1,435.91,435.91
7343,2475,102,1,142.85,142.85
7344,2475,45,1,438.8,438.8
7345,2476,178,3,42.25,126.75
7346,2477,60,4,266.91,1067.64
7347,2477,108,1,331.2,331.2
7348,2477,47,1,200.84,200.84
7349,2477,189,1,81.5,81.5
7350,2477,184,1,449.97,449.97
7351,2478,76,4,459.65,1838.6
7352,2478,162,2,466.22,932.44
7353,2478,102,2,142.85,285.7
7354,2478,1,1,60.11,60.11
7355,2479,119,1,53.46,53.46
7356,2479,174,3,320.37,961.11
7357,2479,84,4,384.09,1536.36
7358,2479,20,2,366.22,732.44
7359,2480,55,4,379.11,1516.44
7360,2480,109,1,214.67,214.67
7361,2481,58,2,300.22,600.44
7362,2482,157,2,146.07,292.14
7363,2482,186,4,55.88,223.52
7364,2482,133,3,35.17,105.51
7365,2483,40,1,343.88,343.88
7366,2483,108,4,331.2,1324.8
7367,2483,35,3,40.34,121.02
7368,2483,17,2,55.59,111.18
7369,2483,142,3,24.67,74.01
7370,2484,87,1,436.85,436.85
7371,2484,148,2,69.78,139.56
7372,2485,106,3,393.39,1180.17
7373,2485,91,1,202.5,202.5
7374,2485,80,1,123.53,123.53
7375,2486,173,3,6.76,20.28
7376,2486,23,4,415.56,1662.24
7377,2486,99,3,34.14,102.42
7378,2487,44,1,457.0,457.0
7379,2488,132,4,291.69,1166.76
7380,2488,191,1,441.3,441.3
7381,2488,84,4,384.09,1536.36
7382,2489,32,2,188.24,376.48
7383,2489,1,3,60.11,180.33
7384,2490,5,2,48.03,96.06
7385,2490,120,1,499.64,499.64
7386,2490,84,2,384.09,768.18
7387,2490,180,4,22.83,91.32
7388,2491,164,3,135.91,407.73
7389,2491,118,1,224.35,224.35
7390,2491,180,1,22.83,22.83
7391,2491,26,1,39.43,39.43
7392,2492,188,3,487.05,1461.15
7393,2493,47,4,200.84,803.36
7394,2494,116,2,213.83,427.66
7395,2494,29,3,433.91,1301.73
7396,2494,105,2,290.22,580.44
7397,2494,138,3,38.92,116.76
7398,2494,178,2,42.25,84.5
7399,2495,58,1,300.22,300.22
7400,2495,49,4,74.12,296.48
7401,2495,135,4,241.01,964.04
7402,2495,195,4,406.32,1625.28
7403,2495,144,3,284.79,854.37
7404,2496,48,2,232.13,464.26
7405,2496,190,3,432.98,1298.94
7406,2496,100,3,453.18,1359.54
7407,2497,172,3,415.53,1246.59
7408,2497,89,4,378.86,1515.44
7409,2497,33,1,336.74,336.74
7410,2498,74,4,190.09,760.36
7411,2499,65,1,173.39,173.39
7412,2499,19,1,303.84,303.84
7413,2499,150,3,464.86,1394.58
7414,2499,44,2,457.0,914.0
7415,2499,178,1,42.25,42.25
7416,2500,85,4,331.58,1326.32
7417,2500,130,4,81.62,326.48
7418,2500,70,2,256.3,512.6
7419,2500,192,1,93.78,93.78
7420,2500,142,3,24.67,74.01
7421,2501,59,1,193.9,193.9
7422,2501,178,3,42.25,126.75
7423,2501,167,4,109.26,437.04
7424,2501,137,2,44.66,89.32
7425,2502,192,4,93.78,375.12
7426,2503,28,2,492.68,985.36
7427,2503,51,2,374.77,749.54
7428,2504,69,1,486.08,486.08
7429,2504,192,2,93.78,187.56
7430,2505,78,4,60.37,241.48
7431,2506,177,1,282.65,282.65
7432,2506,24,2,443.3,886.6
7433,2507,51,1,374.77,374.77
7434,2508,191,1,441.3,441.3
7435,2509,193,4,392.28,1569.12
7436,2509,179,1,452.44,452.44
7437,2509,18,1,52.87,52.87
7438,2509,54,1,257.22,257.22
7439,2510,187,1,442.65,442.65
7440,2510,42,1,403.5,403.5
7441,2510,197,1,58.51,58.51
7442,2510,175,3,84.98,254.94
7443,2511,50,1,282.88,282.88
7444,2511,190,2,432.98,865.96
7445,2511,136,3,82.93,248.79
7446,2512,67,1,6.61,6.61
7447,2512,47,4,200.84,803.36
7448,2512,102,3,142.85,428.55
7449,2512,181,4,293.34,1173.36
7450,2512,12,2,142.7,285.4
7451,2513,138,3,38.92,116.76
7452,2513,149,1,153.5,153.5
7453,2513,53,1,184.19,184.19
7454,2513,99,1,34.14,34.14
7455,2513,19,2,303.84,607.68
7456,2514,21,2,66.79,133.58
7457,2514,113,1,365.47,365.47
7458,2514,93,3,450.31,1350.93
7459,2514,122,3,87.32,261.96
7460,2515,8,1,303.0,303.0
7461,2515,60,3,266.91,800.73
7462,2515,164,1,135.91,135.91
7463,2515,184,1,449.97,449.97
7464,2516,30,3,142.6,427.8
7465,2516,59,1,193.9,193.9
7466,2516,107,1,99.25,99.25
7467,2516,112,1,53.72,53.72
7468,2517,148,1,69.78,69.78
7469,2517,70,1,256.3,256.3
7470,2517,67,2,6.61,13.22
7471,2518,152,3,499.23,1497.69
7472,2518,144,1,284.79,284.79
7473,2518,6,4,20.73,82.92
7474,2518,69,3,486.08,1458.24
7475,2518,36,4,89.71,358.84
7476,2519,122,2,87.32,174.64
7477,2519,99,4,34.14,136.56
7478,2519,58,4,300.22,1200.88
7479,2520,93,4,450.31,1801.24
7480,2520,66,2,220.21,440.42
7481,2520,83,4,408.93,1635.72
7482,2520,27,4,117.81,471.24
7483,2521,108,1,331.2,331.2
7484,2521,4,4,339.97,1359.88
7485,2521,189,4,81.5,326.0
7486,2521,75,1,271.99,271.99
7487,2521,99,3,34.14,102.42
7488,2522,136,3,82.93,248.79
7489,2522,75,4,271.99,1087.96
7490,2523,101,2,40.07,80.14
7491,2524,165,4,372.5,1490.0
7492,2524,181,3,293.34,880.02
7493,2525,27,1,117.81,117.81
7494,2525,95,3,36.69,110.07
7495,2525,11,1,114.12,114.12
7496,2525,107,1,99.25,99.25
7497,2526,58,4,300.22,1200.88
7498,2527,39,4,345.64,1382.56
7499,2528,88,4,482.36,1929.44
7500,2528,174,3,320.37,961.11
7501,2529,87,2,436.85,873.7
7502,2530,139,4,339.23,1356.92
7503,2530,199,3,103.79,311.37
7504,2531,91,1,202.5,202.5
7505,2531,32,4,188.24,752.96
7506,2531,13,1,380.61,380.61
7507,2532,98,3,40.14,120.42
7508,2532,95,2,36.69,73.38
7509,2532,37,1,126.18,126.18
7510,2533,88,4,482.36,1929.44
7511,2533,101,1,40.07,40.07
7512,2533,48,3,232.13,696.39
7513,2534,55,2,379.11,758.22
7514,2535,99,1,34.14,34.14
7515,2535,171,1,50.69,50.69
7516,2535,125,1,192.59,192.59
7517,2535,154,1,255.41,255.41
7518,2536,117,3,234.0,702.0
7519,2536,178,1,42.25,42.25
7520,2536,191,4,441.3,1765.2
7521,2536,167,2,109.26,218.52
7522,2537,189,2,81.5,163.0
7523,2537,83,2,408.93,817.86
7524,2537,191,3,441.3,1323.9
7525,2537,151,3,9.61,28.83
7526,2538,163,2,469.77,939.54
7527,2538,187,2,442.65,885.3
7528,2538,115,3,270.46,811.38
7529,2538,120,4,499.64,1998.56
7530,2538,164,2,135.91,271.82
7531,2539,193,3,392.28,1176.84
7532,2539,86,1,86.74,86.74
7533,2539,171,4,50.69,202.76
7534,2539,198,1,430.0,430.0
7535,2540,48,1,232.13,232.13
7536,2541,173,2,6.76,13.52
7537,2541,109,4,214.67,858.68
7538,2541,14,1,350.58,350.58
7539,2541,11,1,114.12,114.12
7540,2541,123,3,243.27,729.81
7541,2542,121,2,484.65,969.3
7542,2542,133,4,35.17,140.68
7543,2542,43,1,137.53,137.53
7544,2543,175,4,84.98,339.92
7545,2544,193,1,392.28,392.28
7546,2545,191,3,441.3,1323.9
7547,2545,145,3,467.68,1403.04
7548,2545,110,3,432.6,1297.8
7549,2545,72,2,421.63,843.26
7550,2545,70,2,256.3,512.6
7551,2546,190,2,432.98,865.96
7552,2546,146,4,336.51,1346.04
7553,2546,120,3,499.64,1498.92
7554,2546,74,2,190.09,380.18
7555,2546,198,3,430.0,1290.0
7556,2547,153,1,41.26,41.26
7557,2547,125,2,192.59,385.18
7558,2547,148,4,69.78,279.12
7559,2547,77,2,165.46,330.92
7560,2548,20,1,366.22,366.22
7561,2548,165,1,372.5,372.5
7562,2549,46,4,110.25,441.0
7563,2549,2,2,141.14,282.28
7564,2549,16,2,478.82,957.64
7565,2550,106,3,393.39,1180.17
7566,2550,97,4,296.28,1185.12
7567,2551,26,2,39.43,78.86
7568,2551,71,4,435.91,1743.64
7569,2551,86,1,86.74,86.74
7570,2552,72,4,421.63,1686.52
7571,2553,66,3,220.21,660.63
7572,2553,152,2,499.23,998.46
7573,2553,32,3,188.24,564.72
7574,2554,57,3,397.08,1191.24
7575,2554,134,4,33.3,133.2
7576,2554,104,2,363.06,726.12
7577,2554,194,1,402.11,402.11
7578,2555,40,3,343.88,1031.64
7579,2555,125,1,192.59,192.59
7580,2555,67,4,6.61,26.44
7581,2555,8,3,303.0,909.0
7582,2556,41,3,118.38,355.14
7583,2557,70,1,256.3,256.3
7584,2558,158,1,417.7,417.7
7585,2559,108,1,331.2,331.2
7586,2560,23,4,415.56,1662.24
7587,2561,79,3,439.97,1319.91
7588,2561,60,3,266.91,800.73
7589,2562,56,2,80.66,161.32
7590,2563,11,3,114.12,342.36
7591,2563,190,2,432.98,865.96
7592,2563,6,3,20.73,62.19
7593,2563,198,3,430.0,1290.0
7594,2563,93,1,450.31,450.31
7595,2564,10,2,352.16,704.32
7596,2564,127,4,146.2,584.8
7597,2565,62,1,341.74,341.74
7598,2566,35,3,40.34,121.02
7599,2567,35,3,40.34,121.02
7600,2567,39,4,345.64,1382.56
7601,2567,160,3,266.83,800.49
7602,2568,121,1,484.65,484.65
7603,2568,19,4,303.84,1215.36
7604,2568,100,2,453.18,906.36
7605,2568,40,2,343.88,687.76
7606,2569,189,3,81.5,244.5
7607,2569,127,1,146.2,146.2
7608,2569,77,2,165.46,330.92
7609,2570,56,1,80.66,80.66
7610,2571,120,1,499.64,499.64
7611,2571,74,2,190.09,380.18
7612,2571,116,1,213.83,213.83
7613,2572,33,2,336.74,673.48
7614,2573,109,1,214.67,214.67
7615,2574,107,3,99.25,297.75
7616,2574,36,2,89.71,179.42
7617,2575,74,3,190.09,570.27
7618,2575,6,2,20.73,41.46
7619,2575,140,1,204.87,204.87
7620,2576,195,4,406.32,1625.28
7621,2577,78,4,60.37,241.48
7622,2578,90,4,104.57,418.28
7623,2579,56,2,80.66,161.32
7624,2580,92,2,326.69,653.38
7625,2580,197,3,58.51,175.53
7626,2581,193,1,392.28,392.28
7627,2581,155,1,466.96,466.96
7628,2582,81,3,439.61,1318.83
7629,2582,37,3,126.18,378.54
7630,2583,17,1,55.59,55.59
7631,2584,170,2,246.82,493.64
7632,2584,124,4,451.71,1806.84
7633,2584,146,2,336.51,673.02
7634,2585,167,1,109.26,109.26
7635,2585,158,2,417.7,835.4
7636,2586,73,2,306.44,612.88
7637,2586,68,3,438.55,1315.65
7638,2587,64,1,376.68,376.68
7639,2588,55,3,379.11,1137.33
7640,2589,30,3,142.6,427.8
7641,2589,65,2,173.39,346.78
7642,2589,95,1,36.69,36.69
7643,2589,60,2,266.91,533.82
7644,2589,170,1,246.82,246.82
7645,2590,98,2,40.14,80.28
7646,2590,19,1,303.84,303.84
7647,2591,19,3,303.84,911.52
7648,2591,48,4,232.13,928.52
7649,2591,113,3,365.47,1096.41
7650,2591,83,2,408.93,817.86
7651,2592,166,2,139.81,279.62
7652,2592,96,4,296.21,1184.84
7653,2592,159,1,154.75,154.75
7654,2593,40,1,343.88,343.88
7655,2593,134,2,33.3,66.6
7656,2594,137,3,44.66,133.98
7657,2595,172,2,415.53,831.06
7658,2595,146,1,336.51,336.51
7659,2595,162,4,466.22,1864.88
7660,2595,144,1,284.79,284.79
7661,2595,17,1,55.59,55.59
7662,2596,32,1,188.24,188.24
7663,2596,166,2,139.81,279.62
7664,2596,45,2,438.8,877.6
7665,2596,127,4,146.2,584.8
7666,2596,31,2,417.88,835.76
7667,2597,146,3,336.51,1009.53
7668,2598,135,3,241.01,723.03
7669,2599,144,4,284.79,1139.16
7670,2600,128,1,478.87,478.87
7671,2600,33,3,336.74,1010.22
7672,2600,147,4,123.15,492.6
7673,2600,83,4,408.93,1635.72
7674,2600,114,2,128.08,256.16
7675,2601,43,1,137.53,137.53
7676,2601,157,1,146.07,146.07
7677,2601,77,3,165.46,496.38
7678,2601,60,2,266.91,533.82
7679,2601,21,4,66.79,267.16
7680,2602,50,4,282.88,1131.52
7681,2603,174,3,320.37,961.11
7682,2603,82,3,47.4,142.2
7683,2604,31,2,417.88,835.76
7684,2604,72,2,421.63,843.26
7685,2604,148,4,69.78,279.12
7686,2604,108,2,331.2,662.4
7687,2604,24,1,443.3,443.3
7688,2605,185,3,342.62,1027.86
7689,2605,82,2,47.4,94.8
7690,2605,145,2,467.68,935.36
7691,2605,38,2,192.83,385.66
7692,2605,54,2,257.22,514.44
7693,2606,21,4,66.79,267.16
7694,2606,98,3,40.14,120.42
7695,2606,134,2,33.3,66.6
7696,2607,162,4,466.22,1864.88
7697,2608,160,2,266.83,533.66
7698,2609,173,1,6.76,6.76
7699,2609,66,2,220.21,440.42
7700,2610,130,2,81.62,163.24
7701,2610,199,2,103.79,207.58
7702,2611,80,1,123.53,123.53
7703,2611,94,2,64.9,129.8
7704,2612,189,1,81.5,81.5
7705,2612,51,4,374.77,1499.08
7706,2613,179,4,452.44,1809.76
7707,2613,136,2,82.93,165.86
7708,2613,165,1,372.5,372.5
7709,2614,123,2,243.27,486.54
7710,2614,115,4,270.46,1081.84
7711,2614,131,4,112.76,451.04
7712,2614,141,4,126.88,507.52
7713,2614,57,3,397.08,1191.24
7714,2615,82,2,47.4,94.8
7715,2615,74,2,190.09,380.18
7716,2615,93,1,450.31,450.31
7717,2615,150,1,464.86,464.86
7718,2615,65,2,173.39,346.78
7719,2616,78,3,60.37,181.11
7720,2616,24,4,443.3,1773.2
7721,2616,177,1,282.65,282.65
7722,2616,152,2,499.23,998.46
7723,2617,115,1,270.46,270.46
7724,2618,95,4,36.69,146.76
7725,2619,117,1,234.0,234.0
7726,2619,17,4,55.59,222.36
7727,2620,95,4,36.69,146.76
7728,2620,101,3,40.07,120.21
7729,2620,187,4,442.65,1770.6
7730,2621,77,2,165.46,330.92
7731,2621,92,4,326.69,1306.76
7732,2621,25,2,290.79,581.58
7733,2621,64,1,376.68,376.68
7734,2622,101,3,40.07,120.21
7735,2622,5,1,48.03,48.03
7736,2622,187,3,442.65,1327.95
7737,2623,27,1,117.81,117.81
7738,2623,183,4,157.59,630.36
7739,2623,4,4,339.97,1359.88
7740,2624,42,2,403.5,807.0
7741,2624,186,2,55.88,111.76
7742,2624,85,4,331.58,1326.32
7743,2624,138,3,38.92,116.76
7744,2624,131,1,112.76,112.76
7745,2625,120,4,499.64,1998.56
7746,2625,151,2,9.61,19.22
7747,2626,34,4,468.64,1874.56
7748,2626,94,1,64.9,64.9
7749,2627,62,2,341.74,683.48
7750,2627,103,4,111.05,444.2
7751,2627,22,2,44.01,88.02
7752,2628,133,2,35.17,70.34
7753,2628,71,1,435.91,435.91
7754,2628,125,1,192.59,192.59
7755,2629,156,4,440.24,1760.96
7756,2629,88,2,482.36,964.72
7757,2629,42,2,403.5,807.0
7758,2629,16,3,478.82,1436.46
7759,2629,31,1,417.88,417.88
7760,2630,171,2,50.69,101.38
7761,2630,146,2,336.51,673.02
7762,2630,93,3,450.31,1350.93
7763,2631,93,2,450.31,900.62
7764,2631,27,3,117.81,353.43
7765,2631,127,1,146.2,146.2
7766,2631,168,3,105.78,317.34
7767,2632,163,2,469.77,939.54
7768,2632,96,1,296.21,296.21
7769,2632,9,2,103.42,206.84
7770,2633,184,4,449.97,1799.88
7771,2633,14,4,350.58,1402.32
7772,2633,91,1,202.5,202.5
7773,2633,115,3,270.46,811.38
7774,2633,193,3,392.28,1176.84
7775,2634,199,3,103.79,311.37
7776,2634,183,4,157.59,630.36
7777,2634,137,3,44.66,133.98
7778,2634,105,4,290.22,1160.88
7779,2634,16,4,478.82,1915.28
7780,2635,112,2,53.72,107.44
7781,2635,105,3,290.22,870.66
7782,2635,60,2,266.91,533.82
7783,2636,36,4,89.71,358.84
7784,2636,52,4,449.42,1797.68
7785,2636,110,4,432.6,1730.4
7786,2637,52,1,449.42,449.42
7787,2637,45,2,438.8,877.6
7788,2638,160,1,266.83,266.83
7789,2638,106,3,393.39,1180.17
7790,2638,90,3,104.57,313.71
7791,2638,41,1,118.38,118.38
7792,2638,57,3,397.08,1191.24
7793,2639,198,3,430.0,1290.0
7794,2639,9,4,103.42,413.68
7795,2639,76,4,459.65,1838.6
7796,2640,28,2,492.68,985.36
7797,2641,126,2,136.28,272.56
7798,2641,121,3,484.65,1453.95
7799,2642,200,4,178.08,712.32
7800,2642,181,1,293.34,293.34
7801,2643,163,2,469.77,939.54
7802,2643,116,2,213.83,427.66
7803,2643,86,2,86.74,173.48
7804,2643,12,4,142.7,570.8
7805,2643,104,1,363.06,363.06
7806,2644,135,1,241.01,241.01
7807,2644,167,4,109.26,437.04
7808,2645,6,1,20.73,20.73
7809,2645,36,1,89.71,89.71
7810,2646,26,3,39.43,118.29
7811,2646,197,2,58.51,117.02
7812,2646,198,2,430.0,860.0
7813,2646,110,1,432.6,432.6
7814,2647,9,3,103.42,310.26
7815,2648,4,2,339.97,679.94
7816,2648,165,4,372.5,1490.0
7817,2648,176,4,278.08,1112.32
7818,2649,119,1,53.46,53.46
7819,2650,75,4,271.99,1087.96
7820,2651,105,4,290.22,1160.88
7821,2651,39,4,345.64,1382.56
7822,2652,108,3,331.2,993.6
7823,2652,163,4,469.77,1879.08
7824,2652,182,2,217.74,435.48
7825,2652,32,2,188.24,376.48
7826,2653,18,1,52.87,52.87
7827,2654,37,1,126.18,126.18
7828,2654,22,1,44.01,44.01
7829,2654,49,3,74.12,222.36
7830,2654,20,3,366.22,1098.66
7831,2655,117,1,234.0,234.0
7832,2656,103,1,111.05,111.05
7833,2656,138,3,38.92,116.76
7834,2657,180,4,22.83,91.32
7835,2658,70,1,256.3,256.3
7836,2658,193,2,392.28,784.56
7837,2658,166,4,139.81,559.24
7838,2658,117,1,234.0,234.0
7839,2658,139,4,339.23,1356.92
7840,2659,25,2,290.79,581.58
7841,2660,128,4,478.87,1915.48
7842,2660,196,2,83.8,167.6
7843,2661,86,4,86.74,346.96
7844,2661,156,2,440.24,880.48
7845,2661,11,3,114.12,342.36
7846,2661,87,2,436.85,873.7
7847,2661,165,3,372.5,1117.5
7848,2662,111,2,338.32,676.64
7849,2662,140,2,204.87,409.74
7850,2663,46,2,110.25,220.5
7851,2663,153,2,41.26,82.52
7852,2664,74,3,190.09,570.27
7853,2664,167,2,109.26,218.52
7854,2665,7,3,113.23,339.69
7855,2666,142,4,24.67,98.68
7856,2667,135,4,241.01,964.04
7857,2667,189,1,81.5,81.5
7858,2667,13,2,380.61,761.22
7859,2667,41,2,118.38,236.76
7860,2667,164,4,135.91,543.64
7861,2668,113,2,365.47,730.94
7862,2669,3,2,74.07,148.14
7863,2669,96,1,296.21,296.21
7864,2669,181,4,293.34,1173.36
7865,2669,76,4,459.65,1838.6
7866,2669,86,3,86.74,260.22
7867,2670,66,2,220.21,440.42
7868,2670,154,3,255.41,766.23
7869,2670,2,4,141.14,564.56
7870,2670,81,3,439.61,1318.83
7871,2671,56,2,80.66,161.32
7872,2671,193,2,392.28,784.56
7873,2672,119,3,53.46,160.38
7874,2672,72,3,421.63,1264.89
7875,2672,78,2,60.37,120.74
7876,2672,138,3,38.92,116.76
7877,2672,51,2,374.77,749.54
7878,2673,89,3,378.86,1136.58
7879,2673,122,4,87.32,349.28
7880,2674,38,3,192.83,578.49
7881,2674,158,1,417.7,417.7
7882,2675,106,1,393.39,393.39
7883,2675,66,1,220.21,220.21
7884,2676,56,3,80.66,241.98
7885,2676,158,1,417.7,417.7
7886,2676,193,2,392.28,784.56
7887,2676,166,1,139.81,139.81
7888,2677,79,3,439.97,1319.91
7889,2677,52,1,449.42,449.42
7890,2677,61,3,431.09,1293.27
7891,2677,142,2,24.67,49.34
7892,2677,13,1,380.61,380.61
7893,2678,92,4,326.69,1306.76
7894,2678,20,1,366.22,366.22
7895,2679,42,4,403.5,1614.0
7896,2679,132,3,291.69,875.07
7897,2680,18,1,52.87,52.87
7898,2680,142,3,24.67,74.01
7899,2680,190,3,432.98,1298.94
7900,2680,73,3,306.44,919.32
7901,2681,185,3,342.62,1027.86
7902,2682,180,1,22.83,22.83
7903,2683,120,4,499.64,1998.56
7904,2683,130,3,81.62,244.86
7905,2683,36,1,89.71,89.71
7906,2684,65,4,173.39,693.56
7907,2684,167,2,109.26,218.52
7908,2684,185,3,342.62,1027.86
7909,2684,144,4,284.79,1139.16
7910,2684,72,4,421.63,1686.52
7911,2685,160,1,266.83,266.83
7912,2685,101,2,40.07,80.14
7913,2685,53,1,184.19,184.19
7914,2685,16,3,478.82,1436.46
7915,2686,3,1,74.07,74.07
7916,2687,114,2,128.08,256.16
7917,2688,109,1,214.67,214.67
7918,2688,159,2,154.75,309.5
7919,2688,192,2,93.78,187.56
7920,2689,172,4,415.53,1662.12
7921,2689,158,4,417.7,1670.8
7922,2689,41,1,118.38,118.38
7923,2689,163,4,469.77,1879.08
7924,2690,43,4,137.53,550.12
7925,2690,169,2,427.19,854.38
7926,2690,155,1,466.96,466.96
7927,2690,19,2,303.84,607.68
7928,2691,54,4,257.22,1028.88
7929,2692,50,4,282.88,1131.52
7930,2692,108,3,331.2,993.6
7931,2692,190,2,432.98,865.96
7932,2692,67,2,6.61,13.22
7933,2692,195,3,406.32,1218.96
7934,2693,77,3,165.46,496.38
7935,2693,111,3,338.32,1014.96
7936,2693,165,2,372.5,745.0
7937,2693,155,1,466.96,466.96
7938,2694,4,2,339.97,679.94
7939,2694,1,1,60.11,60.11
7940,2695,191,1,441.3,441.3
7941,2695,180,3,22.83,68.49
7942,2695,80,1,123.53,123.53
7943,2695,36,3,89.71,269.13
7944,2695,160,4,266.83,1067.32
7945,2696,76,4,459.65,1838.6
7946,2696,96,1,296.21,296.21
7947,2696,26,1,39.43,39.43
7948,2697,128,3,478.87,1436.61
7949,2697,37,3,126.18,378.54
7950,2697,165,4,372.5,1490.0
7951,2697,167,4,109.26,437.04
7952,2698,101,4,40.07,160.28
7953,2698,131,3,112.76,338.28
7954,2698,84,1,384.09,384.09
7955,2698,164,4,135.91,543.64
7956,2698,63,2,342.45,684.9
7957,2699,159,3,154.75,464.25
7958,2700,16,3,478.82,1436.46
7959,2700,150,3,464.86,1394.58
7960,2701,102,4,142.85,571.4
7961,2702,145,4,467.68,1870.72
7962,2702,68,1,438.55,438.55
7963,2702,64,1,376.68,376.68
7964,2702,147,3,123.15,369.45
7965,2703,104,3,363.06,1089.18
7966,2703,185,2,342.62,685.24
7967,2704,170,2,246.82,493.64
7968,2705,171,2,50.69,101.38
7969,2705,34,4,468.64,1874.56
7970,2705,113,4,365.47,1461.88
7971,2705,36,2,89.71,179.42
7972,2705,48,4,232.13,928.52
7973,2706,57,3,397.08,1191.24
7974,2706,90,3,104.57,313.71
7975,2706,128,4,478.87,1915.48
7976,2706,111,3,338.32,1014.96
7977,2706,62,3,341.74,1025.22
7978,2707,55,3,379.11,1137.33
7979,2707,145,3,467.68,1403.04
7980,2707,170,3,246.82,740.46
7981,2708,75,3,271.99,815.97
7982,2709,180,2,22.83,45.66
7983,2709,40,3,343.88,1031.64
7984,2709,114,3,128.08,384.24
7985,2709,98,4,40.14,160.56
7986,2709,55,3,379.11,1137.33
7987,2710,31,3,417.88,1253.64
7988,2710,169,1,427.19,427.19
7989,2710,40,2,343.88,687.76
7990,2710,136,2,82.93,165.86
7991,2711,187,4,442.65,1770.6
7992,2711,13,2,380.61,761.22
7993,2711,81,4,439.61,1758.44
7994,2711,100,2,453.18,906.36
7995,2711,153,3,41.26,123.78
7996,2712,101,4,40.07,160.28
7997,2713,200,4,178.08,712.32
7998,2714,104,3,363.06,1089.18
7999,2714,22,2,44.01,88.02
8000,2714,183,3,157.59,472.77
8001,2714,78,4,60.37,241.48
8002,2714,15,3,142.55,427.65
8003,2715,64,1,376.68,376.68
8004,2715,12,2,142.7,285.4
8005,2716,93,4,450.31,1801.24
8006,2716,2,3,141.14,423.42
8007,2716,128,4,478.87,1915.48
8008,2716,65,1,173.39,173.39
8009,2716,172,2,415.53,831.06
8010,2717,161,2,409.47,818.94
8011,2718,77,1,165.46,165.46
8012,2718,38,2,192.83,385.66
8013,2719,147,3,123.15,369.45
8014,2719,8,4,303.0,1212.0
8015,2719,54,2,257.22,514.44
8016,2719,16,3,478.82,1436.46
8017,2720,155,4,466.96,1867.84
8018,2721,121,3,484.65,1453.95
8019,2722,137,3,44.66,133.98
8020,2722,26,3,39.43,118.29
8021,2723,3,2,74.07,148.14
8022,2724,114,3,128.08,384.24
8023,2724,55,2,379.11,758.22
8024,2725,179,1,452.44,452.44
8025,2725,44,2,457.0,914.0
8026,2726,93,3,450.31,1350.93
8027,2726,104,4,363.06,1452.24
8028,2727,154,2,255.41,510.82
8029,2727,117,4,234.0,936.0
8030,2727,124,4,451.71,1806.84
8031,2728,197,1,58.51,58.51
8032,2728,37,1,126.18,126.18
8033,2728,131,3,112.76,338.28
8034,2728,120,2,499.64,999.28
8035,2728,91,3,202.5,607.5
8036,2729,60,1,266.91,266.91
8037,2729,66,4,220.21,880.84
8038,2730,193,3,392.28,1176.84
8039,2730,10,2,352.16,704.32
8040,2730,36,1,89.71,89.71
8041,2730,5,3,48.03,144.09
8042,2731,118,2,224.35,448.7
8043,2731,69,3,486.08,1458.24
8044,2732,179,4,452.44,1809.76
8045,2732,134,3,33.3,99.9
8046,2732,113,2,365.47,730.94
8047,2732,54,4,257.22,1028.88
8048,2733,192,2,93.78,187.56
8049,2733,9,2,103.42,206.84
8050,2734,22,2,44.01,88.02
8051,2735,196,1,83.8,83.8
8052,2735,6,2,20.73,41.46
8053,2735,65,2,173.39,346.78
8054,2735,55,1,379.11,379.11
8055,2735,82,2,47.4,94.8
8056,2736,45,4,438.8,1755.2
8057,2736,79,4,439.97,1759.88
8058,2736,106,1,393.39,393.39
8059,2736,200,1,178.08,178.08
8060,2737,66,1,220.21,220.21
8061,2737,62,4,341.74,1366.96
8062,2737,69,4,486.08,1944.32
8063,2738,46,2,110.25,220.5
8064,2738,132,1,291.69,291.69
8065,2738,176,2,278.08,556.16
8066,2739,105,1,290.22,290.22
8067,2740,175,2,84.98,169.96
8068,2740,188,2,487.05,974.1
8069,2740,174,1,320.37,320.37
8070,2740,160,2,266.83,533.66
8071,2741,147,2,123.15,246.3
8072,2742,163,1,469.77,469.77
8073,2742,143,1,212.52,212.52
8074,2742,111,4,338.32,1353.28
8075,2742,186,2,55.88,111.76
8076,2742,199,2,103.79,207.58
8077,2743,11,3,114.12,342.36
8078,2744,158,4,417.7,1670.8
8079,2744,175,1,84.98,84.98
8080,2744,148,4,69.78,279.12
8081,2745,17,3,55.59,166.77
8082,2745,123,4,243.27,973.08
8083,2745,45,1,438.8,438.8
8084,2746,153,1,41.26,41.26
8085,2746,160,4,266.83,1067.32
8086,2746,109,3,214.67,644.01
8087,2747,153,4,41.26,165.04
8088,2747,109,2,214.67,429.34
8089,2748,80,2,123.53,247.06
8090,2748,121,3,484.65,1453.95
8091,2749,49,4,74.12,296.48
8092,2749,31,3,417.88,1253.64
8093,2749,143,3,212.52,637.56
8094,2749,102,2,142.85,285.7
8095,2750,57,1,397.08,397.08
8096,2750,165,2,372.5,745.0
8097,2750,195,1,406.32,406.32
8098,2750,51,2,374.77,749.54
8099,2751,90,4,104.57,418.28
8100,2751,145,1,467.68,467.68
8101,2751,160,2,266.83,533.66
8102,2751,76,3,459.65,1378.95
8103,2751,159,4,154.75,619.0
8104,2752,33,1,336.74,336.74
8105,2752,187,4,442.65,1770.6
8106,2752,9,3,103.42,310.26
8107,2752,165,1,372.5,372.5
8108,2753,140,1,204.87,204.87
8109,2753,158,3,417.7,1253.1
8110,2753,124,3,451.71,1355.13
8111,2754,67,1,6.61,6.61
8112,2754,76,2,459.65,919.3
8113,2754,69,2,486.08,972.16
8114,2754,171,2,50.69,101.38
8115,2755,22,2,44.01,88.02
8116,2755,45,4,438.8,1755.2
8117,2756,120,2,499.64,999.28
8118,2756,137,2,44.66,89.32
8119,2756,115,1,270.46,270.46
8120,2757,10,4,352.16,1408.64
8121,2757,166,2,139.81,279.62
8122,2757,22,2,44.01,88.02
8123,2758,176,3,278.08,834.24
8124,2758,27,3,117.81,353.43
8125,2759,67,4,6.61,26.44
8126,2759,78,3,60.37,181.11
8127,2759,176,1,278.08,278.08
8128,2760,7,3,113.23,339.69
8129,2761,71,3,435.91,1307.73
8130,2762,146,3,336.51,1009.53
8131,2762,67,2,6.61,13.22
8132,2762,101,4,40.07,160.28
8133,2762,176,4,278.08,1112.32
8134,2763,133,3,35.17,105.51
8135,2763,43,4,137.53,550.12
8136,2763,118,2,224.35,448.7
8137,2763,191,3,441.3,1323.9
8138,2763,27,2,117.81,235.62
8139,2764,39,2,345.64,691.28
8140,2764,6,2,20.73,41.46
8141,2764,58,3,300.22,900.66
8142,2765,116,4,213.83,855.32
8143,2766,198,2,430.0,860.0
8144,2766,138,1,38.92,38.92
8145,2766,127,3,146.2,438.6
8146,2766,82,2,47.4,94.8
8147,2766,68,2,438.55,877.1
8148,2767,19,4,303.84,1215.36
8149,2767,70,2,256.3,512.6
8150,2767,31,1,417.88,417.88
8151,2768,116,4,213.83,855.32
8152,2768,30,2,142.6,285.2
8153,2768,156,4,440.24,1760.96
8154,2768,91,2,202.5,405.0
8155,2768,5,4,48.03,192.12
8156,2769,197,2,58.51,117.02
8157,2769,60,3,266.91,800.73
8158,2769,106,2,393.39,786.78
8159,2769,181,1,293.34,293.34
8160,2770,118,1,224.35,224.35
8161,2770,141,3,126.88,380.64
8162,2770,151,1,9.61,9.61
8163,2771,194,1,402.11,402.11
8164,2771,112,1,53.72,53.72
8165,2772,166,1,139.81,139.81
8166,2772,128,1,478.87,478.87
8167,2773,47,1,200.84,200.84
8168,2773,100,3,453.18,1359.54
8169,2774,57,2,397.08,794.16
8170,2774,6,4,20.73,82.92
8171,2774,76,4,459.65,1838.6
8172,2775,34,1,468.64,468.64
8173,2776,187,1,442.65,442.65
8174,2776,195,4,406.32,1625.28
8175,2776,71,3,435.91,1307.73
8176,2777,133,4,35.17,140.68
8177,2778,177,4,282.65,1130.6
8178,2778,156,2,440.24,880.48
8179,2778,1,3,60.11,180.33
8180,2778,193,3,392.28,1176.84
8181,2779,138,4,38.92,155.68
8182,2779,194,3,402.11,1206.33
8183,2779,82,1,47.4,47.4
8184,2780,109,3,214.67,644.01
8185,2780,166,2,139.81,279.62
8186,2781,66,2,220.21,440.42
8187,2781,172,1,415.53,415.53
8188,2782,141,1,126.88,126.88
8189,2783,84,2,384.09,768.18
8190,2783,140,1,204.87,204.87
8191,2783,88,3,482.36,1447.08
8192,2783,76,4,459.65,1838.6
8193,2783,93,1,450.31,450.31
8194,2784,165,4,372.5,1490.0
8195,2784,168,3,105.78,317.34
8196,2785,95,2,36.69,73.38
8197,2785,133,1,35.17,35.17
8198,2786,174,4,320.37,1281.48
8199,2786,149,4,153.5,614.0
8200,2787,177,1,282.65,282.65
8201,2788,55,3,379.11,1137.33
8202,2788,149,2,153.5,307.0
8203,2789,115,3,270.46,811.38
8204,2790,10,2,352.16,704.32
8205,2790,66,2,220.21,440.42
8206,2790,114,1,128.08,128.08
8207,2791,159,2,154.75,309.5
8208,2791,6,1,20.73,20.73
8209,2791,21,1,66.79,66.79
8210,2791,178,4,42.25,169.0
8211,2792,184,4,449.97,1799.88
8212,2792,39,4,345.64,1382.56
8213,2793,200,2,178.08,356.16
8214,2793,79,4,439.97,1759.88
8215,2793,18,2,52.87,105.74
8216,2793,76,2,459.65,919.3
8217,2793,129,4,332.63,1330.52
8218,2794,84,3,384.09,1152.27
8219,2794,150,1,464.86,464.86
8220,2794,145,4,467.68,1870.72
8221,2794,146,2,336.51,673.02
8222,2794,177,4,282.65,1130.6
8223,2795,141,3,126.88,380.64
8224,2795,162,1,466.22,466.22
8225,2795,69,1,486.08,486.08
8226,2795,92,1,326.69,326.69
8227,2795,187,2,442.65,885.3
8228,2796,49,2,74.12,148.24
8229,2796,29,2,433.91,867.82
8230,2797,148,2,69.78,139.56
8231,2797,71,4,435.91,1743.64
8232,2797,10,1,352.16,352.16
8233,2798,180,4,22.83,91.32
8234,2798,141,4,126.88,507.52
8235,2798,118,4,224.35,897.4
8236,2798,144,1,284.79,284.79
8237,2799,168,2,105.78,211.56
8238,2799,179,1,452.44,452.44
8239,2799,119,1,53.46,53.46
8240,2799,164,3,135.91,407.73
8241,2799,169,2,427.19,854.38
8242,2800,192,4,93.78,375.12
8243,2800,10,4,352.16,1408.64
8244,2800,114,1,128.08,128.08
8245,2800,9,4,103.42,413.68
8246,2800,158,1,417.7,417.7
8247,2801,142,3,24.67,74.01
8248,2801,106,3,393.39,1180.17
8249,2801,107,4,99.25,397.0
8250,2801,149,2,153.5,307.0
8251,2801,74,1,190.09,190.09
8252,2802,42,4,403.5,1614.0
8253,2802,22,3,44.01,132.03
8254,2802,34,4,468.64,1874.56
8255,2802,3,4,74.07,296.28
8256,2803,98,1,40.14,40.14
8257,2803,34,2,468.64,937.28
8258,2803,121,3,484.65,1453.95
8259,2803,109,4,214.67,858.68
8260,2803,164,2,135.91,271.82
8261,2804,114,3,128.08,384.24
8262,2804,74,2,190.09,380.18
8263,2804,64,3,376.68,1130.04
8264,2805,54,3,257.22,771.66
8265,2805,30,2,142.6,285.2
8266,2805,120,1,499.64,499.64
8267,2805,40,4,343.88,1375.52
8268,2806,150,4,464.86,1859.44
8269,2806,84,4,384.09,1536.36
8270,2806,122,3,87.32,261.96
8271,2806,95,1,36.69,36.69
8272,2806,93,4,450.31,1801.24
8273,2807,78,1,60.37,60.37
8274,2808,87,4,436.85,1747.4
8275,2808,129,3,332.63,997.89
8276,2808,179,3,452.44,1357.32
8277,2809,33,3,336.74,1010.22
8278,2809,200,1,178.08,178.08
8279,2809,44,2,457.0,914.0
8280,2809,116,3,213.83,641.49
8281,2810,101,4,40.07,160.28
8282,2810,186,3,55.88,167.64
8283,2810,100,2,453.18,906.36
8284,2811,125,3,192.59,577.77
8285,2811,70,1,256.3,256.3
8286,2811,21,3,66.79,200.37
8287,2811,38,3,192.83,578.49
8288,2812,89,4,378.86,1515.44
8289,2812,81,1,439.61,439.61
8290,2812,26,3,39.43,118.29
8291,2812,16,2,478.82,957.64
8292,2812,61,1,431.09,431.09
8293,2813,126,1,136.28,136.28
8294,2813,156,4,440.24,1760.96
8295,2813,184,4,449.97,1799.88
8296,2813,125,3,192.59,577.77
8297,2814,200,2,178.08,356.16
8298,2815,149,1,153.5,153.5
8299,2815,130,2,81.62,163.24
8300,2815,70,1,256.3,256.3
8301,2816,42,3,403.5,1210.5
8302,2817,29,4,433.91,1735.64
8303,2817,146,3,336.51,1009.53
8304,2817,144,1,284.79,284.79
8305,2817,152,3,499.23,1497.69
8306,2817,173,4,6.76,27.04
8307,2818,66,1,220.21,220.21
8308,2818,68,1,438.55,438.55
8309,2818,6,1,20.73,20.73
8310,2819,179,4,452.44,1809.76
8311,2819,21,1,66.79,66.79
8312,2819,121,3,484.65,1453.95
8313,2819,5,2,48.03,96.06
8314,2820,81,3,439.61,1318.83
8315,2820,149,1,153.5,153.5
8316,2820,64,3,376.68,1130.04
8317,2820,144,2,284.79,569.58
8318,2821,167,4,109.26,437.04
8319,2821,196,1,83.8,83.8
8320,2821,168,4,105.78,423.12
8321,2821,163,1,469.77,469.77
8322,2822,132,4,291.69,1166.76
8323,2822,25,1,290.79,290.79
8324,2823,86,3,86.74,260.22
8325,2823,198,1,430.0,430.0
8326,2823,142,1,24.67,24.67
8327,2823,7,2,113.23,226.46
8328,2824,172,2,415.53,831.06
8329,2824,152,1,499.23,499.23
8330,2824,78,4,60.37,241.48
8331,2825,40,4,343.88,1375.52
8332,2825,71,3,435.91,1307.73
8333,2825,119,2,53.46,106.92
8334,2825,77,3,165.46,496.38
8335,2826,124,3,451.71,1355.13
8336,2827,111,2,338.32,676.64
8337,2827,134,3,33.3,99.9
8338,2827,180,4,22.83,91.32
8339,2827,121,2,484.65,969.3
8340,2828,153,1,41.26,41.26
8341,2828,177,3,282.65,847.95
8342,2828,39,2,345.64,691.28
8343,2828,155,2,466.96,933.92
8344,2828,107,3,99.25,297.75
8345,2829,100,3,453.18,1359.54
8346,2829,152,4,499.23,1996.92
8347,2829,126,4,136.28,545.12
8348,2829,88,3,482.36,1447.08
8349,2830,134,2,33.3,66.6
8350,2830,115,4,270.46,1081.84
8351,2830,183,3,157.59,472.77
8352,2831,144,2,284.79,569.58
8353,2831,17,3,55.59,166.77
8354,2831,184,1,449.97,449.97
8355,2831,165,4,372.5,1490.0
8356,2831,178,1,42.25,42.25
8357,2832,194,1,402.11,402.11
8358,2832,91,2,202.5,405.0
8359,2833,127,2,146.2,292.4
8360,2834,35,1,40.34,40.34
8361,2835,167,4,109.26,437.04
8362,2835,120,4,499.64,1998.56
8363,2836,197,2,58.51,117.02
8364,2836,107,3,99.25,297.75
8365,2836,112,3,53.72,161.16
8366,2836,78,3,60.37,181.11
8367,2836,84,3,384.09,1152.27
8368,2837,199,3,103.79,311.37
8369,2837,14,2,350.58,701.16
8370,2838,182,1,217.74,217.74
8371,2838,184,3,449.97,1349.91
8372,2838,111,4,338.32,1353.28
8373,2838,134,3,33.3,99.9
8374,2839,192,3,93.78,281.34
8375,2840,160,3,266.83,800.49
8376,2840,178,1,42.25,42.25
8377,2840,163,3,469.77,1409.31
8378,2841,16,2,478.82,957.64
8379,2841,194,3,402.11,1206.33
8380,2841,153,2,41.26,82.52
8381,2841,141,3,126.88,380.64
8382,2842,18,4,52.87,211.48
8383,2843,125,4,192.59,770.36
8384,2843,67,2,6.61,13.22
8385,2843,20,3,366.22,1098.66
8386,2843,144,3,284.79,854.37
8387,2843,94,2,64.9,129.8
8388,2844,66,1,220.21,220.21
8389,2844,161,2,409.47,818.94
8390,2844,184,2,449.97,899.94
8391,2844,98,1,40.14,40.14
8392,2844,155,2,466.96,933.92
8393,2845,53,2,184.19,368.38
8394,2845,8,2,303.0,606.0
8395,2846,148,2,69.78,139.56
8396,2846,191,1,441.3,441.3
8397,2846,31,3,417.88,1253.64
8398,2846,85,2,331.58,663.16
8399,2846,129,4,332.63,1330.52
8400,2847,145,4,467.68,1870.72
8401,2847,6,2,20.73,41.46
8402,2847,47,3,200.84,602.52
8403,2848,59,4,193.9,775.6
8404,2849,18,3,52.87,158.61
8405,2849,145,2,467.68,935.36
8406,2850,38,1,192.83,192.83
8407,2851,179,3,452.44,1357.32
8408,2851,183,3,157.59,472.77
8409,2852,67,4,6.61,26.44
8410,2852,200,2,178.08,356.16
8411,2852,160,4,266.83,1067.32
8412,2852,5,1,48.03,48.03
8413,2853,199,3,103.79,311.37
8414,2853,196,4,83.8,335.2
8415,2854,148,1,69.78,69.78
8416,2854,25,1,290.79,290.79
8417,2854,90,1,104.57,104.57
8418,2855,96,2,296.21,592.42
8419,2855,140,1,204.87,204.87
8420,2855,74,2,190.09,380.18
8421,2855,21,3,66.79,200.37
8422,2856,108,4,331.2,1324.8
8423,2856,28,3,492.68,1478.04
8424,2856,128,3,478.87,1436.61
8425,2856,10,2,352.16,704.32
8426,2856,138,3,38.92,116.76
8427,2857,96,4,296.21,1184.84
8428,2857,23,3,415.56,1246.68
8429,2857,20,4,366.22,1464.88
8430,2857,52,2,449.42,898.84
8431,2857,30,3,142.6,427.8
8432,2858,199,2,103.79,207.58
8433,2858,124,1,451.71,451.71
8434,2858,103,1,111.05,111.05
8435,2858,174,2,320.37,640.74
8436,2858,131,2,112.76,225.52
8437,2859,191,1,441.3,441.3
8438,2859,152,2,499.23,998.46
8439,2859,25,3,290.79,872.37
8440,2859,106,2,393.39,786.78
8441,2859,107,4,99.25,397.0
8442,2860,125,3,192.59,577.77
8443,2860,28,3,492.68,1478.04
8444,2860,58,3,300.22,900.66
8445,2860,29,1,433.91,433.91
8446,2860,184,3,449.97,1349.91
8447,2861,172,4,415.53,1662.12
8448,2861,48,1,232.13,232.13
8449,2861,132,1,291.69,291.69
8450,2861,184,2,449.97,899.94
8451,2861,117,2,234.0,468.0
8452,2862,164,1,135.91,135.91
8453,2862,2,1,141.14,141.14
8454,2862,43,2,137.53,275.06
8455,2862,25,4,290.79,1163.16
8456,2863,93,1,450.31,450.31
8457,2863,34,1,468.64,468.64
8458,2863,9,2,103.42,206.84
8459,2863,79,1,439.97,439.97
8460,2863,180,4,22.83,91.32
8461,2864,67,2,6.61,13.22
8462,2864,8,4,303.0,1212.0
8463,2864,45,4,438.8,1755.2
8464,2865,108,3,331.2,993.6
8465,2866,163,1,469.77,469.77
8466,2866,65,3,173.39,520.17
8467,2866,40,2,343.88,687.76
8468,2866,67,2,6.61,13.22
8469,2867,122,2,87.32,174.64
8470,2868,109,2,214.67,429.34
8471,2868,2,4,141.14,564.56
8472,2868,142,3,24.67,74.01
8473,2868,14,2,350.58,701.16
8474,2868,101,3,40.07,120.21
8475,2869,190,1,432.98,432.98
8476,2870,27,1,117.81,117.81
8477,2870,94,1,64.9,64.9
8478,2870,56,3,80.66,241.98
8479,2870,128,3,478.87,1436.61
8480,2870,6,1,20.73,20.73
8481,2871,18,4,52.87,211.48
8482,2871,75,1,271.99,271.99
8483,2872,160,4,266.83,1067.32
8484,2872,156,4,440.24,1760.96
8485,2873,13,3,380.61,1141.83
8486,2873,132,4,291.69,1166.76
8487,2874,39,1,345.64,345.64
8488,2874,103,1,111.05,111.05
8489,2875,24,1,443.3,443.3
8490,2875,50,3,282.88,848.64
8491,2875,150,3,464.86,1394.58
8492,2875,126,4,136.28,545.12
8493,2876,66,4,220.21,880.84
8494,2876,7,2,113.23,226.46
8495,2876,2,4,141.14,564.56
8496,2876,44,2,457.0,914.0
8497,2877,159,4,154.75,619.0
8498,2878,139,2,339.23,678.46
8499,2878,84,4,384.09,1536.36
8500,2879,63,4,342.45,1369.8
8501,2879,1,4,60.11,240.44
8502,2880,163,2,469.77,939.54
8503,2880,122,1,87.32,87.32
8504,2880,30,4,142.6,570.4
8505,2881,31,1,417.88,417.88
8506,2882,124,2,451.71,903.42
8507,2882,89,3,378.86,1136.58
8508,2882,145,3,467.68,1403.04
8509,2883,11,1,114.12,114.12
8510,2883,141,1,126.88,126.88
8511,2883,102,2,142.85,285.7
8512,2884,13,4,380.61,1522.44
8513,2884,183,2,157.59,315.18
8514,2885,186,2,55.88,111.76
8515,2885,194,4,402.11,1608.44
8516,2885,46,2,110.25,220.5
8517,2885,33,1,336.74,336.74
8518,2886,25,1,290.79,290.79
8519,2886,152,2,499.23,998.46
8520,2886,36,3,89.71,269.13
8521,2886,60,2,266.91,533.82
8522,2887,112,4,53.72,214.88
8523,2887,51,4,374.77,1499.08
8524,2887,71,3,435.91,1307.73
8525,2887,131,1,112.76,112.76
8526,2888,19,4,303.84,1215.36
8527,2888,62,3,341.74,1025.22
8528,2888,188,3,487.05,1461.15
8529,2888,189,3,81.5,244.5
8530,2888,14,1,350.58,350.58
8531,2889,155,4,466.96,1867.84
8532,2889,29,2,433.91,867.82
8533,2889,172,4,415.53,1662.12
8534,2889,114,1,128.08,128.08
8535,2889,161,4,409.47,1637.88
8536,2890,151,1,9.61,9.61
8537,2890,76,1,459.65,459.65
8538,2890,186,4,55.88,223.52
8539,2890,79,3,439.97,1319.91
8540,2891,158,3,417.7,1253.1
8541,2891,20,2,366.22,732.44
8542,2892,122,4,87.32,349.28
8543,2892,197,2,58.51,117.02
8544,2892,75,4,271.99,1087.96
8545,2892,79,4,439.97,1759.88
8546,2892,73,3,306.44,919.32
8547,2893,145,4,467.68,1870.72
8548,2893,136,3,82.93,248.79
8549,2894,137,2,44.66,89.32
8550,2895,70,1,256.3,256.3
8551,2895,99,3,34.14,102.42
8552,2895,138,2,38.92,77.84
8553,2895,156,4,440.24,1760.96
8554,2895,155,1,466.96,466.96
8555,2896,177,3,282.65,847.95
8556,2896,51,3,374.77,1124.31
8557,2897,3,2,74.07,148.14
8558,2898,87,4,436.85,1747.4
8559,2898,91,4,202.5,810.0
8560,2898,184,2,449.97,899.94
8561,2899,72,1,421.63,421.63
8562,2900,107,3,99.25,297.75
8563,2900,194,1,402.11,402.11
8564,2900,130,2,81.62,163.24
8565,2900,128,2,478.87,957.74
8566,2900,77,3,165.46,496.38
8567,2901,59,4,193.9,775.6
8568,2902,26,2,39.43,78.86
8569,2902,168,3,105.78,317.34
8570,2903,64,4,376.68,1506.72
8571,2903,70,3,256.3,768.9
8572,2904,123,3,243.27,729.81
8573,2904,170,1,246.82,246.82
8574,2905,72,3,421.63,1264.89
8575,2905,126,1,136.28,136.28
8576,2906,172,4,415.53,1662.12
8577,2906,11,1,114.12,114.12
8578,2907,117,2,234.0,468.0
8579,2908,25,4,290.79,1163.16
8580,2909,31,4,417.88,1671.52
8581,2909,52,4,449.42,1797.68
8582,2910,148,1,69.78,69.78
8583,2910,86,1,86.74,86.74
8584,2911,153,4,41.26,165.04
8585,2911,56,2,80.66,161.32
8586,2911,98,1,40.14,40.14
8587,2911,27,3,117.81,353.43
8588,2912,187,3,442.65,1327.95
8589,2913,193,1,392.28,392.28
8590,2914,6,1,20.73,20.73
8591,2914,47,1,200.84,200.84
8592,2914,4,4,339.97,1359.88
8593,2915,174,1,320.37,320.37
8594,2915,133,4,35.17,140.68
8595,2916,160,4,266.83,1067.32
8596,2916,99,1,34.14,34.14
8597,2917,147,4,123.15,492.6
8598,2917,25,2,290.79,581.58
8599,2917,141,2,126.88,253.76
8600,2917,85,1,331.58,331.58
8601,2918,125,3,192.59,577.77
8602,2918,140,4,204.87,819.48
8603,2918,15,1,142.55,142.55
8604,2919,195,1,406.32,406.32
8605,2919,16,4,478.82,1915.28
8606,2919,146,1,336.51,336.51
8607,2919,110,4,432.6,1730.4
8608,2919,139,3,339.23,1017.69
8609,2920,132,2,291.69,583.38
8610,2920,152,3,499.23,1497.69
8611,2921,6,3,20.73,62.19
8612,2921,145,2,467.68,935.36
8613,2922,66,3,220.21,660.63
8614,2922,45,2,438.8,877.6
8615,2923,70,2,256.3,512.6
8616,2924,17,3,55.59,166.77
8617,2924,72,3,421.63,1264.89
8618,2924,8,4,303.0,1212.0
8619,2924,153,4,41.26,165.04
8620,2924,169,2,427.19,854.38
8621,2925,199,4,103.79,415.16
8622,2925,11,3,114.12,342.36
8623,2926,131,4,112.76,451.04
8624,2926,91,1,202.5,202.5
8625,2926,120,4,499.64,1998.56
8626,2926,126,3,136.28,408.84
8627,2927,8,3,303.0,909.0
8628,2927,52,3,449.42,1348.26
8629,2927,83,3,408.93,1226.79
8630,2928,42,1,403.5,403.5
8631,2929,129,1,332.63,332.63
8632,2929,35,2,40.34,80.68
8633,2929,96,4,296.21,1184.84
8634,2929,178,4,42.25,169.0
8635,2929,196,3,83.8,251.4
8636,2930,146,4,336.51,1346.04
8637,2930,100,4,453.18,1812.72
8638,2930,109,4,214.67,858.68
8639,2931,3,1,74.07,74.07
8640,2932,174,3,320.37,961.11
8641,2932,45,1,438.8,438.8
8642,2932,191,2,441.3,882.6
8643,2932,12,4,142.7,570.8
8644,2933,52,1,449.42,449.42
8645,2933,38,1,192.83,192.83
8646,2933,177,4,282.65,1130.6
8647,2933,70,3,256.3,768.9
8648,2933,51,2,374.77,749.54
8649,2934,13,4,380.61,1522.44
8650,2935,116,2,213.83,427.66
8651,2935,51,2,374.77,749.54
8652,2935,108,3,331.2,993.6
8653,2935,126,2,136.28,272.56
8654,2936,160,4,266.83,1067.32
8655,2936,188,1,487.05,487.05
8656,2936,116,2,213.83,427.66
8657,2937,173,3,6.76,20.28
8658,2937,58,4,300.22,1200.88
8659,2937,125,2,192.59,385.18
8660,2938,72,1,421.63,421.63
8661,2938,20,2,366.22,732.44
8662,2939,22,1,44.01,44.01
8663,2939,86,3,86.74,260.22
8664,2940,176,1,278.08,278.08
8665,2940,39,1,345.64,345.64
8666,2941,136,3,82.93,248.79
8667,2941,47,4,200.84,803.36
8668,2942,155,1,466.96,466.96
8669,2942,41,1,118.38,118.38
8670,2942,105,1,290.22,290.22
8671,2942,190,1,432.98,432.98
8672,2942,191,3,441.3,1323.9
8673,2943,72,1,421.63,421.63
8674,2944,91,2,202.5,405.0
8675,2944,65,4,173.39,693.56
8676,2945,65,1,173.39,173.39
8677,2945,83,4,408.93,1635.72
8678,2945,85,1,331.58,331.58
8679,2945,162,3,466.22,1398.66
8680,2945,6,3,20.73,62.19
8681,2946,27,4,117.81,471.24
8682,2946,193,4,392.28,1569.12
8683,2946,76,3,459.65,1378.95
8684,2946,66,4,220.21,880.84
8685,2946,105,2,290.22,580.44
8686,2947,159,2,154.75,309.5
8687,2947,16,4,478.82,1915.28
8688,2948,148,1,69.78,69.78
8689,2948,115,1,270.46,270.46
8690,2948,123,1,243.27,243.27
8691,2948,114,3,128.08,384.24
8692,2949,53,3,184.19,552.57
8693,2949,116,2,213.83,427.66
8694,2949,130,3,81.62,244.86
8695,2950,173,1,6.76,6.76
8696,2951,147,4,123.15,492.6
8697,2951,111,4,338.32,1353.28
8698,2951,198,1,430.0,430.0
8699,2952,124,3,451.71,1355.13
8700,2952,88,4,482.36,1929.44
8701,2952,169,4,427.19,1708.76
8702,2953,157,1,146.07,146.07
8703,2954,76,1,459.65,459.65
8704,2954,134,2,33.3,66.6
8705,2955,171,3,50.69,152.07
8706,2955,108,1,331.2,331.2
8707,2955,184,2,449.97,899.94
8708,2955,131,4,112.76,451.04
8709,2955,93,2,450.31,900.62
8710,2956,175,3,84.98,254.94
8711,2956,70,3,256.3,768.9
8712,2956,184,2,449.97,899.94
8713,2956,21,4,66.79,267.16
8714,2957,32,4,188.24,752.96
8715,2957,86,3,86.74,260.22
8716,2958,42,1,403.5,403.5
8717,2958,97,1,296.28,296.28
8718,2958,94,3,64.9,194.7
8719,2958,105,1,290.22,290.22
8720,2959,87,3,436.85,1310.55
8721,2959,72,1,421.63,421.63
8722,2959,177,1,282.65,282.65
8723,2959,20,4,366.22,1464.88
8724,2959,173,1,6.76,6.76
8725,2960,179,1,452.44,452.44
8726,2960,20,3,366.22,1098.66
8727,2960,91,4,202.5,810.0
8728,2961,99,2,34.14,68.28
8729,2961,66,2,220.21,440.42
8730,2961,166,1,139.81,139.81
8731,2961,111,3,338.32,1014.96
8732,2962,60,2,266.91,533.82
8733,2963,7,1,113.23,113.23
8734,2963,146,1,336.51,336.51
8735,2963,50,1,282.88,282.88
8736,2963,93,2,450.31,900.62
8737,2964,165,3,372.5,1117.5
8738,2965,135,3,241.01,723.03
8739,2965,184,1,449.97,449.97
8740,2965,29,4,433.91,1735.64
8741,2965,56,4,80.66,322.64
8742,2965,109,4,214.67,858.68
8743,2966,161,4,409.47,1637.88
8744,2966,175,1,84.98,84.98
8745,2966,22,3,44.01,132.03
8746,2967,22,4,44.01,176.04
8747,2967,61,2,431.09,862.18
8748,2967,40,3,343.88,1031.64
8749,2967,101,4,40.07,160.28
8750,2968,160,2,266.83,533.66
8751,2968,81,1,439.61,439.61
8752,2968,80,3,123.53,370.59
8753,2969,97,4,296.28,1185.12
8754,2969,29,2,433.91,867.82
8755,2969,68,3,438.55,1315.65
8756,2970,124,4,451.71,1806.84
8757,2971,184,1,449.97,449.97
8758,2971,27,2,117.81,235.62
8759,2971,37,4,126.18,504.72
8760,2972,181,4,293.34,1173.36
8761,2973,161,4,409.47,1637.88
8762,2973,170,2,246.82,493.64
8763,2973,61,2,431.09,862.18
8764,2974,44,4,457.0,1828.0
8765,2974,142,3,24.67,74.01
8766,2974,101,3,40.07,120.21
8767,2974,82,4,47.4,189.6
8768,2975,73,1,306.44,306.44
8769,2975,93,2,450.31,900.62
8770,2975,138,3,38.92,116.76
8771,2975,51,1,374.77,374.77
8772,2975,150,1,464.86,464.86
8773,2976,66,4,220.21,880.84
8774,2976,136,3,82.93,248.79
8775,2976,175,2,84.98,169.96
8776,2976,43,2,137.53,275.06
8777,2976,150,2,464.86,929.72
8778,2977,60,1,266.91,266.91
8779,2977,171,3,50.69,152.07
8780,2977,105,4,290.22,1160.88
8781,2978,96,2,296.21,592.42
8782,2979,170,3,246.82,740.46
8783,2979,64,2,376.68,753.36
8784,2979,196,3,83.8,251.4
8785,2980,15,4,142.55,570.2
8786,2981,126,1,136.28,136.28
8787,2982,63,1,342.45,342.45
8788,2982,176,2,278.08,556.16
8789,2983,28,3,492.68,1478.04
8790,2983,197,2,58.51,117.02
8791,2984,111,2,338.32,676.64
8792,2984,58,1,300.22,300.22
8793,2984,141,3,126.88,380.64
8794,2984,33,4,336.74,1346.96
8795,2984,19,1,303.84,303.84
8796,2985,131,1,112.76,112.76
8797,2985,194,1,402.11,402.11
8798,2985,172,1,415.53,415.53
8799,2986,109,2,214.67,429.34
8800,2986,163,3,469.77,1409.31
8801,2986,45,1,438.8,438.8
8802,2987,119,4,53.46,213.84
8803,2988,157,2,146.07,292.14
8804,2989,51,1,374.77,374.77
8805,2990,11,4,114.12,456.48
8806,2991,74,1,190.09,190.09
8807,2992,195,3,406.32,1218.96
8808,2992,56,4,80.66,322.64
8809,2993,4,4,339.97,1359.88
8810,2994,123,4,243.27,973.08
8811,2995,73,1,306.44,306.44
8812,2995,162,3,466.22,1398.66
8813,2995,168,1,105.78,105.78
8814,2995,183,3,157.59,472.77
8815,2995,152,4,499.23,1996.92
8816,2996,103,1,111.05,111.05
8817,2997,17,2,55.59,111.18
8818,2997,92,3,326.69,980.07
8819,2997,139,2,339.23,678.46
8820,2998,168,4,105.78,423.12
8821,2998,112,1,53.72,53.72
8822,2999,55,1,379.11,379.11
8823,2999,132,2,291.69,583.38
8824,2999,75,4,271.99,1087.96
8825,2999,167,1,109.26,109.26
8826,2999,154,4,255.41,1021.64
8827,3000,115,4,270.46,1081.84
8828,3000,18,2,52.87,105.74
8829,3000,40,2,343.88,687.76
8830,3000,72,2,421.63,843.26
8831,3000,183,4,157.59,630.36
