payment_id,order_id,payment_method,amount,payment_date,payment_status
1,1,paypal,1116.78,2025-06-24 16:14:45,paid
2,2,card,801.64,2025-05-08 14:28:29,paid
3,3,card,1786.94,2026-03-09 05:10:37,paid
4,4,bank_transfer,3786.92,2026-01-14 22:26:40,paid
5,5,card,3522.47,2026-02-14 02:04:40,paid
6,6,paypal,5570.37,2025-06-04 23:59:40,paid
7,7,bank_transfer,3170.12,2025-06-19 01:22:44,paid
8,8,bank_transfer,2463.23,2026-03-01 19:17:19,refunded
9,9,bank_transfer,3035.48,2025-09-16 04:28:19,paid
10,10,bank_transfer,1312.8,2025-09-28 22:43:04,paid
11,11,card,676.48,2026-02-04 22:11:51,paid
12,12,paypal,4235.56,2026-02-28 17:50:31,paid
13,13,card,1662.12,2026-02-03 16:43:41,paid
14,14,card,512.6,2026-03-28 21:02:18,refunded
15,15,bank_transfer,2799.01,2025-05-18 20:23:26,refunded
16,16,bank_transfer,4257.03,2025-11-26 12:34:16,refunded
17,17,card,412.59,2025-07-09 21:29:28,refunded
18,18,bank_transfer,1359.19,2025-07-03 23:48:29,paid
19,19,paypal,1087.96,2025-05-12 08:13:18,paid
20,20,bank_transfer,3205.16,2026-04-05 19:38:04,refunded
21,21,paypal,2150.43,2025-05-15 00:06:54,refunded
22,22,card,3368.93,2025-08-08 18:13:54,paid
23,23,bank_transfer,2187.84,2026-02-17 06:40:10,refunded
24,24,card,1209.84,2025-11-28 22:14:38,refunded
25,25,paypal,1905.31,2025-11-03 15:27:02,refunded
26,26,paypal,3354.4,2025-12-19 06:18:02,refunded
27,27,card,413.63,2026-03-08 14:33:31,paid
28,28,bank_transfer,1076.28,2026-04-27 15:52:17,paid
29,29,paypal,742.72,2026-01-19 02:52:04,paid
30,30,card,1116.52,2026-04-06 08:57:10,paid
31,31,bank_transfer,581.7,2025-10-25 13:31:27,paid
32,32,bank_transfer,3669.58,2025-11-15 03:49:29,paid
33,33,bank_transfer,4372.15,2025-11-09 07:01:34,paid
34,34,bank_transfer,1032.56,2025-11-10 05:06:19,refunded
35,35,card,3611.65,2026-03-29 03:50:56,paid
36,36,bank_transfer,2547.46,2025-12-04 16:33:47,paid
37,37,card,2020.33,2025-10-14 23:28:10,refunded
38,38,bank_transfer,3480.75,2025-09-10 08:22:52,paid
39,39,bank_transfer,285.2,2026-01-18 04:59:15,paid
40,40,paypal,2740.17,2025-07-18 11:48:00,paid
41,41,paypal,1265.41,2026-01-22 00:19:21,paid
42,42,paypal,1854.35,2026-02-09 02:08:22,paid
43,43,card,1572.78,2026-02-02 04:02:28,paid
44,44,paypal,2984.35,2026-01-26 11:32:09,paid
45,45,bank_transfer,4207.63,2026-04-03 21:09:17,paid
46,46,bank_transfer,142.85,2025-09-19 06:13:16,refunded
47,47,paypal,2215.18,2026-01-11 20:53:55,refunded
48,48,card,3492.88,2025-11-13 12:11:39,paid
49,49,card,80.68,2025-09-13 12:35:31,paid
50,50,bank_transfer,2773.66,2025-07-08 10:33:10,refunded
51,51,card,1086.94,2025-07-28 16:07:46,paid
52,52,paypal,654.08,2025-12-31 07:15:01,paid
53,53,bank_transfer,1768.11,2025-11-21 11:35:47,refunded
54,54,paypal,256.16,2025-09-27 21:46:04,refunded
55,55,card,3478.37,2026-04-21 15:48:24,paid
56,56,paypal,723.32,2025-05-21 09:27:03,paid
57,57,bank_transfer,2885.89,2026-03-03 20:57:54,refunded
58,58,card,1016.32,2026-03-19 03:20:06,refunded
59,59,bank_transfer,1004.24,2026-04-21 00:40:50,paid
60,60,card,1452.0,2026-02-13 05:41:42,paid
61,61,paypal,1006.33,2026-02-28 15:51:53,refunded
62,62,card,555.87,2026-03-09 16:35:57,refunded
63,63,bank_transfer,160.28,2026-02-20 05:51:41,paid
64,64,bank_transfer,2319.42,2025-05-13 10:22:23,refunded
65,65,paypal,1860.98,2025-07-15 04:11:50,paid
66,66,bank_transfer,484.65,2025-05-04 11:24:29,refunded
67,67,bank_transfer,1238.9,2025-08-13 17:45:36,paid
68,68,card,1747.4,2025-08-23 01:42:28,paid
69,69,paypal,4255.33,2025-07-28 11:24:23,paid
70,70,paypal,1140.5,2026-04-20 23:59:18,paid
71,71,bank_transfer,144.09,2025-09-25 08:11:59,paid
72,72,paypal,1120.92,2026-01-03 08:51:36,refunded
73,73,card,2569.62,2025-05-29 14:44:10,refunded
74,74,bank_transfer,460.5,2026-03-10 02:49:56,refunded
75,75,bank_transfer,1542.0,2025-12-06 03:24:55,refunded
76,76,paypal,3468.32,2026-03-25 21:17:23,paid
77,77,paypal,441.0,2026-03-02 04:10:59,paid
78,78,bank_transfer,729.81,2025-12-06 15:02:24,refunded
79,79,card,1228.89,2025-08-30 07:19:27,refunded
80,80,card,218.06,2025-06-09 06:35:03,paid
81,81,paypal,2177.96,2025-10-23 11:43:41,paid
82,82,card,2684.56,2025-05-23 12:37:13,paid
83,83,bank_transfer,702.81,2025-09-09 11:36:27,paid
84,84,paypal,2046.5,2026-03-18 01:32:43,paid
85,85,paypal,3501.29,2026-04-01 07:46:56,paid
86,86,paypal,2248.29,2025-06-30 01:39:47,refunded
87,87,bank_transfer,2378.2,2025-07-18 06:58:11,paid
88,88,paypal,1915.48,2026-04-01 08:14:22,paid
89,89,bank_transfer,4426.29,2026-02-04 09:59:25,paid
90,90,paypal,366.8,2025-12-05 07:47:40,paid
91,91,bank_transfer,4172.93,2026-04-11 16:24:46,paid
92,92,card,1396.05,2026-04-23 07:39:39,paid
93,93,card,1877.34,2026-03-30 15:22:49,refunded
94,94,paypal,2203.5,2025-06-03 01:47:38,paid
95,95,card,3191.48,2025-05-06 14:51:18,refunded
96,96,bank_transfer,1056.48,2026-02-24 05:17:27,refunded
97,97,card,2329.44,2025-06-24 15:23:13,paid
98,98,card,157.59,2026-01-02 10:47:11,refunded
99,99,paypal,4544.0,2025-12-07 21:42:06,paid
100,100,paypal,5043.47,2025-07-01 18:29:34,refunded
101,101,card,2552.13,2026-02-24 08:13:37,paid
102,102,card,1166.76,2026-04-22 16:54:37,paid
103,103,card,1349.91,2026-02-05 02:43:07,paid
104,104,bank_transfer,919.3,2025-12-11 15:05:44,paid
105,105,card,1613.58,2026-02-12 16:34:43,paid
106,106,card,347.57,2025-09-09 22:27:04,paid
107,107,card,2895.72,2026-01-10 15:06:19,paid
108,108,paypal,1490.0,2025-05-07 02:09:27,paid
109,109,bank_transfer,1592.81,2025-06-02 14:30:44,paid
110,110,card,1956.35,2025-08-23 08:39:44,refunded
111,111,paypal,2304.1,2025-07-13 23:07:02,paid
112,112,paypal,1585.13,2025-10-30 08:28:25,paid
113,113,bank_transfer,1856.3,2025-08-13 08:16:33,paid
114,114,bank_transfer,2153.83,2026-01-06 15:56:03,refunded
115,115,card,66.79,2026-03-30 18:27:43,paid
116,116,bank_transfer,1323.73,2026-02-07 02:45:10,paid
117,117,card,3438.42,2025-11-12 08:09:54,paid
118,118,card,1052.12,2025-07-11 14:46:11,paid
119,119,bank_transfer,723.03,2025-05-19 17:22:31,paid
120,120,bank_transfer,1959.12,2025-12-21 11:08:58,refunded
121,121,bank_transfer,1091.25,2026-03-13 11:10:14,paid
122,122,bank_transfer,491.84,2025-07-12 23:36:05,paid
123,123,paypal,3606.16,2026-04-16 19:18:03,refunded
124,124,card,919.3,2025-04-29 15:55:11,paid
125,125,paypal,1394.58,2025-12-07 15:45:36,paid
126,126,paypal,2304.56,2025-10-06 02:58:34,refunded
127,127,bank_transfer,2368.51,2025-10-27 06:16:00,paid
128,128,paypal,1734.95,2025-05-29 19:32:56,paid
129,129,bank_transfer,3408.9,2025-07-18 11:15:42,paid
130,130,bank_transfer,213.84,2026-01-19 09:48:31,paid
131,131,bank_transfer,3372.49,2025-12-14 05:33:46,paid
132,132,card,870.96,2025-11-07 20:17:50,paid
133,133,card,911.92,2025-06-02 19:36:43,refunded
134,134,paypal,4023.3,2025-12-20 03:39:04,refunded
135,135,card,2143.27,2025-06-11 10:12:44,paid
136,136,bank_transfer,356.26,2025-06-23 01:53:44,paid
137,137,paypal,1767.28,2025-09-29 04:36:43,refunded
138,138,bank_transfer,1109.99,2025-05-16 11:57:22,refunded
139,139,card,1195.98,2025-12-29 16:35:45,refunded
140,140,paypal,2950.78,2025-06-25 08:36:04,paid
141,141,card,415.16,2026-02-05 22:42:13,paid
142,142,card,612.88,2025-06-25 15:48:35,paid
143,143,paypal,535.5,2025-06-11 14:29:32,refunded
144,144,bank_transfer,3586.87,2025-07-17 05:38:05,paid
145,145,bank_transfer,1952.0,2025-06-27 21:02:56,paid
146,146,paypal,1160.3,2025-06-12 14:17:36,paid
147,147,bank_transfer,1963.23,2026-03-30 07:48:58,paid
148,148,paypal,995.33,2026-01-19 10:14:28,paid
149,149,card,491.08,2026-04-21 13:47:12,paid
150,150,card,1822.64,2026-01-24 17:08:07,paid
151,151,paypal,3304.49,2025-10-23 12:33:22,paid
152,152,paypal,1757.26,2025-10-04 00:57:54,refunded
153,153,paypal,1561.75,2025-10-25 22:11:10,paid
154,154,paypal,919.22,2026-02-13 23:55:49,refunded
155,155,card,936.08,2026-01-09 03:29:55,refunded
156,156,paypal,2727.35,2025-06-20 23:54:30,paid
157,157,paypal,2829.41,2025-05-18 11:23:14,paid
158,158,card,1124.31,2025-06-11 11:44:22,paid
159,159,paypal,919.36,2025-12-19 01:17:42,paid
160,160,bank_transfer,3131.64,2026-02-21 06:17:09,refunded
161,161,card,1027.35,2026-02-11 11:43:09,paid
162,162,card,438.21,2026-01-14 06:03:35,refunded
163,163,card,3709.16,2025-06-01 08:30:39,paid
164,164,card,2739.6,2025-06-11 18:24:52,refunded
165,165,bank_transfer,2403.94,2025-06-10 12:12:42,paid
166,166,paypal,3534.6,2025-09-23 08:02:19,paid
167,167,card,1246.68,2025-10-01 03:29:01,paid
168,168,bank_transfer,1874.52,2025-06-07 06:57:39,paid
169,169,card,1348.9,2025-06-17 00:11:58,refunded
170,170,paypal,1257.31,2026-04-17 10:03:04,paid
171,171,paypal,1264.47,2025-07-06 22:40:36,refunded
172,172,paypal,2418.7,2025-05-14 00:29:46,paid
173,173,paypal,4978.59,2025-06-13 17:53:52,refunded
174,174,card,987.28,2025-12-23 13:02:24,paid
175,175,bank_transfer,1617.19,2026-02-01 23:36:26,paid
176,176,card,5830.81,2025-05-10 03:34:24,refunded
177,177,paypal,3879.57,2025-10-18 03:12:48,paid
178,178,bank_transfer,704.32,2025-06-19 13:27:14,paid
179,179,card,448.7,2026-02-02 11:52:28,refunded
180,180,bank_transfer,1432.61,2025-09-07 21:54:17,paid
181,181,bank_transfer,2530.34,2026-01-09 16:57:16,paid
182,182,bank_transfer,920.8,2026-02-10 02:15:34,paid
183,183,bank_transfer,3474.38,2026-04-22 03:42:11,refunded
184,184,card,713.98,2025-11-19 05:33:58,refunded
185,185,bank_transfer,1180.17,2026-02-16 20:31:53,refunded
186,186,bank_transfer,3762.84,2025-10-14 16:04:15,paid
187,187,card,1406.56,2026-04-24 19:55:09,paid
188,188,paypal,2682.22,2025-08-02 07:51:25,paid
189,189,bank_transfer,2884.56,2025-07-13 13:43:20,refunded
190,190,bank_transfer,3855.48,2026-04-22 04:35:31,refunded
191,191,paypal,111.76,2025-12-25 15:25:15,paid
192,192,card,2771.31,2026-02-11 17:29:42,paid
193,193,bank_transfer,630.8,2026-02-05 03:01:05,paid
194,194,card,1544.86,2025-07-19 20:09:18,paid
195,195,paypal,976.07,2025-05-12 03:29:42,paid
196,196,paypal,4190.6,2025-08-19 18:09:47,paid
197,197,paypal,1357.6,2025-12-05 19:51:33,paid
198,198,card,6053.29,2025-07-11 11:51:44,paid
199,199,paypal,1204.16,2025-10-12 06:52:27,paid
200,200,paypal,154.75,2025-09-22 09:50:56,paid
201,201,bank_transfer,2023.92,2025-09-05 18:03:08,refunded
202,202,paypal,1228.6,2025-07-17 16:50:43,paid
203,203,paypal,188.24,2025-11-21 22:51:53,refunded
204,204,card,1603.94,2025-05-02 22:06:49,paid
205,205,card,271.79,2026-01-09 05:11:16,refunded
206,206,bank_transfer,2433.23,2025-07-06 04:36:13,paid
207,207,bank_transfer,1964.91,2025-10-21 14:05:20,paid
208,208,paypal,478.05,2026-01-05 10:29:39,paid
209,209,bank_transfer,2473.08,2026-04-03 05:39:35,paid
210,210,bank_transfer,1710.66,2026-01-11 01:05:18,paid
211,211,bank_transfer,1685.21,2026-03-08 19:34:58,paid
212,212,paypal,4375.29,2025-08-22 19:05:28,paid
213,213,bank_transfer,1980.62,2026-02-23 09:05:23,paid
214,214,card,1375.52,2025-11-16 01:39:10,paid
215,215,bank_transfer,278.33,2025-06-06 23:54:47,refunded
216,216,paypal,1614.0,2025-06-24 20:05:05,paid
217,217,bank_transfer,2118.72,2026-02-18 14:26:04,refunded
218,218,card,5943.46,2026-02-26 14:14:19,paid
219,219,paypal,3830.31,2025-08-15 06:33:55,paid
220,220,paypal,2067.57,2025-07-05 03:15:58,paid
221,221,paypal,1767.83,2025-06-05 18:30:29,paid
222,222,paypal,1642.2,2025-06-01 18:17:45,paid
223,223,card,2682.34,2025-08-16 04:01:08,paid
224,224,bank_transfer,753.62,2025-05-06 12:40:58,paid
225,225,card,4369.29,2026-02-28 11:30:47,paid
226,226,paypal,4979.82,2025-11-30 13:40:21,paid
227,227,bank_transfer,753.36,2026-01-18 00:30:32,paid
228,228,card,1553.8,2025-09-28 01:57:58,paid
229,229,card,1464.83,2025-12-26 13:50:06,refunded
230,230,card,1202.76,2025-11-17 13:58:31,paid
231,231,card,1315.59,2025-06-21 08:40:25,refunded
232,232,paypal,1781.3,2026-04-20 18:43:59,paid
233,233,bank_transfer,2705.36,2025-09-05 15:44:01,paid
234,234,card,879.94,2026-03-27 15:52:27,refunded
235,235,paypal,909.0,2025-05-01 02:30:54,paid
236,236,bank_transfer,1988.52,2025-12-07 14:00:42,paid
237,237,paypal,282.88,2026-01-10 22:43:05,paid
238,238,card,3158.33,2025-09-01 13:18:51,refunded
239,239,card,1914.41,2025-06-19 00:51:51,paid
240,240,bank_transfer,647.52,2025-06-25 01:44:38,paid
241,241,bank_transfer,4433.14,2025-12-15 07:06:04,paid
242,242,card,571.4,2025-08-17 01:51:26,refunded
243,243,paypal,2695.54,2025-09-20 13:41:46,refunded
244,244,paypal,303.04,2025-06-16 17:50:15,paid
245,245,paypal,2622.34,2025-05-04 08:26:16,paid
246,246,paypal,5319.12,2026-03-19 21:59:09,paid
247,247,bank_transfer,2341.8,2026-03-13 09:56:05,paid
248,248,paypal,482.36,2025-12-13 09:46:27,paid
249,249,card,5468.38,2025-07-11 22:06:02,refunded
250,250,bank_transfer,26.44,2026-01-24 20:28:13,paid
251,251,card,640.17,2026-03-22 15:13:41,paid
252,252,card,2033.51,2025-09-17 03:49:38,refunded
253,253,bank_transfer,2114.09,2025-09-10 15:45:19,paid
254,254,bank_transfer,1732.78,2026-02-01 23:11:28,paid
255,255,bank_transfer,1619.37,2025-09-22 12:26:30,refunded
256,256,bank_transfer,1371.0,2026-03-19 20:01:02,refunded
257,257,card,3089.31,2026-02-28 22:33:33,paid
258,258,bank_transfer,1095.94,2025-05-23 08:09:38,refunded
259,259,paypal,584.8,2026-03-08 11:47:35,refunded
260,260,bank_transfer,2309.43,2026-02-09 21:41:04,paid
261,261,paypal,1134.89,2026-02-07 13:11:35,refunded
262,262,bank_transfer,440.42,2026-01-07 04:33:56,paid
263,263,card,3285.0,2025-04-28 06:02:11,paid
264,264,bank_transfer,3660.14,2026-03-06 11:44:05,paid
265,265,paypal,3420.07,2026-04-24 04:22:31,paid
266,266,paypal,849.74,2025-07-20 01:35:06,refunded
267,267,paypal,2812.98,2026-01-30 15:24:28,paid
268,268,paypal,1384.94,2026-01-11 18:07:43,paid
269,269,card,4622.68,2025-12-04 16:20:08,paid
270,270,card,1893.64,2025-12-15 07:29:40,paid
271,271,card,3095.31,2025-09-08 20:10:27,paid
272,272,card,885.3,2025-06-16 11:55:25,paid
273,273,card,2788.4,2026-02-24 07:22:43,refunded
274,274,bank_transfer,345.64,2026-01-22 11:50:21,refunded
275,275,card,1801.24,2025-12-10 06:58:47,paid
276,276,paypal,2515.08,2025-11-06 14:28:19,paid
277,277,bank_transfer,3275.74,2026-03-13 12:30:57,paid
278,278,paypal,146.07,2025-05-04 08:36:32,paid
279,279,bank_transfer,123.15,2026-02-23 05:06:35,refunded
280,280,card,2197.87,2025-06-04 12:07:15,refunded
281,281,bank_transfer,463.55,2025-07-25 14:53:31,refunded
282,282,card,676.84,2025-10-20 22:53:33,paid
283,283,card,1398.66,2025-06-12 19:38:00,refunded
284,284,card,4081.87,2025-06-21 19:08:25,refunded
285,285,bank_transfer,133.98,2025-08-12 17:39:24,paid
286,286,paypal,868.65,2025-07-10 18:59:39,refunded
287,287,card,1805.76,2025-10-09 08:43:48,refunded
288,288,bank_transfer,676.22,2026-04-25 21:45:15,paid
289,289,card,93.78,2025-09-14 03:27:16,paid
290,290,card,888.26,2025-11-27 04:58:38,paid
291,291,card,111.05,2025-09-01 13:46:40,refunded
292,292,paypal,2262.85,2025-11-23 07:59:07,paid
293,293,paypal,3767.52,2025-09-17 02:54:11,paid
294,294,paypal,285.4,2025-09-25 03:39:14,paid
295,295,bank_transfer,2889.27,2025-08-24 22:48:06,paid
296,296,paypal,1374.13,2026-02-17 20:55:10,paid
297,297,bank_transfer,2337.76,2026-04-21 14:17:23,refunded
298,298,card,3577.39,2025-06-17 08:09:46,paid
299,299,paypal,2499.47,2025-07-19 01:12:58,paid
300,300,bank_transfer,1641.19,2026-03-22 10:38:44,refunded
301,301,paypal,2155.15,2025-05-08 06:01:00,paid
302,302,bank_transfer,2172.5,2025-08-06 10:49:01,paid
303,303,bank_transfer,1573.56,2025-05-26 20:07:27,refunded
304,304,card,2659.5,2026-04-07 15:38:44,refunded
305,305,paypal,1761.8,2026-02-10 04:10:20,paid
306,306,paypal,9.61,2026-02-24 01:20:28,paid
307,307,paypal,2505.2,2025-06-27 08:11:50,paid
308,308,bank_transfer,1769.41,2025-05-07 15:51:57,paid
309,309,paypal,2912.12,2025-06-21 10:18:37,paid
310,310,bank_transfer,1749.56,2025-10-31 19:57:21,refunded
311,311,bank_transfer,886.6,2026-04-23 23:00:13,paid
312,312,paypal,1416.88,2025-05-18 15:27:41,paid
313,313,bank_transfer,1515.36,2025-10-08 19:02:34,paid
314,314,bank_transfer,321.85,2025-06-14 13:44:37,paid
315,315,paypal,3314.34,2025-09-15 05:11:47,paid
316,316,paypal,4426.39,2025-12-22 07:34:04,refunded
317,317,card,1666.79,2025-06-29 14:33:05,paid
318,318,bank_transfer,1311.55,2025-10-30 20:50:47,paid
319,319,bank_transfer,5003.24,2025-07-26 08:09:26,paid
320,320,paypal,1235.74,2025-11-30 06:23:24,paid
321,321,card,973.08,2025-11-05 21:20:04,paid
322,322,paypal,6128.4,2025-08-13 15:23:05,refunded
323,323,paypal,1464.9,2025-05-21 03:07:09,paid
324,324,bank_transfer,784.04,2025-07-01 08:07:37,paid
325,325,bank_transfer,2601.84,2025-12-16 08:41:22,paid
326,326,paypal,1460.96,2025-12-24 06:32:22,paid
327,327,bank_transfer,2586.79,2025-05-21 15:13:36,paid
328,328,card,1678.92,2025-10-16 20:22:33,refunded
329,329,bank_transfer,4987.32,2026-01-31 21:10:56,paid
330,330,paypal,838.3,2026-02-01 23:40:32,paid
331,331,bank_transfer,290.38,2025-05-30 20:57:18,paid
332,332,paypal,3546.47,2025-10-12 04:45:41,paid
333,333,paypal,4177.96,2025-10-10 06:13:37,paid
334,334,paypal,2431.39,2026-03-28 12:22:18,paid
335,335,bank_transfer,1640.7,2025-12-13 04:31:19,refunded
336,336,bank_transfer,1017.58,2025-05-06 10:47:57,refunded
337,337,card,212.52,2025-10-04 20:45:48,refunded
338,338,paypal,1958.46,2025-07-25 07:42:19,paid
339,339,card,1691.84,2025-06-17 04:56:16,paid
340,340,bank_transfer,971.47,2025-06-15 19:38:13,paid
341,341,card,2844.48,2026-03-27 16:25:53,paid
342,342,bank_transfer,1828.0,2025-08-14 23:37:32,paid
343,343,bank_transfer,793.22,2025-11-19 23:58:03,paid
344,344,paypal,921.01,2026-01-05 05:29:59,paid
345,345,bank_transfer,372.78,2026-04-12 16:57:45,paid
346,346,bank_transfer,2819.38,2025-06-08 07:39:51,refunded
347,347,card,487.05,2025-09-07 17:26:28,paid
348,348,card,1973.42,2025-08-29 18:28:01,refunded
349,349,bank_transfer,346.85,2025-08-07 03:40:18,paid
350,350,paypal,4180.98,2026-03-29 06:55:36,paid
351,351,card,2511.37,2025-06-28 07:35:36,paid
352,352,card,2782.79,2026-03-15 05:08:08,refunded
353,353,paypal,1144.68,2026-04-03 22:37:29,paid
354,354,card,1484.3,2026-01-18 12:42:23,refunded
355,355,bank_transfer,2809.46,2025-12-29 02:04:36,paid
356,356,card,1973.27,2026-01-02 00:58:16,paid
357,357,bank_transfer,1067.32,2025-04-30 16:26:33,refunded
358,358,bank_transfer,370.2,2025-07-22 20:29:07,paid
359,359,bank_transfer,1265.58,2026-01-25 01:17:57,paid
360,360,bank_transfer,1270.73,2026-01-28 14:57:13,paid
361,361,paypal,93.78,2026-03-30 06:11:18,paid
362,362,bank_transfer,1641.26,2025-08-16 13:56:23,paid
363,363,bank_transfer,3744.26,2025-05-10 07:47:48,refunded
364,364,card,761.14,2025-08-02 16:23:51,paid
365,365,card,1721.94,2025-05-20 12:20:09,refunded
366,366,paypal,1627.49,2025-06-15 04:43:15,refunded
367,367,bank_transfer,1793.4,2025-05-04 07:06:48,paid
368,368,paypal,1179.85,2025-12-22 23:28:49,paid
369,369,bank_transfer,2375.21,2025-09-15 18:38:41,refunded
370,370,bank_transfer,750.09,2026-04-15 08:50:26,paid
371,371,card,1532.52,2026-04-14 04:38:27,refunded
372,372,bank_transfer,932.44,2025-10-02 05:10:20,refunded
373,373,card,554.94,2025-11-06 11:37:40,paid
374,374,card,2865.56,2025-12-02 21:28:06,paid
375,375,bank_transfer,2997.85,2026-04-17 17:50:17,paid
376,376,paypal,33.3,2026-02-20 04:03:20,refunded
377,377,paypal,1919.13,2026-01-01 06:13:39,paid
378,378,card,2872.61,2025-10-20 00:43:16,refunded
379,379,card,1097.96,2025-09-17 20:10:02,paid
380,380,card,1528.22,2025-10-09 01:53:26,refunded
381,381,bank_transfer,655.4,2026-04-09 12:55:30,refunded
382,382,card,1780.82,2026-02-27 07:55:30,paid
383,383,card,1942.65,2025-08-25 10:34:02,paid
384,384,card,3145.36,2025-12-25 14:27:26,refunded
385,385,paypal,2539.84,2025-05-22 22:43:47,paid
386,386,bank_transfer,2277.84,2025-09-18 18:23:32,paid
387,387,card,180.33,2025-10-16 15:55:30,paid
388,388,bank_transfer,271.82,2025-12-12 21:47:34,refunded
389,389,paypal,2240.42,2026-01-15 15:43:03,refunded
390,390,card,2933.82,2026-02-24 00:51:45,paid
391,391,card,2154.2,2025-09-09 20:36:36,paid
392,392,bank_transfer,1728.66,2025-09-19 05:25:31,refunded
393,393,paypal,3047.02,2025-08-16 11:15:52,paid
394,394,bank_transfer,2287.29,2025-10-09 19:52:17,paid
395,395,bank_transfer,1724.36,2026-03-21 07:19:17,paid
396,396,bank_transfer,852.46,2025-07-03 16:41:08,paid
397,397,card,1763.47,2025-08-01 06:41:39,paid
398,398,bank_transfer,2017.63,2025-08-03 07:02:34,paid
399,399,card,3206.65,2025-10-30 22:56:45,refunded
400,400,card,964.04,2026-03-20 13:18:52,paid
401,401,paypal,972.7,2025-06-08 00:36:07,paid
402,402,bank_transfer,2942.59,2025-06-19 21:33:07,paid
403,403,card,1486.91,2026-03-18 17:20:44,paid
404,404,bank_transfer,2413.29,2026-03-08 08:20:52,refunded
405,405,bank_transfer,4019.13,2025-08-03 04:56:58,paid
406,406,paypal,3023.9,2025-10-24 00:36:56,refunded
407,407,card,670.08,2025-10-13 08:46:42,paid
408,408,card,1427.89,2025-04-28 18:30:47,paid
409,409,card,576.55,2025-06-09 15:50:41,paid
410,410,paypal,2503.72,2025-05-14 20:31:38,refunded
411,411,bank_transfer,1874.56,2025-11-29 06:20:39,refunded
412,412,card,1292.73,2025-05-20 18:46:58,paid
413,413,card,566.53,2026-02-20 11:28:38,paid
414,414,paypal,87.32,2025-06-12 18:23:17,paid
415,415,bank_transfer,1185.12,2026-03-03 07:52:30,refunded
416,416,paypal,505.04,2026-02-26 00:39:09,refunded
417,417,card,2367.66,2025-11-13 09:09:55,paid
418,418,card,1825.67,2025-06-14 08:29:24,refunded
419,419,card,2994.24,2025-05-12 18:52:32,paid
420,420,paypal,4357.12,2025-07-17 05:51:27,paid
421,421,card,897.4,2025-05-08 01:40:07,paid
422,422,paypal,2263.76,2026-03-06 18:49:54,refunded
423,423,card,1430.04,2026-04-16 17:37:43,paid
424,424,bank_transfer,133.98,2026-02-07 19:46:57,paid
425,425,paypal,3519.82,2026-03-01 12:04:47,paid
426,426,card,174.64,2025-10-04 23:35:19,refunded
427,427,card,1282.64,2025-11-28 18:48:35,paid
428,428,bank_transfer,3087.27,2025-07-26 00:50:53,paid
429,429,bank_transfer,136.56,2025-06-05 16:56:55,paid
430,430,card,1814.83,2025-10-19 05:26:07,paid
431,431,paypal,2474.43,2025-09-29 12:39:39,paid
432,432,card,3041.82,2025-08-12 23:56:23,refunded
433,433,paypal,296.28,2026-02-18 05:48:53,refunded
434,434,paypal,1656.72,2025-06-01 15:51:46,paid
435,435,card,187.56,2025-11-03 14:49:43,refunded
436,436,card,2479.94,2025-06-29 14:14:38,refunded
437,437,paypal,2869.3,2025-10-09 08:11:01,refunded
438,438,card,1133.05,2025-11-14 06:28:35,refunded
439,439,card,88.02,2025-05-14 06:46:41,paid
440,440,paypal,1689.15,2025-11-25 03:31:10,paid
441,441,paypal,117.02,2025-05-02 19:56:12,paid
442,442,paypal,848.85,2025-11-14 10:16:28,refunded
443,443,card,1357.32,2025-06-04 13:26:48,paid
444,444,bank_transfer,1952.2,2026-03-09 04:55:14,paid
445,445,card,1346.04,2026-02-03 23:49:17,paid
446,446,bank_transfer,913.44,2026-01-13 00:41:50,paid
447,447,card,3373.17,2025-09-16 23:09:21,paid
448,448,bank_transfer,2724.59,2025-10-18 14:11:09,refunded
449,449,paypal,2975.64,2025-06-08 10:58:34,paid
450,450,card,663.6,2025-06-24 06:56:25,paid
451,451,paypal,1440.83,2025-12-13 21:53:17,refunded
452,452,bank_transfer,1114.26,2025-05-09 14:09:43,refunded
453,453,paypal,1906.63,2026-03-30 23:06:38,refunded
454,454,card,1475.66,2026-02-01 06:14:08,paid
455,455,paypal,2605.26,2025-06-08 18:39:28,paid
456,456,paypal,82.93,2025-09-07 20:47:17,refunded
457,457,card,1245.44,2026-01-26 05:32:09,paid
458,458,paypal,3344.39,2025-05-21 07:57:07,refunded
459,459,paypal,1808.28,2025-10-24 16:40:56,paid
460,460,bank_transfer,2418.41,2025-05-30 12:25:24,paid
461,461,bank_transfer,1512.86,2025-07-12 15:22:29,refunded
462,462,bank_transfer,1674.56,2025-11-11 04:22:10,paid
463,463,paypal,2510.53,2025-05-14 05:16:02,paid
464,464,paypal,484.4,2025-10-03 09:27:15,paid
465,465,card,3246.25,2025-10-20 14:48:16,paid
466,466,card,356.16,2025-06-06 05:40:55,refunded
467,467,card,933.92,2025-08-01 10:52:24,paid
468,468,bank_transfer,655.16,2025-05-18 16:32:32,paid
469,469,paypal,571.4,2025-10-24 02:58:57,paid
470,470,paypal,1824.75,2026-01-29 12:02:37,paid
471,471,card,2297.46,2025-07-25 18:23:42,paid
472,472,bank_transfer,1163.28,2025-09-03 16:42:41,refunded
473,473,card,2161.96,2025-05-28 16:55:38,refunded
474,474,bank_transfer,1648.38,2025-05-16 06:13:43,refunded
475,475,paypal,2619.29,2026-03-09 11:34:53,paid
476,476,card,1741.51,2026-03-31 17:23:21,refunded
477,477,bank_transfer,3214.18,2025-08-17 10:33:35,paid
478,478,bank_transfer,691.28,2025-09-14 23:47:30,paid
479,479,paypal,2422.77,2025-11-19 20:41:36,paid
480,480,paypal,964.04,2025-08-12 17:47:25,paid
481,481,bank_transfer,2499.79,2025-11-04 20:08:48,refunded
482,482,bank_transfer,1515.44,2025-08-22 07:57:23,paid
483,483,bank_transfer,2938.57,2025-07-14 04:00:21,refunded
484,484,card,5134.34,2026-03-04 18:46:30,paid
485,485,bank_transfer,107.44,2025-09-30 08:24:16,paid
486,486,card,1698.29,2025-07-04 17:15:11,paid
487,487,bank_transfer,812.64,2025-06-11 02:48:28,paid
488,488,paypal,1205.59,2026-01-26 03:23:28,refunded
489,489,bank_transfer,117.02,2025-07-13 01:54:40,paid
490,490,paypal,387.6,2025-05-07 09:17:35,refunded
491,491,paypal,335.2,2025-05-04 11:39:16,refunded
492,492,paypal,303.84,2025-12-03 04:48:12,refunded
493,493,bank_transfer,888.84,2025-10-13 17:06:18,paid
494,494,paypal,901.83,2025-07-07 07:02:24,refunded
495,495,bank_transfer,869.18,2025-09-10 05:17:43,refunded
496,496,card,1841.53,2025-11-20 06:09:28,paid
497,497,paypal,1528.11,2026-03-27 12:03:47,refunded
498,498,card,1944.32,2025-11-18 19:57:20,paid
499,499,bank_transfer,1943.37,2026-01-15 10:30:17,paid
500,500,bank_transfer,3101.43,2025-09-12 18:02:50,paid
501,501,paypal,3041.89,2025-10-18 06:35:41,refunded
502,502,paypal,5123.99,2025-10-10 02:54:10,paid
503,503,bank_transfer,2734.31,2026-01-25 21:56:03,paid
504,504,bank_transfer,2957.04,2025-10-11 11:53:18,paid
505,505,bank_transfer,2358.87,2025-12-15 06:43:55,paid
506,506,card,2456.02,2025-08-04 05:51:10,paid
507,507,paypal,1536.4,2025-11-06 10:39:37,paid
508,508,card,872.37,2025-05-09 06:48:27,paid
509,509,bank_transfer,1388.89,2025-07-16 04:33:14,paid
510,510,paypal,839.36,2025-06-13 12:27:23,refunded
511,511,card,3319.27,2025-12-01 17:46:04,paid
512,512,bank_transfer,2486.79,2025-04-29 19:38:08,paid
513,513,bank_transfer,2051.19,2025-09-04 07:58:35,paid
514,514,card,1246.65,2025-07-13 23:20:07,paid
515,515,bank_transfer,4776.76,2026-01-13 07:50:44,paid
516,516,paypal,188.21,2026-03-05 20:16:31,paid
517,517,card,99.9,2026-04-01 11:36:42,refunded
518,518,bank_transfer,2399.42,2026-02-23 11:51:32,paid
519,519,paypal,854.37,2025-07-14 12:34:31,paid
520,520,paypal,110.07,2025-12-19 11:47:05,paid
521,521,bank_transfer,3073.19,2025-10-01 02:32:55,paid
522,522,bank_transfer,2885.15,2025-06-27 12:10:19,refunded
523,523,card,465.71,2026-03-13 05:00:04,paid
524,524,bank_transfer,3167.88,2026-03-08 06:28:52,paid
525,525,card,528.35,2026-04-19 18:51:07,paid
526,526,paypal,1151.04,2026-04-27 07:33:39,paid
527,527,bank_transfer,1313.88,2025-10-15 08:44:52,refunded
528,528,bank_transfer,1588.83,2026-04-20 18:32:31,paid
529,529,bank_transfer,2094.76,2025-08-04 10:05:42,paid
530,530,paypal,4448.67,2026-03-19 07:46:27,paid
531,531,card,835.4,2025-10-14 14:10:37,paid
532,532,paypal,2301.47,2026-04-08 06:27:44,refunded
533,533,bank_transfer,1871.64,2025-09-27 15:08:29,paid
534,534,bank_transfer,673.02,2025-10-14 09:35:09,paid
535,535,card,4051.17,2026-03-13 09:39:53,paid
536,536,card,1815.63,2025-06-24 13:06:26,refunded
537,537,paypal,1740.6,2025-05-28 08:56:42,paid
538,538,card,3489.07,2025-09-11 21:34:34,paid
539,539,paypal,2513.28,2025-12-10 23:28:58,paid
540,540,bank_transfer,1492.92,2025-05-22 15:02:02,paid
541,541,bank_transfer,2307.92,2025-11-17 12:11:26,paid
542,542,bank_transfer,438.55,2025-07-30 03:56:02,paid
543,543,paypal,3619.0,2026-03-16 07:59:10,refunded
544,544,paypal,460.17,2025-06-20 09:37:18,paid
545,545,paypal,613.86,2026-01-24 08:27:58,paid
546,546,card,1757.9,2026-03-25 06:11:20,paid
547,547,bank_transfer,279.98,2025-10-29 05:49:06,paid
548,548,bank_transfer,3154.74,2025-05-05 02:07:40,paid
549,549,paypal,2597.76,2025-05-10 04:49:58,paid
550,550,paypal,5237.64,2025-05-20 02:15:30,paid
551,551,card,3089.16,2025-08-09 00:57:22,refunded
552,552,card,964.86,2025-10-01 05:23:07,paid
553,553,bank_transfer,1628.22,2025-10-05 19:01:10,paid
554,554,card,2429.04,2025-10-09 23:09:20,refunded
555,555,card,323.46,2025-06-05 14:30:29,paid
556,556,paypal,3121.22,2025-08-26 08:49:46,paid
557,557,bank_transfer,1824.16,2025-09-02 23:44:51,refunded
558,558,card,3628.52,2025-12-27 03:52:58,paid
559,559,card,48.03,2025-12-12 14:26:20,paid
560,560,paypal,244.93,2025-05-07 10:50:42,refunded
561,561,bank_transfer,2309.15,2026-02-14 23:55:16,paid
562,562,paypal,2468.18,2025-05-24 02:15:44,refunded
563,563,paypal,892.16,2026-03-02 12:26:59,refunded
564,564,bank_transfer,811.38,2025-06-12 00:04:01,paid
565,565,bank_transfer,734.62,2025-05-17 09:02:58,refunded
566,566,card,4238.28,2025-10-18 06:33:05,paid
567,567,bank_transfer,3226.48,2025-12-12 06:42:59,paid
568,568,paypal,1396.1,2025-11-02 07:48:10,paid
569,569,bank_transfer,1565.7,2026-01-11 13:26:11,paid
570,570,bank_transfer,3106.2,2025-10-26 04:37:50,paid
571,571,card,1365.56,2025-06-14 23:26:38,paid
572,572,paypal,2085.76,2026-04-17 16:16:18,paid
573,573,card,3099.8,2025-08-03 18:05:38,paid
574,574,bank_transfer,428.28,2025-05-12 05:00:59,paid
575,575,card,1476.61,2025-05-05 08:14:49,paid
576,576,bank_transfer,1850.98,2026-02-12 13:56:47,refunded
577,577,bank_transfer,62.19,2026-01-07 04:18:12,paid
578,578,paypal,744.11,2025-08-07 19:00:11,paid
579,579,bank_transfer,1477.85,2025-12-11 02:32:24,paid
580,580,bank_transfer,939.75,2025-07-28 08:41:51,paid
581,581,bank_transfer,1015.15,2025-11-24 23:40:33,refunded
582,582,card,909.0,2026-02-20 02:09:10,refunded
583,583,paypal,1887.71,2025-11-28 02:58:05,paid
584,584,paypal,790.4,2025-05-24 03:15:22,paid
585,585,paypal,13.22,2026-03-12 09:15:20,paid
586,586,card,2583.35,2026-01-30 09:28:33,paid
587,587,card,1367.02,2025-12-02 09:07:04,paid
588,588,card,488.19,2026-02-15 20:23:39,paid
589,589,paypal,3264.35,2026-01-24 14:17:20,refunded
590,590,bank_transfer,2971.93,2026-03-26 21:11:45,paid
591,591,paypal,1946.23,2026-01-27 11:13:46,refunded
592,592,paypal,1392.82,2025-12-28 19:48:25,refunded
593,593,card,425.17,2026-01-23 04:22:20,paid
594,594,card,2211.6,2025-08-10 09:51:44,paid
595,595,card,2252.34,2025-12-06 17:23:26,paid
596,596,card,1056.48,2025-04-28 21:55:42,paid
597,597,paypal,977.02,2025-08-28 02:41:59,refunded
598,598,paypal,1880.34,2025-08-02 12:37:18,paid
599,599,paypal,2184.7,2026-01-12 01:02:16,paid
600,600,bank_transfer,2710.02,2026-01-27 14:13:38,paid
601,601,paypal,1930.69,2025-05-23 07:29:08,paid
602,602,bank_transfer,2206.43,2025-08-28 17:01:21,paid
603,603,bank_transfer,2784.89,2026-02-26 09:55:29,paid
604,604,paypal,2489.92,2025-07-03 13:17:45,paid
605,605,paypal,3533.06,2025-05-14 04:25:06,paid
606,606,card,4433.0,2025-08-04 23:43:02,paid
607,607,card,937.28,2025-12-20 20:10:57,paid
608,608,bank_transfer,584.28,2025-12-20 03:31:06,paid
609,609,bank_transfer,3098.25,2025-11-08 15:58:00,refunded
610,610,paypal,2012.91,2025-05-12 11:05:56,refunded
611,611,paypal,1818.01,2026-03-07 11:03:18,paid
612,612,bank_transfer,4713.82,2025-12-12 17:46:44,paid
613,613,paypal,2440.43,2025-08-21 07:17:04,paid
614,614,card,2381.0,2026-01-03 20:13:57,refunded
615,615,bank_transfer,2395.28,2026-03-16 03:52:49,paid
616,616,bank_transfer,2816.43,2025-12-15 22:09:30,refunded
617,617,card,5463.74,2026-03-12 19:46:25,paid
618,618,bank_transfer,3064.7,2025-11-06 16:31:49,refunded
619,619,card,2610.1,2026-04-23 14:15:22,paid
620,620,bank_transfer,1662.24,2026-04-17 03:18:23,paid
621,621,card,1255.95,2025-09-28 02:18:04,refunded
622,622,paypal,187.24,2026-02-25 21:55:31,paid
623,623,card,315.18,2025-12-19 02:11:43,refunded
624,624,paypal,1679.19,2025-11-19 06:35:16,refunded
625,625,card,1186.85,2025-11-05 03:46:20,refunded
626,626,paypal,1210.5,2025-12-31 19:29:26,paid
627,627,paypal,1706.24,2025-07-23 15:09:16,refunded
628,628,card,3669.36,2026-01-04 10:08:52,paid
629,629,bank_transfer,4311.55,2025-05-23 00:07:56,paid
630,630,paypal,846.07,2025-07-13 21:13:47,paid
631,631,bank_transfer,689.37,2025-10-24 14:45:52,paid
632,632,card,2566.2,2025-12-12 23:02:13,paid
633,633,bank_transfer,2061.29,2025-10-15 06:08:14,paid
634,634,paypal,2552.01,2026-01-18 18:49:47,refunded
635,635,paypal,22.83,2025-06-13 10:58:14,paid
636,636,paypal,1127.4,2026-03-09 17:37:34,paid
637,637,bank_transfer,2309.66,2025-10-05 16:56:48,paid
638,638,bank_transfer,3232.84,2025-09-23 03:28:33,paid
639,639,card,1438.22,2025-12-17 21:53:42,paid
640,640,card,1358.49,2025-11-29 21:31:48,refunded
641,641,bank_transfer,401.72,2026-02-12 22:40:12,refunded
642,642,paypal,3559.58,2025-08-19 08:46:41,paid
643,643,bank_transfer,81.5,2025-06-06 09:09:28,paid
644,644,card,1329.91,2025-10-04 06:29:43,paid
645,645,bank_transfer,157.59,2026-04-15 09:46:43,paid
646,646,bank_transfer,2246.8,2025-09-23 02:35:04,refunded
647,647,paypal,576.92,2025-06-05 10:21:18,paid
648,648,bank_transfer,2183.74,2025-06-24 08:39:32,paid
649,649,card,1036.92,2025-07-20 16:53:29,paid
650,650,bank_transfer,673.02,2025-11-02 01:27:40,paid
651,651,bank_transfer,3126.12,2025-08-17 01:19:03,paid
652,652,card,701.16,2025-05-16 19:22:59,refunded
653,653,paypal,1909.98,2025-11-02 02:25:34,paid
654,654,paypal,1802.68,2025-10-31 03:04:56,paid
655,655,card,3633.28,2025-12-05 12:20:18,paid
656,656,card,2208.04,2025-08-09 01:54:18,paid
657,657,bank_transfer,19.83,2025-08-02 03:23:49,paid
658,658,paypal,40.34,2025-07-27 07:47:08,paid
659,659,paypal,1805.67,2026-03-16 10:57:06,paid
660,660,card,5024.09,2025-07-04 09:11:05,paid
661,661,paypal,2491.92,2026-02-17 17:26:20,paid
662,662,card,2490.39,2025-08-30 21:25:06,refunded
663,663,card,1514.57,2025-10-14 08:46:37,paid
664,664,paypal,4323.95,2025-07-07 18:39:32,refunded
665,665,bank_transfer,1356.92,2025-07-18 16:10:35,paid
666,666,bank_transfer,2738.97,2026-02-07 21:50:18,refunded
667,667,bank_transfer,2474.04,2026-01-20 06:41:54,paid
668,668,paypal,435.72,2025-11-13 20:58:52,paid
669,669,paypal,397.0,2026-01-12 19:38:57,paid
670,670,card,1093.43,2025-12-13 05:33:09,paid
671,671,bank_transfer,1838.29,2025-12-14 20:14:55,refunded
672,672,card,58.51,2025-08-18 00:30:40,paid
673,673,paypal,1764.45,2025-12-10 02:10:05,paid
674,674,bank_transfer,804.04,2025-12-04 12:05:14,paid
675,675,paypal,1707.13,2026-04-16 21:03:20,paid
676,676,paypal,1280.29,2025-06-10 23:53:56,paid
677,677,bank_transfer,98.68,2025-12-20 19:48:06,paid
678,678,paypal,153.5,2025-10-18 00:02:14,paid
679,679,paypal,714.66,2026-03-07 03:28:33,refunded
680,680,bank_transfer,1099.04,2025-05-03 11:08:41,paid
681,681,bank_transfer,174.64,2025-05-23 17:37:36,paid
682,682,paypal,2527.49,2026-01-29 01:24:15,refunded
683,683,bank_transfer,2972.5,2026-03-13 03:47:59,paid
684,684,bank_transfer,2007.63,2026-04-16 13:07:41,paid
685,685,bank_transfer,2380.93,2025-08-08 06:57:02,paid
686,686,card,1249.92,2025-06-30 20:25:27,paid
687,687,bank_transfer,2880.24,2026-04-05 19:47:00,paid
688,688,bank_transfer,854.79,2025-10-11 23:48:30,paid
689,689,card,2841.94,2026-03-23 03:14:53,paid
690,690,bank_transfer,1439.18,2026-01-09 04:28:56,paid
691,691,bank_transfer,1814.83,2025-06-20 23:02:14,paid
692,692,paypal,5521.99,2025-05-07 22:00:51,paid
693,693,card,2211.75,2025-07-20 00:18:49,paid
694,694,card,466.66,2025-10-26 04:09:25,refunded
695,695,paypal,2880.96,2025-05-17 13:21:28,refunded
696,696,paypal,680.21,2025-11-13 22:58:17,refunded
697,697,bank_transfer,1214.23,2025-10-23 15:46:26,paid
698,698,paypal,457.32,2026-03-12 03:38:00,paid
699,699,bank_transfer,2203.65,2026-04-13 20:14:09,paid
700,700,bank_transfer,2167.15,2025-11-23 16:43:36,paid
701,701,card,1842.29,2026-03-21 14:29:15,paid
702,702,bank_transfer,2980.28,2025-07-03 08:50:27,paid
703,703,bank_transfer,570.8,2025-06-07 18:24:44,paid
704,704,paypal,3387.7,2025-06-01 07:29:07,refunded
705,705,bank_transfer,1597.94,2025-10-04 05:01:28,paid
706,706,card,2308.46,2025-05-19 02:21:49,paid
707,707,card,438.6,2026-03-20 08:26:35,paid
708,708,paypal,2793.65,2025-06-28 05:24:25,refunded
709,709,card,2919.2,2026-01-09 07:31:27,paid
710,710,card,435.48,2026-01-11 03:32:06,paid
711,711,paypal,326.62,2026-01-08 17:41:01,paid
712,712,paypal,2487.3,2025-05-08 08:52:35,paid
713,713,bank_transfer,1506.72,2025-12-28 16:22:39,refunded
714,714,paypal,194.46,2026-03-05 16:28:37,refunded
715,715,bank_transfer,194.79,2026-01-09 05:49:50,paid
716,716,bank_transfer,2939.91,2025-12-27 12:59:25,paid
717,717,paypal,1590.4,2025-08-06 12:53:06,paid
718,718,card,345.0,2025-06-03 15:42:26,paid
719,719,card,1290.04,2026-03-23 16:15:32,paid
720,720,bank_transfer,105.74,2026-04-24 05:38:43,paid
721,721,card,1964.64,2026-04-13 00:38:19,paid
722,722,paypal,1471.88,2026-04-26 11:25:49,paid
723,723,bank_transfer,2520.9,2025-11-25 16:14:09,refunded
724,724,bank_transfer,3421.41,2026-03-04 02:37:03,paid
725,725,card,3057.13,2025-05-30 05:16:51,paid
726,726,bank_transfer,2639.26,2025-07-28 00:55:19,paid
727,727,card,1867.84,2025-09-18 04:09:31,refunded
728,728,card,1254.9,2026-01-18 11:53:03,paid
729,729,bank_transfer,1102.29,2026-01-25 05:59:27,paid
730,730,paypal,3716.3,2026-02-13 07:58:01,refunded
731,731,bank_transfer,2732.87,2025-12-22 16:32:01,paid
732,732,card,997.89,2025-12-05 17:19:50,paid
733,733,bank_transfer,1680.47,2025-11-12 23:15:18,paid
734,734,bank_transfer,412.59,2025-12-15 00:39:06,paid
735,735,paypal,2064.45,2025-11-09 15:32:37,paid
736,736,card,342.36,2026-04-06 09:12:24,refunded
737,737,card,118.38,2026-02-24 16:10:36,paid
738,738,card,701.06,2025-12-10 18:36:07,paid
739,739,bank_transfer,2087.29,2025-10-18 21:42:12,paid
740,740,paypal,89.71,2026-04-12 13:43:58,refunded
741,741,paypal,1321.29,2025-06-23 16:11:54,refunded
742,742,paypal,3492.62,2026-04-11 05:49:35,paid
743,743,paypal,939.3,2025-06-10 04:25:40,paid
744,744,card,1792.97,2025-05-30 03:48:58,paid
745,745,bank_transfer,3407.99,2025-10-17 08:23:12,paid
746,746,bank_transfer,1558.78,2025-05-06 10:25:17,paid
747,747,paypal,1355.06,2026-02-05 14:21:34,refunded
748,748,bank_transfer,2552.08,2026-03-18 12:53:46,paid
749,749,card,2065.52,2025-11-22 11:39:45,paid
750,750,paypal,2025.53,2025-11-09 07:44:10,refunded
751,751,card,3166.4,2025-12-26 20:38:31,paid
752,752,bank_transfer,1589.38,2025-12-11 22:25:11,paid
753,753,paypal,853.52,2025-08-18 06:33:12,refunded
754,754,card,1870.45,2026-04-23 02:06:12,paid
755,755,card,916.23,2026-01-09 15:51:55,paid
756,756,bank_transfer,2853.2,2025-11-11 02:07:46,paid
757,757,paypal,1078.32,2025-05-09 13:25:47,refunded
758,758,bank_transfer,3146.39,2026-03-10 08:07:18,refunded
759,759,card,303.0,2026-03-12 08:16:06,paid
760,760,paypal,708.83,2026-03-24 10:03:40,refunded
761,761,paypal,4296.78,2025-05-25 03:07:34,refunded
762,762,bank_transfer,3278.61,2025-11-26 00:35:58,refunded
763,763,bank_transfer,1671.52,2026-04-23 03:36:31,paid
764,764,bank_transfer,565.76,2025-09-29 17:02:50,refunded
765,765,bank_transfer,919.06,2026-04-10 00:18:28,paid
766,766,paypal,3118.11,2025-08-06 17:19:28,paid
767,767,card,5753.53,2025-08-23 19:08:52,refunded
768,768,bank_transfer,2468.03,2025-11-21 12:40:46,paid
769,769,bank_transfer,2529.91,2025-06-20 09:10:43,paid
770,770,paypal,3023.31,2025-06-29 02:32:01,paid
771,771,paypal,2915.17,2026-02-16 01:42:41,paid
772,772,card,1321.94,2025-06-13 10:32:38,paid
773,773,bank_transfer,1279.68,2025-10-20 00:13:21,paid
774,774,card,2474.43,2026-04-04 13:21:47,paid
775,775,bank_transfer,2967.28,2026-04-05 20:18:09,refunded
776,776,paypal,1613.07,2025-09-13 01:08:01,refunded
777,777,paypal,2969.59,2025-11-16 10:43:28,refunded
778,778,paypal,2137.16,2025-11-13 00:46:37,paid
779,779,paypal,2823.11,2026-02-08 03:11:24,refunded
780,780,paypal,109.26,2026-04-22 17:57:07,paid
781,781,card,1039.95,2025-07-27 05:36:04,paid
782,782,bank_transfer,685.24,2025-12-05 12:48:17,paid
783,783,paypal,165.86,2025-10-15 18:19:31,paid
784,784,paypal,679.94,2025-11-10 13:18:53,paid
785,785,card,2924.97,2025-09-19 22:14:39,paid
786,786,paypal,1828.0,2025-10-14 16:35:32,paid
787,787,paypal,1159.07,2026-04-24 22:05:38,paid
788,788,card,1051.98,2025-05-02 05:11:14,refunded
789,789,bank_transfer,1010.07,2025-11-23 01:51:23,refunded
790,790,bank_transfer,243.27,2025-07-03 18:35:54,paid
791,791,card,771.32,2025-05-21 17:08:11,refunded
792,792,paypal,1081.84,2026-03-09 00:01:43,paid
793,793,paypal,4719.47,2025-05-07 17:48:29,paid
794,794,bank_transfer,1960.97,2025-08-06 12:23:14,paid
795,795,bank_transfer,1683.03,2025-11-23 11:56:57,paid
796,796,card,2111.61,2025-05-15 22:06:53,paid
797,797,card,1164.41,2025-10-07 09:14:56,refunded
798,798,card,3356.33,2025-10-28 21:48:00,paid
799,799,bank_transfer,2880.9,2025-08-30 02:45:43,paid
800,800,paypal,450.31,2025-10-28 11:53:39,refunded
801,801,bank_transfer,715.23,2026-01-11 14:46:45,paid
802,802,paypal,235.62,2025-06-03 03:14:08,paid
803,803,bank_transfer,2695.31,2026-03-15 13:42:27,refunded
804,804,bank_transfer,693.56,2026-03-20 22:24:53,paid
805,805,paypal,352.16,2025-07-06 13:56:09,paid
806,806,paypal,877.6,2026-03-20 18:21:53,paid
807,807,card,2694.21,2025-07-10 02:57:30,refunded
808,808,card,949.08,2025-09-22 10:19:06,paid
809,809,bank_transfer,1833.02,2025-12-02 12:09:20,paid
810,810,card,4220.36,2025-05-30 17:58:59,paid
811,811,card,6151.17,2025-08-22 01:56:37,paid
812,812,bank_transfer,1358.79,2025-12-15 01:43:34,refunded
813,813,bank_transfer,1727.62,2025-10-01 07:24:14,paid
814,814,paypal,1740.86,2025-06-02 05:30:31,paid
815,815,card,3548.0,2026-02-18 15:32:36,paid
816,816,paypal,120.21,2026-01-04 08:18:58,paid
817,817,bank_transfer,2247.0,2026-01-12 02:41:32,paid
818,818,bank_transfer,2112.1,2025-05-30 08:00:20,paid
819,819,card,2614.07,2026-04-25 13:04:45,paid
820,820,bank_transfer,1087.33,2025-06-28 00:29:25,paid
821,821,card,2782.99,2025-11-12 04:19:58,paid
822,822,paypal,1143.7,2026-04-08 17:56:38,paid
823,823,card,1066.98,2025-11-07 18:37:41,refunded
824,824,paypal,2373.57,2026-01-14 14:43:28,paid
825,825,bank_transfer,2294.61,2026-03-11 02:08:57,paid
826,826,bank_transfer,2693.49,2025-12-13 00:44:18,paid
827,827,card,1907.88,2025-08-10 17:40:36,refunded
828,828,paypal,2814.25,2026-03-01 03:03:18,paid
829,829,paypal,4850.1,2025-06-30 22:12:03,paid
830,830,card,2315.12,2025-12-16 17:23:18,paid
831,831,paypal,3440.15,2026-01-13 02:12:42,paid
832,832,bank_transfer,1100.91,2025-10-09 03:45:03,paid
833,833,bank_transfer,2189.21,2025-12-01 01:22:40,paid
834,834,card,369.45,2026-04-13 16:54:02,paid
835,835,bank_transfer,3427.78,2025-11-09 17:44:12,paid
836,836,bank_transfer,1372.67,2025-06-25 03:43:25,paid
837,837,paypal,380.82,2025-10-24 16:25:07,paid
838,838,paypal,1279.49,2026-02-03 18:12:28,refunded
839,839,card,3214.51,2026-02-13 21:02:23,paid
840,840,paypal,157.59,2025-09-27 01:06:41,refunded
841,841,card,55.88,2025-12-08 10:01:16,paid
842,842,paypal,2322.94,2026-01-13 01:24:32,paid
843,843,paypal,2618.57,2026-04-23 23:09:52,paid
844,844,bank_transfer,2367.69,2026-03-23 00:33:06,paid
845,845,paypal,2292.4,2025-10-30 00:06:34,paid
846,846,paypal,3001.79,2026-01-10 20:31:56,paid
847,847,paypal,2004.12,2025-12-30 11:07:59,paid
848,848,card,2885.9,2025-05-17 03:02:10,paid
849,849,card,5423.76,2025-08-09 11:35:22,paid
850,850,paypal,2379.05,2025-05-14 11:43:37,paid
851,851,card,3657.18,2025-12-12 09:54:05,paid
852,852,bank_transfer,726.81,2025-09-12 11:31:42,paid
853,853,bank_transfer,1386.21,2025-07-25 18:20:38,refunded
854,854,bank_transfer,843.26,2026-01-29 18:54:04,refunded
855,855,bank_transfer,1112.32,2025-06-12 13:21:13,paid
856,856,bank_transfer,738.4,2025-08-06 04:42:19,refunded
857,857,bank_transfer,681.68,2026-04-14 02:56:53,paid
858,858,bank_transfer,3651.19,2026-02-28 17:01:17,paid
859,859,paypal,4180.03,2025-06-01 01:33:29,paid
860,860,paypal,2198.25,2026-02-28 13:33:10,paid
861,861,paypal,1073.22,2025-12-09 08:36:34,refunded
862,862,card,349.28,2025-10-09 04:03:03,paid
863,863,card,2116.64,2025-06-10 10:48:35,paid
864,864,bank_transfer,4359.84,2025-09-12 11:18:15,paid
865,865,card,137.53,2025-10-10 14:24:21,paid
866,866,paypal,993.6,2025-05-14 19:12:23,refunded
867,867,paypal,379.11,2025-11-05 17:18:34,paid
868,868,bank_transfer,4004.51,2026-04-12 03:01:27,paid
869,869,paypal,2805.25,2025-11-28 01:06:43,paid
870,870,paypal,1914.51,2026-01-02 04:20:08,paid
871,871,paypal,1319.91,2025-08-02 02:12:58,paid
872,872,paypal,2814.25,2025-07-05 12:18:54,paid
873,873,card,1583.42,2025-11-03 00:26:30,paid
874,874,card,3825.65,2025-08-16 00:54:57,paid
875,875,card,4702.13,2026-01-14 12:41:41,paid
876,876,paypal,1021.64,2026-04-09 19:39:20,paid
877,877,card,1263.01,2026-03-07 17:36:41,paid
878,878,card,78.86,2026-01-21 02:17:15,paid
879,879,card,1486.2,2025-11-28 13:06:10,paid
880,880,card,99.25,2025-11-30 12:52:05,refunded
881,881,card,106.92,2025-07-23 17:38:55,refunded
882,882,paypal,1241.72,2025-09-04 04:35:41,paid
883,883,bank_transfer,985.36,2026-02-02 12:02:31,paid
884,884,bank_transfer,882.99,2025-09-21 06:36:58,paid
885,885,card,724.9,2025-09-12 06:10:54,paid
886,886,bank_transfer,1400.01,2025-06-08 06:07:39,paid
887,887,card,2090.48,2026-02-24 07:23:29,paid
888,888,paypal,2234.59,2026-04-24 06:25:34,refunded
889,889,card,2190.27,2025-10-23 10:57:31,paid
890,890,card,4880.54,2025-12-09 09:19:34,paid
891,891,card,3332.02,2026-03-03 13:10:56,paid
892,892,paypal,1758.44,2026-03-27 08:01:49,refunded
893,893,paypal,315.18,2026-03-06 06:46:11,paid
894,894,card,610.23,2026-01-08 12:08:11,paid
895,895,paypal,235.62,2026-01-12 23:11:01,refunded
896,896,paypal,4489.3,2026-01-01 17:49:03,paid
897,897,paypal,1900.17,2025-09-29 08:07:08,paid
898,898,bank_transfer,363.06,2025-07-07 06:26:04,paid
899,899,card,1722.73,2025-08-19 10:43:28,paid
900,900,paypal,1536.36,2026-01-01 06:10:07,paid
901,901,paypal,1286.08,2025-05-15 07:23:29,refunded
902,902,paypal,3564.67,2026-04-06 07:13:46,paid
903,903,paypal,2083.61,2025-12-18 14:41:52,paid
904,904,bank_transfer,38.44,2026-04-22 10:45:41,refunded
905,905,paypal,2919.11,2025-10-08 11:40:56,refunded
906,906,bank_transfer,4457.19,2026-01-25 07:49:58,refunded
907,907,card,2050.21,2026-01-01 03:26:23,paid
908,908,card,2111.95,2025-08-15 16:01:22,paid
909,909,card,1253.64,2026-03-18 00:49:13,paid
910,910,paypal,3254.79,2025-12-20 12:32:41,paid
911,911,bank_transfer,3044.23,2025-09-20 20:14:19,refunded
912,912,paypal,330.92,2025-09-23 18:12:41,refunded
913,913,paypal,934.59,2025-11-26 01:28:48,paid
914,914,bank_transfer,2508.77,2025-08-02 07:00:51,paid
915,915,bank_transfer,1217.63,2026-02-01 12:25:37,paid
916,916,bank_transfer,3132.39,2025-08-08 14:38:23,refunded
917,917,bank_transfer,5233.44,2026-04-26 01:38:04,refunded
918,918,bank_transfer,401.68,2025-12-21 08:00:30,paid
919,919,paypal,1611.96,2025-10-11 10:57:31,refunded
920,920,paypal,3208.42,2025-05-07 16:00:16,paid
921,921,paypal,2104.78,2025-08-08 21:53:13,paid
922,922,card,4161.71,2025-10-20 15:24:20,paid
923,923,card,891.18,2025-11-12 10:15:40,paid
924,924,paypal,961.11,2025-08-27 01:39:09,paid
925,925,card,1166.76,2025-06-25 14:29:48,paid
926,926,paypal,1117.61,2025-05-22 21:33:19,paid
927,927,bank_transfer,801.06,2025-10-17 03:49:47,paid
928,928,paypal,1560.12,2025-05-02 06:33:40,paid
929,929,card,1199.72,2025-06-26 02:20:22,refunded
930,930,bank_transfer,3634.0,2025-12-01 11:59:34,paid
931,931,bank_transfer,1355.13,2025-09-05 23:59:16,paid
932,932,bank_transfer,2675.46,2025-06-06 09:58:44,paid
933,933,bank_transfer,492.68,2025-09-24 15:06:33,paid
934,934,paypal,2358.28,2025-06-22 00:35:04,paid
935,935,paypal,440.42,2025-06-28 18:51:38,paid
936,936,paypal,1591.82,2026-04-25 05:02:54,refunded
937,937,card,4209.54,2025-09-12 20:26:52,paid
938,938,card,3881.96,2025-12-08 23:59:00,refunded
939,939,bank_transfer,4571.0,2026-02-16 20:45:16,paid
940,940,card,1760.84,2025-07-31 03:46:47,paid
941,941,card,989.03,2026-03-14 08:02:05,paid
942,942,paypal,2836.15,2025-12-28 11:52:17,paid
943,943,paypal,2332.69,2025-10-02 14:59:27,paid
944,944,paypal,2276.82,2025-08-12 14:09:34,refunded
945,945,bank_transfer,1996.92,2025-11-24 11:00:51,paid
946,946,card,1382.84,2025-11-26 01:27:24,paid
947,947,bank_transfer,4529.21,2025-06-15 06:35:17,paid
948,948,paypal,2796.24,2025-04-27 21:32:56,paid
949,949,paypal,2139.74,2025-11-08 22:09:41,paid
950,950,card,2318.17,2025-12-06 14:10:30,paid
951,951,paypal,105.78,2026-02-28 06:02:11,refunded
952,952,card,4345.45,2026-02-24 02:25:08,paid
953,953,card,552.57,2025-07-22 22:44:47,paid
954,954,paypal,2729.48,2025-08-09 00:29:11,paid
955,955,paypal,4235.8,2025-11-21 09:26:17,paid
956,956,bank_transfer,771.66,2025-09-30 03:08:10,paid
957,957,card,950.45,2025-11-20 14:44:18,paid
958,958,bank_transfer,1648.1,2026-01-23 07:54:01,paid
959,959,card,2104.09,2025-11-08 14:54:45,paid
960,960,card,843.26,2025-07-25 05:17:58,refunded
961,961,paypal,1359.88,2025-12-22 04:30:30,paid
962,962,paypal,2645.02,2025-05-13 16:59:59,refunded
963,963,paypal,1896.71,2026-04-04 14:01:33,refunded
964,964,bank_transfer,2100.97,2025-10-14 01:23:30,paid
965,965,paypal,2878.86,2025-06-20 03:10:48,paid
966,966,bank_transfer,313.71,2025-08-06 03:40:17,paid
967,967,card,1399.16,2025-09-28 04:07:23,refunded
968,968,bank_transfer,1549.43,2025-10-30 23:19:59,refunded
969,969,bank_transfer,1295.07,2025-06-25 11:42:40,refunded
970,970,card,770.36,2026-02-14 02:52:30,paid
971,971,card,1174.8,2025-11-18 12:17:45,paid
972,972,paypal,2341.73,2025-10-17 14:53:28,paid
973,973,paypal,2226.84,2025-12-17 12:07:34,refunded
974,974,card,4205.9,2025-12-07 08:30:49,refunded
975,975,bank_transfer,3364.22,2025-05-24 04:27:06,paid
976,976,bank_transfer,1941.96,2025-10-09 18:21:19,refunded
977,977,paypal,1659.53,2025-05-06 06:43:54,paid
978,978,bank_transfer,3488.48,2025-12-25 17:38:29,paid
979,979,bank_transfer,284.79,2026-03-17 05:44:50,paid
980,980,bank_transfer,3153.07,2025-05-22 07:35:22,paid
981,981,card,1114.88,2025-06-01 07:56:03,refunded
982,982,paypal,2543.47,2025-08-22 05:45:00,paid
983,983,bank_transfer,724.74,2025-05-26 10:10:34,paid
984,984,card,2724.8,2025-07-19 23:43:05,paid
985,985,bank_transfer,2246.63,2026-03-15 23:17:43,refunded
986,986,card,1933.34,2025-06-10 13:40:02,refunded
987,987,paypal,557.44,2025-12-11 12:28:22,paid
988,988,card,1844.71,2026-04-10 17:24:52,paid
989,989,card,565.76,2026-02-15 14:56:53,paid
990,990,card,2936.31,2026-02-03 04:30:11,refunded
991,991,card,1359.54,2025-08-02 02:56:04,refunded
992,992,paypal,2414.36,2025-09-13 16:00:38,refunded
993,993,paypal,504.62,2026-01-09 12:24:14,refunded
994,994,paypal,3104.95,2026-02-15 03:32:10,paid
995,995,bank_transfer,1920.67,2025-12-16 14:26:56,paid
996,996,card,2841.27,2026-01-01 08:33:08,paid
997,997,paypal,3028.47,2026-03-10 05:04:34,refunded
998,998,bank_transfer,1491.04,2025-06-30 03:07:13,paid
999,999,card,1418.78,2026-03-12 11:12:45,refunded
1000,1000,card,1693.55,2026-04-01 19:26:12,paid
1001,1001,paypal,3150.54,2025-07-16 04:56:23,paid
1002,1002,paypal,2828.23,2026-01-30 08:07:36,paid
1003,1003,bank_transfer,47.4,2025-10-02 21:40:04,paid
1004,1004,paypal,748.24,2025-06-08 15:07:49,paid
1005,1005,paypal,2680.48,2025-07-27 02:42:38,paid
1006,1006,card,1109.36,2025-07-19 13:33:26,paid
1007,1007,paypal,1549.65,2025-10-29 05:39:56,refunded
1008,1008,card,2306.3,2026-02-01 05:02:26,refunded
1009,1009,paypal,2020.05,2025-10-03 00:14:33,refunded
1010,1010,card,2865.05,2026-04-10 02:15:26,paid
1011,1011,bank_transfer,111.76,2025-04-27 20:36:18,refunded
1012,1012,card,3919.73,2025-09-07 11:25:40,paid
1013,1013,bank_transfer,3206.9,2025-07-09 04:26:15,paid
1014,1014,paypal,2016.36,2025-08-02 07:25:20,paid
1015,1015,bank_transfer,3541.29,2025-05-14 17:01:34,paid
1016,1016,bank_transfer,4130.12,2026-04-19 08:17:51,paid
1017,1017,bank_transfer,2099.89,2025-08-04 13:00:40,paid
1018,1018,paypal,1490.68,2025-08-30 11:07:49,paid
1019,1019,paypal,1786.59,2025-11-29 18:31:58,paid
1020,1020,paypal,2829.43,2025-11-12 05:41:13,paid
1021,1021,paypal,2286.94,2025-06-03 09:47:46,refunded
1022,1022,bank_transfer,5591.9,2025-09-30 08:27:20,refunded
1023,1023,bank_transfer,1126.6,2025-09-03 20:09:51,refunded
1024,1024,card,1989.36,2026-02-24 13:59:42,paid
1025,1025,card,296.28,2026-03-16 01:29:28,paid
1026,1026,card,565.3,2026-01-24 16:52:50,paid
1027,1027,card,941.0,2025-05-06 05:14:34,paid
1028,1028,paypal,427.65,2026-04-16 02:53:17,refunded
1029,1029,bank_transfer,64.9,2025-07-01 00:31:17,refunded
1030,1030,paypal,2181.17,2025-09-14 15:55:21,paid
1031,1031,bank_transfer,996.08,2026-04-14 18:00:49,paid
1032,1032,paypal,1747.4,2025-08-13 20:02:49,paid
1033,1033,bank_transfer,695.86,2026-02-13 03:39:48,refunded
1034,1034,bank_transfer,880.02,2025-08-23 01:33:53,paid
1035,1035,paypal,1091.0,2025-11-06 04:51:03,paid
1036,1036,card,385.66,2025-06-22 21:18:03,paid
1037,1037,bank_transfer,970.76,2025-08-07 13:32:09,paid
1038,1038,card,4516.35,2025-06-15 02:29:10,refunded
1039,1039,bank_transfer,762.85,2025-12-23 01:01:29,paid
1040,1040,card,1416.78,2025-06-04 12:39:25,paid
1041,1041,card,143.04,2025-10-11 06:23:07,refunded
1042,1042,card,1609.81,2025-08-29 04:17:23,paid
1043,1043,card,1945.39,2026-01-05 06:08:06,paid
1044,1044,paypal,2721.28,2025-05-09 23:43:49,paid
1045,1045,card,1708.76,2026-04-01 18:44:22,refunded
1046,1046,bank_transfer,327.78,2025-07-11 18:59:24,paid
1047,1047,bank_transfer,512.6,2026-01-23 10:02:44,paid
1048,1048,bank_transfer,4211.58,2025-08-18 00:31:33,paid
1049,1049,paypal,415.53,2025-08-12 00:26:12,refunded
1050,1050,paypal,770.65,2025-05-08 16:27:16,paid
1051,1051,card,2291.35,2026-02-27 15:58:34,paid
1052,1052,card,2242.74,2025-12-04 00:55:59,paid
1053,1053,bank_transfer,2678.3,2025-10-06 10:31:36,paid
1054,1054,bank_transfer,1643.65,2025-09-30 20:44:51,paid
1055,1055,card,1087.96,2026-03-21 23:36:45,paid
1056,1056,bank_transfer,2646.92,2025-05-22 05:27:32,paid
1057,1057,paypal,872.37,2025-10-27 07:25:50,refunded
1058,1058,paypal,3063.74,2026-02-15 05:16:10,paid
1059,1059,bank_transfer,252.36,2026-02-09 04:59:36,refunded
1060,1060,bank_transfer,934.71,2025-11-01 18:26:21,paid
1061,1061,bank_transfer,2161.16,2026-04-10 22:43:25,refunded
1062,1062,bank_transfer,999.28,2026-04-16 17:39:55,paid
1063,1063,bank_transfer,2561.94,2026-04-24 09:41:05,paid
1064,1064,bank_transfer,2373.74,2026-02-12 01:29:26,paid
1065,1065,bank_transfer,387.21,2025-05-23 02:40:08,paid
1066,1066,bank_transfer,1797.68,2026-02-21 17:15:15,refunded
1067,1067,card,1763.17,2025-11-14 01:28:04,paid
1068,1068,paypal,1508.26,2025-06-16 00:07:56,refunded
1069,1069,paypal,1193.7,2026-01-24 14:59:09,refunded
1070,1070,card,452.6,2025-08-06 04:07:55,paid
1071,1071,paypal,527.56,2025-12-14 15:01:50,paid
1072,1072,card,2346.28,2025-11-22 18:00:39,paid
1073,1073,card,2337.35,2025-12-06 08:47:57,paid
1074,1074,card,113.23,2026-02-14 03:52:38,paid
1075,1075,card,2023.74,2025-11-26 00:02:39,paid
1076,1076,bank_transfer,86.74,2025-12-28 13:12:47,refunded
1077,1077,bank_transfer,3001.05,2025-05-14 00:01:29,paid
1078,1078,bank_transfer,5586.79,2025-11-26 01:30:11,paid
1079,1079,bank_transfer,444.2,2025-11-23 20:06:27,paid
1080,1080,card,123.15,2026-04-15 04:48:26,paid
1081,1081,paypal,2274.03,2026-02-05 01:21:57,paid
1082,1082,card,988.2,2025-04-28 19:13:39,refunded
1083,1083,paypal,4984.19,2026-03-30 03:40:19,paid
1084,1084,card,2347.81,2025-09-30 07:52:13,paid
1085,1085,card,1597.93,2025-10-24 00:50:19,paid
1086,1086,paypal,4180.79,2026-03-17 08:02:42,refunded
1087,1087,card,1828.0,2025-11-27 19:36:01,refunded
1088,1088,card,2222.88,2025-06-23 05:20:11,paid
1089,1089,paypal,1598.84,2025-06-04 07:42:18,paid
1090,1090,card,438.8,2025-08-11 03:41:58,paid
1091,1091,paypal,1474.32,2025-05-28 15:00:22,paid
1092,1092,card,697.44,2025-10-16 16:37:09,paid
1093,1093,paypal,1293.29,2025-08-10 22:36:28,paid
1094,1094,card,1741.42,2025-10-05 09:16:27,paid
1095,1095,card,575.72,2025-11-14 11:21:25,paid
1096,1096,bank_transfer,1359.38,2026-03-22 23:17:59,paid
1097,1097,bank_transfer,609.77,2025-06-07 07:57:49,refunded
1098,1098,card,1159.94,2026-02-27 12:17:05,paid
1099,1099,bank_transfer,1695.53,2025-07-24 16:43:28,refunded
1100,1100,paypal,2681.59,2026-03-19 20:56:35,paid
1101,1101,card,1785.72,2025-09-01 11:42:55,refunded
1102,1102,paypal,1764.5,2025-12-25 12:58:45,paid
1103,1103,card,1818.74,2025-07-08 10:45:07,paid
1104,1104,bank_transfer,2285.89,2026-04-19 16:38:16,paid
1105,1105,paypal,4345.21,2025-09-27 22:23:19,refunded
1106,1106,paypal,285.2,2025-12-27 01:15:31,refunded
1107,1107,paypal,1757.45,2025-09-21 00:01:46,paid
1108,1108,paypal,136.28,2025-08-08 14:49:29,paid
1109,1109,paypal,845.57,2025-11-25 18:24:45,paid
1110,1110,card,913.49,2025-10-08 17:12:58,paid
1111,1111,paypal,2372.1,2025-12-23 03:48:56,paid
1112,1112,card,2404.32,2026-01-10 06:48:20,paid
1113,1113,paypal,637.2,2025-11-22 20:27:09,refunded
1114,1114,bank_transfer,2249.68,2025-12-23 11:13:46,refunded
1115,1115,paypal,2925.26,2026-03-06 05:57:54,paid
1116,1116,card,1996.67,2026-04-18 02:33:15,refunded
1117,1117,bank_transfer,2714.92,2025-08-02 09:58:17,paid
1118,1118,bank_transfer,660.63,2026-01-24 03:31:23,refunded
1119,1119,card,256.16,2025-12-09 16:27:05,paid
1120,1120,card,712.32,2025-09-28 10:17:46,paid
1121,1121,bank_transfer,2516.08,2026-01-23 05:18:24,paid
1122,1122,bank_transfer,1350.93,2025-12-23 21:48:26,refunded
1123,1123,bank_transfer,2402.5,2025-11-27 03:36:46,paid
1124,1124,paypal,1661.74,2025-10-15 18:35:38,paid
1125,1125,bank_transfer,1055.83,2025-08-26 18:31:07,refunded
1126,1126,paypal,1554.01,2026-04-23 23:46:53,refunded
1127,1127,bank_transfer,5187.82,2025-11-10 11:37:05,refunded
1128,1128,paypal,3099.28,2025-09-22 18:31:25,paid
1129,1129,paypal,3795.64,2025-12-04 01:21:08,paid
1130,1130,paypal,2325.44,2025-08-27 01:42:54,paid
1131,1131,paypal,271.82,2026-01-20 04:26:49,paid
1132,1132,paypal,1667.25,2026-04-09 08:24:05,paid
1133,1133,card,1667.46,2026-03-30 07:12:45,paid
1134,1134,card,3992.41,2025-06-01 18:10:03,refunded
1135,1135,paypal,3214.22,2025-09-01 20:25:15,paid
1136,1136,card,5134.02,2025-09-06 20:34:06,paid
1137,1137,card,2942.6,2025-12-12 04:31:20,paid
1138,1138,card,2332.12,2025-08-07 03:43:07,paid
1139,1139,bank_transfer,2150.94,2025-08-27 11:43:59,paid
1140,1140,paypal,3297.88,2026-03-05 20:22:03,paid
1141,1141,paypal,86.74,2026-01-08 23:21:28,paid
1142,1142,card,560.1,2025-05-16 21:44:48,paid
1143,1143,bank_transfer,1968.62,2025-06-09 16:02:40,paid
1144,1144,paypal,1064.84,2025-06-14 21:38:06,paid
1145,1145,paypal,1136.58,2025-12-22 00:58:14,paid
1146,1146,paypal,1487.99,2025-06-19 01:07:30,refunded
1147,1147,paypal,1782.57,2026-02-02 07:15:00,paid
1148,1148,paypal,543.98,2025-12-16 08:49:30,refunded
1149,1149,bank_transfer,1421.57,2026-01-16 15:09:46,paid
1150,1150,paypal,157.72,2025-07-06 20:45:24,paid
1151,1151,card,1963.83,2025-05-20 12:10:46,paid
1152,1152,paypal,2303.91,2026-03-21 19:13:41,paid
1153,1153,bank_transfer,469.93,2026-01-19 17:19:19,refunded
1154,1154,bank_transfer,1459.06,2026-02-25 02:04:31,refunded
1155,1155,paypal,2107.18,2025-10-30 06:03:52,paid
1156,1156,bank_transfer,966.74,2025-09-15 00:55:32,paid
1157,1157,paypal,112.76,2025-08-01 09:14:51,refunded
1158,1158,card,880.48,2026-01-23 09:13:30,paid
1159,1159,paypal,4470.3,2026-04-23 09:26:39,paid
1160,1160,bank_transfer,2518.52,2025-09-22 20:47:34,paid
1161,1161,paypal,3309.32,2026-04-08 00:52:48,paid
1162,1162,paypal,4769.5,2026-01-22 12:15:38,paid
1163,1163,paypal,1163.56,2025-05-14 23:59:41,refunded
1164,1164,paypal,3709.42,2025-09-11 02:48:21,paid
1165,1165,card,861.24,2025-06-10 17:24:24,refunded
1166,1166,paypal,4855.01,2025-05-25 01:35:20,paid
1167,1167,card,1655.47,2025-10-29 00:37:51,paid
1168,1168,bank_transfer,2108.12,2025-05-28 06:00:47,paid
1169,1169,card,618.14,2025-10-08 20:18:05,refunded
1170,1170,paypal,831.12,2026-01-17 21:39:24,paid
1171,1171,card,1785.09,2026-02-04 13:27:35,paid
1172,1172,paypal,3587.53,2025-05-21 17:42:33,refunded
1173,1173,bank_transfer,2455.1,2025-07-24 22:11:15,paid
1174,1174,bank_transfer,1093.54,2026-03-17 01:03:07,paid
1175,1175,paypal,899.94,2025-12-15 03:42:57,paid
1176,1176,card,3610.29,2025-11-22 14:08:16,paid
1177,1177,bank_transfer,1306.94,2026-02-14 00:29:50,paid
1178,1178,bank_transfer,1355.92,2026-02-21 05:52:55,paid
1179,1179,bank_transfer,2383.82,2025-11-29 08:05:19,paid
1180,1180,card,38.44,2026-03-07 07:35:51,paid
1181,1181,paypal,565.76,2025-09-28 02:10:04,paid
1182,1182,paypal,441.3,2025-07-17 04:49:53,paid
1183,1183,bank_transfer,2763.22,2025-10-08 07:57:22,paid
1184,1184,paypal,4659.71,2025-08-27 20:17:28,paid
1185,1185,paypal,2715.52,2025-08-02 06:30:47,paid
1186,1186,bank_transfer,1861.15,2025-10-04 06:13:08,paid
1187,1187,bank_transfer,192.83,2026-01-28 04:47:55,paid
1188,1188,bank_transfer,3716.12,2026-01-04 05:10:27,paid
1189,1189,card,602.52,2025-06-15 14:26:44,paid
1190,1190,paypal,2140.06,2025-06-05 13:34:39,paid
1191,1191,paypal,1346.96,2025-11-13 14:52:02,refunded
1192,1192,bank_transfer,3406.13,2025-12-08 16:52:34,paid
1193,1193,paypal,640.86,2025-08-06 16:25:33,refunded
1194,1194,bank_transfer,1342.02,2025-09-01 23:58:15,paid
1195,1195,paypal,2749.57,2025-09-19 07:54:37,paid
1196,1196,bank_transfer,2554.27,2025-12-16 12:55:12,paid
1197,1197,card,4739.99,2025-05-19 09:11:55,paid
1198,1198,paypal,1116.64,2025-09-21 22:28:33,paid
1199,1199,card,1137.33,2025-11-02 07:36:46,paid
1200,1200,paypal,2117.84,2025-04-30 16:45:59,refunded
1201,1201,paypal,702.67,2025-05-16 18:40:35,paid
1202,1202,paypal,1727.48,2025-05-07 08:53:07,refunded
1203,1203,bank_transfer,2951.87,2025-12-14 11:34:28,paid
1204,1204,card,4563.81,2026-01-07 13:12:31,paid
1205,1205,card,1146.97,2026-01-05 17:09:36,paid
1206,1206,paypal,1504.07,2025-12-06 00:35:08,refunded
1207,1207,bank_transfer,3066.03,2025-08-22 16:50:35,refunded
1208,1208,card,1679.21,2026-03-07 02:56:27,paid
1209,1209,paypal,1913.64,2025-06-19 12:34:19,paid
1210,1210,bank_transfer,992.66,2025-08-21 17:09:34,paid
1211,1211,paypal,1207.39,2025-11-19 17:12:45,paid
1212,1212,paypal,40.34,2025-12-09 02:54:57,paid
1213,1213,bank_transfer,460.5,2025-08-02 21:38:51,paid
1214,1214,paypal,1851.24,2025-07-06 05:17:29,paid
1215,1215,bank_transfer,3165.23,2025-05-15 23:35:56,paid
1216,1216,card,350.58,2025-08-19 14:36:54,paid
1217,1217,bank_transfer,2238.8,2026-04-20 04:40:35,refunded
1218,1218,card,1703.48,2025-09-20 21:45:01,refunded
1219,1219,bank_transfer,757.43,2025-09-20 09:59:07,paid
1220,1220,bank_transfer,611.63,2026-01-17 18:30:23,paid
1221,1221,bank_transfer,3503.15,2026-03-29 17:03:51,paid
1222,1222,card,888.84,2025-08-12 02:18:01,paid
1223,1223,card,347.42,2026-02-26 18:42:58,paid
1224,1224,bank_transfer,4672.67,2026-04-13 10:30:43,paid
1225,1225,card,142.6,2026-02-09 07:07:09,paid
1226,1226,bank_transfer,1428.56,2026-03-28 07:38:36,paid
1227,1227,bank_transfer,5016.87,2025-11-29 23:45:26,paid
1228,1228,bank_transfer,1123.66,2025-12-21 22:10:45,refunded
1229,1229,paypal,335.34,2025-10-13 15:55:08,paid
1230,1230,paypal,1358.96,2025-10-12 05:09:45,paid
1231,1231,paypal,3026.32,2025-11-06 23:15:02,paid
1232,1232,card,1539.26,2025-10-04 03:05:59,paid
1233,1233,bank_transfer,1227.8,2025-05-17 04:20:17,paid
1234,1234,bank_transfer,578.49,2025-09-01 16:26:24,refunded
1235,1235,paypal,2430.18,2026-02-28 04:35:13,paid
1236,1236,bank_transfer,2969.89,2025-10-13 22:47:12,refunded
1237,1237,bank_transfer,2519.6,2025-08-07 12:44:07,refunded
1238,1238,paypal,1184.36,2025-06-29 13:59:26,refunded
1239,1239,paypal,701.99,2025-05-03 08:07:53,paid
1240,1240,card,235.62,2026-03-12 05:37:12,paid
1241,1241,bank_transfer,74.01,2026-02-28 18:31:15,paid
1242,1242,paypal,1568.8,2026-04-24 09:45:36,paid
1243,1243,bank_transfer,1625.28,2025-08-26 09:59:31,paid
1244,1244,card,2173.18,2025-08-27 23:37:34,paid
1245,1245,card,860.49,2025-10-09 05:46:01,paid
1246,1246,card,2984.97,2026-03-29 17:17:46,paid
1247,1247,paypal,4141.34,2025-09-16 03:27:22,paid
1248,1248,paypal,562.51,2025-11-04 01:50:11,refunded
1249,1249,card,180.33,2026-02-15 10:44:43,refunded
1250,1250,paypal,1776.2,2025-10-16 20:22:13,paid
1251,1251,paypal,3861.31,2025-09-06 17:12:10,paid
1252,1252,bank_transfer,3227.3,2025-11-22 11:05:46,paid
1253,1253,card,2963.87,2026-04-09 08:01:46,refunded
1254,1254,bank_transfer,1499.08,2025-05-09 02:19:56,paid
1255,1255,card,1761.88,2025-12-05 13:20:49,paid
1256,1256,paypal,854.38,2025-10-19 16:42:38,paid
1257,1257,paypal,1790.22,2026-02-25 15:32:04,refunded
1258,1258,paypal,5153.38,2025-08-25 13:13:37,paid
1259,1259,card,599.78,2026-02-19 23:07:41,refunded
1260,1260,bank_transfer,3822.2,2025-08-29 14:45:47,paid
1261,1261,paypal,2644.5,2025-07-22 10:25:36,refunded
1262,1262,bank_transfer,3981.48,2025-07-11 09:17:55,paid
1263,1263,bank_transfer,820.44,2026-02-25 03:56:55,refunded
1264,1264,card,1155.18,2025-11-10 08:59:34,paid
1265,1265,card,2856.8,2026-03-06 11:26:34,paid
1266,1266,paypal,1353.28,2025-12-20 02:18:44,paid
1267,1267,paypal,1096.57,2025-05-08 21:56:09,paid
1268,1268,card,1264.89,2025-10-09 19:47:52,refunded
1269,1269,card,1853.42,2025-06-17 12:34:50,paid
1270,1270,card,1228.41,2025-07-30 21:33:04,paid
1271,1271,paypal,2178.15,2026-03-26 13:23:57,paid
1272,1272,bank_transfer,128.08,2026-02-25 12:36:58,paid
1273,1273,card,2065.29,2025-09-18 06:10:55,paid
1274,1274,card,2873.27,2025-08-05 23:20:31,paid
1275,1275,card,1003.63,2026-03-04 00:14:58,paid
1276,1276,card,2383.48,2025-10-01 18:25:16,paid
1277,1277,paypal,4211.75,2026-04-02 20:30:42,refunded
1278,1278,card,3179.26,2025-09-22 19:20:13,refunded
1279,1279,bank_transfer,2374.95,2026-02-25 22:02:22,paid
1280,1280,card,2967.43,2025-06-17 12:57:02,refunded
1281,1281,bank_transfer,5236.89,2026-03-25 11:38:33,paid
1282,1282,bank_transfer,1027.31,2025-12-29 17:59:28,paid
1283,1283,paypal,382.91,2025-07-08 08:25:09,paid
1284,1284,card,964.41,2026-02-20 22:47:40,paid
1285,1285,paypal,1283.63,2025-10-07 09:18:57,paid
1286,1286,card,1755.32,2025-09-05 10:33:29,paid
1287,1287,bank_transfer,827.41,2026-01-24 19:58:59,paid
1288,1288,paypal,2487.38,2025-08-18 00:32:58,paid
1289,1289,bank_transfer,1525.62,2025-05-18 19:10:32,refunded
1290,1290,paypal,1151.16,2025-06-08 19:15:53,paid
1291,1291,bank_transfer,2066.78,2025-09-28 16:28:26,paid
1292,1292,card,241.98,2025-12-29 10:53:56,paid
1293,1293,card,2392.23,2025-09-04 10:37:27,refunded
1294,1294,bank_transfer,427.66,2025-12-18 04:33:45,refunded
1295,1295,card,4029.36,2025-12-19 23:21:29,paid
1296,1296,paypal,1241.07,2025-09-09 11:19:32,paid
1297,1297,bank_transfer,342.62,2025-07-25 15:37:17,paid
1298,1298,card,565.76,2026-04-22 02:27:27,paid
1299,1299,paypal,2358.6,2025-05-18 13:21:38,refunded
1300,1300,bank_transfer,1428.49,2025-05-01 06:29:24,paid
1301,1301,card,661.4,2026-01-22 12:57:06,refunded
1302,1302,card,814.38,2026-04-24 16:33:49,refunded
1303,1303,card,775.6,2026-01-14 22:42:56,refunded
1304,1304,card,2377.44,2025-10-09 23:12:21,paid
1305,1305,card,385.66,2025-06-28 23:12:09,paid
1306,1306,paypal,4510.91,2026-03-26 00:56:26,paid
1307,1307,card,1549.79,2025-07-09 06:42:26,paid
1308,1308,bank_transfer,2404.84,2025-06-12 17:55:01,paid
1309,1309,bank_transfer,339.23,2025-07-04 15:41:32,refunded
1310,1310,card,1696.94,2025-06-25 19:06:39,paid
1311,1311,paypal,2783.96,2025-08-19 23:19:29,refunded
1312,1312,bank_transfer,2651.71,2025-07-07 01:02:03,refunded
1313,1313,bank_transfer,2278.85,2026-02-17 15:24:41,refunded
1314,1314,card,252.36,2026-03-03 16:59:12,paid
1315,1315,paypal,596.55,2025-10-20 05:33:28,refunded
1316,1316,card,983.62,2025-10-10 23:54:40,paid
1317,1317,card,818.94,2026-04-05 00:49:56,paid
1318,1318,bank_transfer,1077.07,2025-10-30 11:25:59,paid
1319,1319,card,3321.61,2026-01-22 04:46:42,paid
1320,1320,card,1184.84,2026-01-07 18:30:58,paid
1321,1321,paypal,1692.39,2025-10-28 19:35:07,refunded
1322,1322,card,126.75,2025-08-26 08:00:09,refunded
1323,1323,bank_transfer,3318.26,2025-09-30 14:11:26,paid
1324,1324,card,3704.39,2025-06-18 21:44:23,paid
1325,1325,card,2150.46,2026-02-18 08:34:51,paid
1326,1326,card,4241.35,2025-08-28 10:00:53,paid
1327,1327,card,1737.64,2025-12-21 21:25:08,paid
1328,1328,paypal,139.56,2025-05-23 20:26:53,paid
1329,1329,bank_transfer,673.02,2025-09-26 04:57:01,paid
1330,1330,card,906.03,2025-05-08 11:44:15,paid
1331,1331,paypal,2654.42,2025-06-06 22:41:45,paid
1332,1332,card,3284.31,2025-05-28 10:57:20,paid
1333,1333,card,2529.28,2025-07-05 10:24:01,paid
1334,1334,bank_transfer,2177.79,2025-08-14 19:58:43,refunded
1335,1335,bank_transfer,853.42,2026-01-28 02:32:19,paid
1336,1336,bank_transfer,1901.81,2025-06-05 13:37:18,paid
1337,1337,card,326.0,2025-06-02 13:15:56,refunded
1338,1338,card,2092.85,2025-09-19 08:52:13,paid
1339,1339,card,2159.86,2026-04-16 11:01:53,paid
1340,1340,bank_transfer,1398.66,2026-03-24 12:31:40,paid
1341,1341,bank_transfer,879.94,2025-11-09 05:49:32,paid
1342,1342,bank_transfer,2604.37,2026-03-10 08:34:39,paid
1343,1343,paypal,3278.48,2025-08-03 06:39:45,paid
1344,1344,paypal,2298.35,2025-11-20 22:07:49,paid
1345,1345,paypal,1248.66,2026-03-03 04:48:38,paid
1346,1346,paypal,732.44,2025-11-14 13:49:10,refunded
1347,1347,card,3579.48,2026-01-01 00:30:20,paid
1348,1348,card,2843.15,2025-09-25 11:54:14,paid
1349,1349,paypal,1718.12,2025-05-21 00:26:49,refunded
1350,1350,bank_transfer,2491.48,2025-04-30 03:13:06,paid
1351,1351,card,2191.4,2026-02-17 01:17:25,paid
1352,1352,card,2619.15,2026-04-13 22:37:55,paid
1353,1353,bank_transfer,166.77,2025-11-22 05:17:28,refunded
1354,1354,paypal,2176.46,2025-05-03 13:11:23,refunded
1355,1355,paypal,977.06,2025-06-08 19:25:27,paid
1356,1356,card,2330.8,2025-10-29 01:31:18,paid
1357,1357,paypal,966.26,2025-12-12 10:37:19,paid
1358,1358,bank_transfer,1253.51,2025-11-14 06:03:16,refunded
1359,1359,card,700.84,2025-09-28 12:43:28,refunded
1360,1360,card,1268.57,2025-10-31 14:02:41,paid
1361,1361,paypal,2956.75,2026-01-28 20:17:32,paid
1362,1362,paypal,3959.34,2025-11-05 19:41:31,paid
1363,1363,paypal,2949.65,2025-11-30 17:33:59,refunded
1364,1364,bank_transfer,4579.79,2025-06-16 09:31:03,paid
1365,1365,card,415.53,2025-07-12 19:41:06,paid
1366,1366,bank_transfer,27.04,2026-04-02 10:10:14,refunded
1367,1367,card,2764.44,2025-05-28 11:44:51,paid
1368,1368,paypal,586.68,2025-07-03 20:13:34,refunded
1369,1369,bank_transfer,1364.26,2025-12-08 02:59:15,refunded
1370,1370,paypal,1790.0,2025-12-14 23:17:19,paid
1371,1371,paypal,489.66,2026-04-05 10:10:43,paid
1372,1372,bank_transfer,2009.76,2025-09-13 22:06:08,refunded
1373,1373,paypal,3761.06,2025-10-17 04:50:08,paid
1374,1374,bank_transfer,677.38,2026-04-24 03:46:12,refunded
1375,1375,card,2419.74,2026-02-26 18:58:39,refunded
1376,1376,card,148.24,2026-04-11 04:58:07,refunded
1377,1377,card,3378.02,2025-05-02 23:58:47,paid
1378,1378,paypal,2495.9,2026-04-24 07:20:42,paid
1379,1379,bank_transfer,275.06,2026-03-05 02:56:46,paid
1380,1380,bank_transfer,770.36,2025-08-11 19:09:51,paid
1381,1381,card,1249.78,2025-10-17 23:40:44,paid
1382,1382,paypal,1387.69,2025-06-19 03:40:05,paid
1383,1383,bank_transfer,140.68,2026-01-31 15:31:18,refunded
1384,1384,paypal,1038.56,2025-10-03 08:29:55,refunded
1385,1385,bank_transfer,3958.34,2026-03-01 12:41:54,paid
1386,1386,card,1077.0,2025-08-07 22:17:33,paid
1387,1387,card,2019.37,2026-03-24 21:20:43,paid
1388,1388,paypal,835.76,2025-06-30 10:43:52,paid
1389,1389,bank_transfer,254.94,2025-12-31 17:49:37,paid
1390,1390,paypal,3549.42,2026-03-09 01:11:06,paid
1391,1391,bank_transfer,1989.06,2025-10-09 18:44:33,paid
1392,1392,paypal,3916.75,2025-05-27 06:37:21,refunded
1393,1393,card,781.93,2025-06-23 22:18:57,paid
1394,1394,card,2805.22,2026-02-05 09:10:26,refunded
1395,1395,card,1811.83,2025-06-09 19:40:02,paid
1396,1396,card,618.11,2026-04-19 19:45:47,paid
1397,1397,card,1264.17,2025-06-30 16:07:18,paid
1398,1398,bank_transfer,1257.23,2025-05-18 11:30:13,refunded
1399,1399,card,5445.12,2025-07-15 21:02:01,paid
1400,1400,card,2933.39,2025-11-19 01:54:01,refunded
1401,1401,bank_transfer,1629.76,2025-08-03 07:49:07,paid
1402,1402,bank_transfer,2683.64,2025-07-25 15:07:24,paid
1403,1403,card,2679.46,2026-02-07 08:52:15,paid
1404,1404,paypal,1293.51,2026-02-16 17:49:22,refunded
1405,1405,paypal,1654.12,2026-04-06 06:27:03,paid
1406,1406,card,666.84,2025-10-30 16:17:35,paid
1407,1407,bank_transfer,673.05,2025-09-07 15:08:16,paid
1408,1408,bank_transfer,770.78,2025-07-25 07:20:20,paid
1409,1409,card,1707.97,2025-10-11 17:50:11,paid
1410,1410,card,2225.33,2025-09-09 00:06:09,paid
1411,1411,bank_transfer,1137.27,2026-01-23 05:39:14,paid
1412,1412,paypal,2383.7,2025-12-12 08:41:27,refunded
1413,1413,paypal,497.0,2026-02-05 01:26:48,refunded
1414,1414,card,2445.77,2025-09-24 13:32:47,paid
1415,1415,paypal,3883.62,2026-03-30 04:23:02,paid
1416,1416,card,1981.36,2026-02-13 23:21:26,paid
1417,1417,card,2133.92,2025-11-20 10:25:03,paid
1418,1418,card,3173.24,2025-05-16 10:22:53,paid
1419,1419,card,1635.72,2025-10-23 19:50:04,paid
1420,1420,paypal,2649.2,2025-11-28 22:06:23,refunded
1421,1421,paypal,2772.52,2025-09-10 18:51:20,paid
1422,1422,paypal,3251.8,2026-03-11 18:32:29,paid
1423,1423,card,2414.31,2025-12-30 12:49:45,paid
1424,1424,card,888.63,2025-07-02 06:01:46,paid
1425,1425,paypal,1760.92,2025-09-17 19:21:43,paid
1426,1426,bank_transfer,2506.34,2025-08-08 12:34:04,paid
1427,1427,card,326.69,2025-11-13 08:56:57,paid
1428,1428,bank_transfer,1563.11,2025-07-04 14:11:05,refunded
1429,1429,bank_transfer,807.78,2025-08-26 00:43:56,paid
1430,1430,paypal,678.46,2025-06-16 10:40:09,paid
1431,1431,paypal,1210.5,2025-06-14 15:59:31,paid
1432,1432,card,992.78,2026-01-13 15:25:17,refunded
1433,1433,card,1365.2,2025-11-30 04:56:07,paid
1434,1434,paypal,4203.7,2026-01-22 12:31:21,paid
1435,1435,card,2808.72,2026-02-13 10:35:26,paid
1436,1436,bank_transfer,466.14,2025-07-27 00:27:20,paid
1437,1437,bank_transfer,794.16,2025-11-09 06:42:41,refunded
1438,1438,paypal,699.02,2025-08-31 16:34:01,refunded
1439,1439,paypal,1936.59,2026-04-03 23:23:37,paid
1440,1440,bank_transfer,1463.74,2025-08-04 00:56:36,paid
1441,1441,bank_transfer,2563.1,2025-09-15 07:11:20,refunded
1442,1442,card,4592.75,2026-03-03 06:01:37,paid
1443,1443,card,1354.23,2026-02-13 22:38:31,paid
1444,1444,card,2238.58,2025-08-09 22:30:48,paid
1445,1445,paypal,3377.64,2025-05-16 01:13:37,paid
1446,1446,paypal,1317.33,2025-05-09 22:02:58,paid
1447,1447,bank_transfer,2055.9,2026-01-15 04:17:14,refunded
1448,1448,card,756.79,2025-10-11 10:11:49,refunded
1449,1449,bank_transfer,1636.87,2025-08-04 14:16:54,paid
1450,1450,bank_transfer,3372.87,2025-08-24 08:57:39,refunded
1451,1451,paypal,4495.97,2026-01-06 06:08:03,paid
1452,1452,card,2136.13,2025-09-17 10:26:09,paid
1453,1453,paypal,392.95,2025-08-16 11:07:14,paid
1454,1454,paypal,2077.02,2026-01-06 01:18:33,paid
1455,1455,bank_transfer,2684.41,2025-10-26 04:04:34,paid
1456,1456,bank_transfer,202.5,2025-09-06 04:22:47,paid
1457,1457,bank_transfer,5828.24,2026-02-09 00:18:55,paid
1458,1458,card,615.16,2025-06-23 07:17:51,paid
1459,1459,card,1858.66,2026-03-31 14:04:41,paid
1460,1460,paypal,1702.12,2025-07-13 03:18:42,refunded
1461,1461,bank_transfer,5104.82,2026-03-22 01:17:22,paid
1462,1462,paypal,942.6,2026-04-04 12:15:05,paid
1463,1463,paypal,214.88,2025-05-27 12:52:49,paid
1464,1464,card,3631.05,2025-06-09 22:56:23,refunded
1465,1465,card,1915.28,2025-06-21 02:08:08,refunded
1466,1466,bank_transfer,4384.46,2025-07-11 21:30:26,paid
1467,1467,paypal,2041.67,2025-06-26 15:21:36,paid
1468,1468,paypal,4079.06,2026-04-25 17:39:46,refunded
1469,1469,bank_transfer,2854.1,2026-01-29 14:29:38,paid
1470,1470,bank_transfer,1853.68,2025-10-18 12:22:47,refunded
1471,1471,card,81.5,2025-08-16 15:05:05,refunded
1472,1472,paypal,483.28,2026-02-20 17:06:52,paid
1473,1473,card,372.98,2025-11-22 09:46:22,refunded
1474,1474,card,1880.81,2025-12-22 12:27:57,refunded
1475,1475,card,2157.46,2026-02-18 23:35:41,paid
1476,1476,paypal,1456.1,2026-02-07 18:02:50,refunded
1477,1477,paypal,218.42,2026-02-05 15:25:14,paid
1478,1478,bank_transfer,450.31,2025-11-04 12:45:47,paid
1479,1479,card,89.32,2026-01-17 15:36:14,paid
1480,1480,card,2971.71,2026-04-27 19:58:34,refunded
1481,1481,paypal,4592.05,2025-12-24 20:02:53,refunded
1482,1482,paypal,1080.56,2026-02-06 13:10:13,paid
1483,1483,paypal,429.34,2026-03-10 12:25:54,paid
1484,1484,card,2027.71,2025-05-30 16:40:53,paid
1485,1485,paypal,2480.71,2025-10-19 19:12:41,paid
1486,1486,paypal,2544.41,2025-10-15 00:29:29,paid
1487,1487,bank_transfer,1482.65,2026-04-12 17:58:57,paid
1488,1488,bank_transfer,722.12,2026-02-22 04:29:30,paid
1489,1489,bank_transfer,1475.68,2025-09-29 08:31:12,paid
1490,1490,paypal,722.01,2026-02-18 12:03:40,paid
1491,1491,card,3512.15,2025-07-16 19:15:03,paid
1492,1492,paypal,3206.72,2025-07-31 01:58:21,paid
1493,1493,bank_transfer,740.22,2026-01-10 20:01:11,refunded
1494,1494,card,1087.42,2025-08-19 16:22:10,paid
1495,1495,bank_transfer,3507.82,2026-01-03 05:29:23,paid
1496,1496,card,60.37,2026-01-01 20:49:30,paid
1497,1497,paypal,1394.58,2026-01-16 06:03:50,paid
1498,1498,bank_transfer,4327.74,2026-02-09 23:09:39,paid
1499,1499,bank_transfer,311.37,2025-07-01 07:31:53,paid
1500,1500,paypal,2075.46,2025-11-03 18:39:04,paid
1501,1501,bank_transfer,1869.81,2025-07-02 15:35:50,paid
1502,1502,paypal,1316.4,2025-05-09 16:13:29,paid
1503,1503,bank_transfer,1462.91,2025-07-11 03:07:10,refunded
1504,1504,bank_transfer,909.0,2026-03-30 16:58:32,paid
1505,1505,bank_transfer,939.54,2026-03-17 01:53:52,paid
1506,1506,paypal,104.57,2025-11-29 08:07:07,refunded
1507,1507,card,1862.35,2025-11-22 23:59:24,paid
1508,1508,card,4215.23,2025-09-22 02:15:37,refunded
1509,1509,bank_transfer,960.62,2026-01-18 18:37:07,refunded
1510,1510,paypal,384.24,2025-07-02 16:06:59,paid
1511,1511,bank_transfer,997.89,2026-03-12 01:58:11,paid
1512,1512,bank_transfer,1972.57,2025-05-25 23:50:13,refunded
1513,1513,bank_transfer,3122.16,2026-04-11 10:02:07,paid
1514,1514,bank_transfer,520.17,2025-10-29 01:56:46,paid
1515,1515,paypal,4995.4,2025-09-12 01:10:17,paid
1516,1516,card,999.68,2026-01-30 02:26:55,paid
1517,1517,paypal,1498.59,2025-05-02 15:28:05,paid
1518,1518,card,512.46,2026-01-07 03:01:08,paid
1519,1519,card,2391.97,2025-11-24 14:04:44,paid
1520,1520,bank_transfer,1352.35,2025-05-21 08:05:35,paid
1521,1521,paypal,1733.46,2026-03-04 20:15:17,refunded
1522,1522,bank_transfer,2065.38,2026-03-22 14:09:58,paid
1523,1523,bank_transfer,759.41,2025-05-23 20:19:55,paid
1524,1524,paypal,928.52,2025-12-19 08:03:50,refunded
1525,1525,paypal,6074.47,2026-02-26 05:36:52,paid
1526,1526,bank_transfer,892.2,2025-09-24 23:54:56,paid
1527,1527,bank_transfer,1996.3,2025-08-01 14:13:40,paid
1528,1528,bank_transfer,2379.21,2026-03-14 19:29:58,paid
1529,1529,bank_transfer,3878.91,2025-05-13 21:50:42,paid
1530,1530,paypal,1508.85,2025-08-04 17:19:05,paid
1531,1531,paypal,2860.0,2025-09-02 10:44:51,paid
1532,1532,paypal,995.76,2026-01-30 07:02:41,paid
1533,1533,paypal,4097.62,2025-12-30 11:00:45,paid
1534,1534,card,4756.88,2025-07-12 05:59:00,paid
1535,1535,paypal,610.45,2025-05-10 15:35:48,paid
1536,1536,card,120.74,2025-09-24 21:47:36,refunded
1537,1537,bank_transfer,287.39,2025-12-20 05:32:45,paid
1538,1538,bank_transfer,3438.17,2026-03-01 14:49:28,refunded
1539,1539,bank_transfer,1071.38,2025-07-25 21:59:29,paid
1540,1540,bank_transfer,3331.17,2025-08-31 22:01:57,refunded
1541,1541,paypal,2163.94,2026-02-01 00:31:15,paid
1542,1542,paypal,3010.67,2025-11-25 11:22:15,paid
1543,1543,card,2725.72,2025-11-09 01:31:02,refunded
1544,1544,paypal,2884.47,2026-03-15 22:39:09,paid
1545,1545,card,2883.36,2025-06-22 23:00:42,paid
1546,1546,card,2971.35,2025-08-09 08:07:56,paid
1547,1547,bank_transfer,93.78,2025-12-26 02:58:09,paid
1548,1548,card,619.0,2026-04-09 20:04:54,paid
1549,1549,card,4574.42,2025-07-25 20:33:33,paid
1550,1550,card,3428.53,2025-09-03 06:29:01,paid
1551,1551,paypal,1497.12,2026-03-22 22:39:33,paid
1552,1552,card,3038.4,2025-07-25 20:42:56,paid
1553,1553,card,393.6,2026-04-04 21:13:52,paid
1554,1554,paypal,1672.62,2025-08-24 09:05:44,refunded
1555,1555,bank_transfer,2097.01,2025-05-02 08:28:32,paid
1556,1556,card,418.28,2025-05-11 14:54:34,paid
1557,1557,bank_transfer,646.27,2026-03-26 20:42:59,paid
1558,1558,card,5081.92,2026-04-20 09:10:49,refunded
1559,1559,card,2339.61,2026-03-28 22:49:07,refunded
1560,1560,card,3120.78,2026-01-24 13:24:55,paid
1561,1561,bank_transfer,961.11,2026-02-27 16:33:35,paid
1562,1562,paypal,2136.17,2025-12-30 01:50:54,paid
1563,1563,paypal,2085.39,2026-02-09 05:31:14,paid
1564,1564,paypal,3043.91,2025-06-07 01:54:47,refunded
1565,1565,paypal,723.03,2025-11-13 14:46:17,paid
1566,1566,bank_transfer,2245.45,2025-05-24 12:50:39,paid
1567,1567,paypal,641.49,2026-01-30 11:53:49,refunded
1568,1568,paypal,252.36,2026-04-01 14:45:56,paid
1569,1569,paypal,3161.11,2025-09-28 15:32:47,paid
1570,1570,card,126.18,2025-10-15 20:16:39,paid
1571,1571,paypal,2871.86,2025-10-28 20:10:23,paid
1572,1572,bank_transfer,28.83,2025-11-09 21:10:55,paid
1573,1573,card,1504.47,2025-08-17 00:57:29,refunded
1574,1574,bank_transfer,114.12,2025-11-13 10:53:02,refunded
1575,1575,card,1870.72,2026-04-14 05:32:18,paid
1576,1576,paypal,1279.73,2025-05-23 17:37:10,paid
1577,1577,paypal,2967.06,2026-03-20 21:56:44,paid
1578,1578,card,3442.99,2025-10-09 18:43:35,refunded
1579,1579,bank_transfer,663.74,2025-09-08 19:23:17,refunded
1580,1580,paypal,3706.65,2025-07-03 14:19:07,paid
1581,1581,card,937.28,2025-08-14 01:28:29,paid
1582,1582,bank_transfer,3198.45,2025-08-04 10:28:25,refunded
1583,1583,paypal,543.64,2025-08-04 12:30:59,paid
1584,1584,bank_transfer,1370.01,2026-04-18 18:49:56,paid
1585,1585,bank_transfer,142.2,2026-01-12 22:03:36,refunded
1586,1586,bank_transfer,4987.98,2025-09-14 08:00:02,refunded
1587,1587,bank_transfer,1747.4,2025-08-07 07:27:46,paid
1588,1588,bank_transfer,49.34,2025-08-07 11:05:05,paid
1589,1589,card,647.47,2025-10-10 18:58:52,paid
1590,1590,bank_transfer,1343.28,2025-05-18 12:55:09,refunded
1591,1591,paypal,1961.01,2026-03-14 11:33:46,refunded
1592,1592,bank_transfer,2950.95,2025-11-20 06:07:49,paid
1593,1593,bank_transfer,2438.92,2025-07-18 09:53:13,paid
1594,1594,paypal,2167.46,2026-03-11 23:14:10,paid
1595,1595,card,1039.68,2025-11-21 13:18:29,paid
1596,1596,bank_transfer,1340.22,2026-04-04 01:48:57,refunded
1597,1597,paypal,3597.44,2025-09-15 04:56:05,paid
1598,1598,card,4895.79,2026-01-20 02:27:09,refunded
1599,1599,paypal,446.56,2025-05-23 08:29:59,paid
1600,1600,card,6285.08,2025-10-29 04:53:31,paid
1601,1601,card,431.54,2025-12-17 19:04:54,paid
1602,1602,bank_transfer,1201.48,2025-12-24 08:47:26,paid
1603,1603,bank_transfer,2162.03,2025-07-21 04:04:43,refunded
1604,1604,bank_transfer,3220.24,2025-10-19 15:45:20,refunded
1605,1605,paypal,1957.82,2026-01-26 09:07:51,paid
1606,1606,bank_transfer,1806.84,2026-02-26 07:16:07,paid
1607,1607,card,2470.93,2025-11-28 07:14:09,paid
1608,1608,paypal,1855.2,2025-06-08 08:02:19,paid
1609,1609,paypal,729.81,2025-05-03 17:51:05,paid
1610,1610,bank_transfer,781.42,2026-01-01 23:00:14,paid
1611,1611,bank_transfer,2342.2,2026-01-19 06:30:24,refunded
1612,1612,card,3910.32,2026-01-05 12:14:44,refunded
1613,1613,paypal,1238.88,2026-02-15 05:29:02,paid
1614,1614,bank_transfer,1809.76,2026-04-16 07:05:37,paid
1615,1615,card,158.61,2026-03-04 14:40:44,paid
1616,1616,bank_transfer,749.61,2026-02-03 15:36:39,paid
1617,1617,bank_transfer,971.91,2026-01-12 17:27:36,refunded
1618,1618,card,2910.4,2025-08-30 05:08:44,paid
1619,1619,paypal,1694.94,2025-07-30 07:05:10,paid
1620,1620,bank_transfer,1204.43,2026-01-02 15:57:46,paid
1621,1621,paypal,3136.14,2025-12-15 01:33:05,paid
1622,1622,card,2124.56,2025-06-14 14:52:40,paid
1623,1623,bank_transfer,272.19,2025-06-23 20:07:02,paid
1624,1624,card,840.66,2025-11-22 02:54:41,paid
1625,1625,bank_transfer,2327.1,2025-10-22 00:07:31,refunded
1626,1626,card,361.59,2025-11-08 19:48:24,refunded
1627,1627,bank_transfer,2632.57,2025-11-12 18:22:26,paid
1628,1628,paypal,882.6,2026-01-09 10:36:21,paid
1629,1629,bank_transfer,142.7,2025-08-04 22:57:43,paid
1630,1630,bank_transfer,2789.98,2026-04-02 04:50:48,paid
1631,1631,card,1713.87,2025-11-23 00:01:02,paid
1632,1632,paypal,1532.23,2026-02-07 06:44:31,paid
1633,1633,bank_transfer,1516.44,2025-09-24 15:14:52,paid
1634,1634,bank_transfer,3049.79,2026-03-05 22:11:16,refunded
1635,1635,paypal,1532.44,2025-12-25 07:48:52,refunded
1636,1636,bank_transfer,3254.26,2025-12-04 07:12:49,paid
1637,1637,paypal,2321.68,2025-12-08 17:29:39,paid
1638,1638,paypal,3149.3,2025-10-09 23:16:18,paid
1639,1639,paypal,1447.32,2025-12-11 09:39:07,paid
1640,1640,bank_transfer,1266.66,2025-11-18 15:30:42,paid
1641,1641,card,296.48,2025-11-13 12:40:59,paid
1642,1642,bank_transfer,4402.54,2026-02-23 05:43:34,refunded
1643,1643,paypal,3088.69,2025-06-26 23:10:13,paid
1644,1644,card,3675.04,2026-04-06 09:20:32,refunded
1645,1645,paypal,942.21,2026-04-07 02:28:24,paid
1646,1646,card,2418.6,2026-02-18 12:43:36,paid
1647,1647,paypal,2104.48,2026-01-20 21:42:24,paid
1648,1648,card,3046.51,2025-12-16 06:33:23,paid
1649,1649,card,1803.93,2025-05-21 08:41:22,paid
1650,1650,paypal,4367.54,2025-08-24 14:59:31,paid
1651,1651,paypal,3599.2,2025-08-27 21:25:15,paid
1652,1652,paypal,77.84,2025-10-31 15:09:20,paid
1653,1653,card,66.6,2025-12-08 11:49:29,refunded
1654,1654,card,2983.8,2026-01-25 18:40:25,paid
1655,1655,paypal,1130.6,2025-06-18 07:30:12,paid
1656,1656,card,796.69,2026-03-18 23:50:44,paid
1657,1657,paypal,2120.56,2025-10-30 21:00:01,paid
1658,1658,card,3339.03,2025-06-07 08:08:46,paid
1659,1659,paypal,1115.4,2025-08-12 06:32:32,paid
1660,1660,paypal,904.52,2026-03-19 20:18:46,paid
1661,1661,paypal,1606.94,2025-10-19 06:13:33,paid
1662,1662,card,566.31,2026-01-17 05:21:01,paid
1663,1663,paypal,2388.75,2025-06-20 02:59:27,paid
1664,1664,bank_transfer,1415.14,2025-08-04 06:39:20,paid
1665,1665,paypal,1984.45,2025-09-21 01:31:21,paid
1666,1666,card,285.7,2025-07-27 00:06:00,paid
1667,1667,bank_transfer,256.35,2025-05-11 21:35:37,paid
1668,1668,paypal,5653.78,2026-03-08 09:04:57,refunded
1669,1669,bank_transfer,2865.98,2025-06-01 12:36:18,paid
1670,1670,bank_transfer,2262.39,2026-03-28 10:34:13,refunded
1671,1671,bank_transfer,879.22,2026-02-04 19:29:01,paid
1672,1672,card,2599.73,2025-12-16 00:38:20,paid
1673,1673,bank_transfer,4772.24,2025-11-23 15:26:49,paid
1674,1674,paypal,3149.65,2026-02-12 02:02:31,paid
1675,1675,paypal,5616.66,2025-09-22 20:27:54,paid
1676,1676,bank_transfer,2764.78,2026-01-28 15:45:01,refunded
1677,1677,paypal,1641.84,2025-08-03 19:50:41,refunded
1678,1678,paypal,1623.58,2025-07-04 15:55:34,refunded
1679,1679,paypal,3494.64,2025-08-09 17:28:21,paid
1680,1680,paypal,2624.55,2025-06-18 02:02:12,paid
1681,1681,bank_transfer,1772.13,2026-04-14 00:42:45,paid
1682,1682,bank_transfer,1364.0,2025-07-15 21:19:52,paid
1683,1683,card,1407.4,2026-03-16 17:53:36,paid
1684,1684,card,4161.36,2025-11-29 22:46:28,paid
1685,1685,card,3153.46,2026-01-04 16:24:52,paid
1686,1686,bank_transfer,4049.05,2025-07-24 15:43:08,refunded
1687,1687,bank_transfer,2704.65,2025-12-13 19:40:04,paid
1688,1688,card,2839.97,2025-10-19 08:15:36,paid
1689,1689,bank_transfer,2609.94,2025-06-29 22:02:25,paid
1690,1690,bank_transfer,1404.78,2025-11-16 06:23:27,paid
1691,1691,bank_transfer,2435.46,2025-07-28 04:09:59,refunded
1692,1692,card,1621.0,2025-07-29 06:26:36,refunded
1693,1693,bank_transfer,2478.84,2025-12-04 07:24:56,paid
1694,1694,bank_transfer,4929.07,2026-03-01 11:28:30,paid
1695,1695,paypal,2344.71,2025-06-06 19:48:26,paid
1696,1696,bank_transfer,193.53,2025-06-25 07:29:07,paid
1697,1697,bank_transfer,3349.48,2025-06-10 13:03:55,paid
1698,1698,card,3829.06,2026-01-03 15:22:14,paid
1699,1699,paypal,38.92,2026-01-08 20:16:24,refunded
1700,1700,bank_transfer,2005.74,2025-11-27 05:48:37,paid
1701,1701,paypal,2526.11,2025-11-07 21:46:58,paid
1702,1702,bank_transfer,1438.6,2025-05-09 09:07:53,paid
1703,1703,bank_transfer,3364.42,2025-09-26 22:22:43,paid
1704,1704,bank_transfer,2243.74,2026-04-20 00:36:37,paid
1705,1705,bank_transfer,1009.53,2026-03-10 23:16:54,paid
1706,1706,bank_transfer,514.44,2025-06-27 17:35:47,paid
1707,1707,paypal,1115.42,2026-04-05 01:30:00,paid
1708,1708,card,2896.47,2025-12-03 18:23:08,paid
1709,1709,bank_transfer,720.04,2025-07-18 07:44:56,refunded
1710,1710,card,2738.42,2025-07-03 15:58:24,paid
1711,1711,bank_transfer,2987.73,2025-11-14 12:40:39,refunded
1712,1712,bank_transfer,2825.26,2026-03-30 10:07:37,paid
1713,1713,paypal,1588.9,2025-11-13 15:38:04,paid
1714,1714,bank_transfer,1500.57,2026-04-21 14:54:11,refunded
1715,1715,card,2042.83,2025-05-16 21:12:04,refunded
1716,1716,bank_transfer,1960.56,2026-01-29 02:24:13,paid
1717,1717,card,2271.6,2025-12-08 06:23:23,paid
1718,1718,card,2918.93,2025-11-30 02:33:33,paid
1719,1719,paypal,1806.96,2026-04-21 15:32:00,refunded
1720,1720,card,2602.03,2025-07-19 02:58:54,paid
1721,1721,paypal,1163.16,2025-07-01 21:45:08,refunded
1722,1722,bank_transfer,1665.09,2025-06-23 08:07:28,paid
1723,1723,paypal,2133.51,2025-06-13 18:11:50,paid
1724,1724,card,2719.2,2025-05-15 02:04:54,paid
1725,1725,bank_transfer,1153.2,2026-03-10 17:01:05,paid
1726,1726,card,2267.62,2025-06-12 02:59:58,refunded
1727,1727,card,751.23,2025-05-03 12:26:13,paid
1728,1728,bank_transfer,2158.68,2025-07-08 14:33:21,paid
1729,1729,bank_transfer,3952.05,2025-07-26 01:35:08,paid
1730,1730,card,73.38,2025-07-05 00:17:48,paid
1731,1731,paypal,3561.84,2026-04-07 23:15:27,paid
1732,1732,paypal,2318.82,2025-04-28 13:30:24,refunded
1733,1733,paypal,1524.49,2025-05-04 01:04:57,paid
1734,1734,bank_transfer,339.23,2025-05-22 04:48:18,refunded
1735,1735,bank_transfer,577.77,2026-01-21 08:21:02,refunded
1736,1736,bank_transfer,89.71,2025-11-16 10:18:33,paid
1737,1737,bank_transfer,1959.0,2025-09-24 14:40:08,paid
1738,1738,card,1565.14,2025-10-23 21:36:42,paid
1739,1739,card,3680.47,2025-10-13 06:44:51,paid
1740,1740,card,257.22,2025-09-22 01:30:09,refunded
1741,1741,bank_transfer,2645.98,2025-06-11 06:13:55,paid
1742,1742,card,2854.7,2025-05-15 07:02:55,paid
1743,1743,paypal,1779.66,2026-04-16 04:34:37,paid
1744,1744,card,1167.97,2025-05-09 07:11:35,paid
1745,1745,card,650.6,2025-11-11 00:35:10,paid
1746,1746,card,1938.6,2026-03-20 10:43:03,refunded
1747,1747,card,3879.37,2025-12-28 21:50:43,paid
1748,1748,card,1993.02,2025-12-15 11:58:53,refunded
1749,1749,card,2478.53,2026-01-13 12:48:53,refunded
1750,1750,card,2644.44,2026-03-30 18:08:50,paid
1751,1751,card,1864.1,2025-11-30 11:23:47,refunded
1752,1752,paypal,1020.78,2026-04-19 19:23:47,paid
1753,1753,card,2188.35,2026-03-05 05:16:12,paid
1754,1754,bank_transfer,3183.5,2026-01-15 13:51:47,paid
1755,1755,card,1903.76,2025-10-31 10:42:46,paid
1756,1756,card,1161.5,2026-01-30 07:36:58,paid
1757,1757,bank_transfer,1840.78,2025-09-24 17:10:33,paid
1758,1758,bank_transfer,1723.26,2025-06-14 00:44:02,paid
1759,1759,bank_transfer,897.4,2025-05-02 02:29:43,refunded
1760,1760,paypal,623.27,2025-11-26 11:44:56,paid
1761,1761,paypal,2604.41,2025-05-30 05:39:50,paid
1762,1762,paypal,1615.04,2026-03-11 08:15:33,refunded
1763,1763,bank_transfer,1105.92,2025-08-20 11:56:42,paid
1764,1764,bank_transfer,2154.24,2025-07-10 05:40:36,paid
1765,1765,bank_transfer,699.78,2025-09-19 10:55:52,paid
1766,1766,card,1525.02,2025-09-23 18:34:25,paid
1767,1767,paypal,3468.02,2026-03-03 04:42:07,paid
1768,1768,card,1321.38,2025-06-02 19:06:01,paid
1769,1769,paypal,976.7,2025-08-17 20:01:25,paid
1770,1770,card,2059.59,2025-05-21 16:41:42,refunded
1771,1771,card,2798.86,2026-04-18 22:38:03,paid
1772,1772,paypal,2912.97,2026-02-03 02:19:02,refunded
1773,1773,card,2567.46,2025-07-28 02:13:06,paid
1774,1774,paypal,204.39,2026-04-11 09:00:08,paid
1775,1775,card,1399.0,2025-11-28 11:35:09,paid
1776,1776,paypal,2250.2,2025-08-18 01:55:27,paid
1777,1777,card,2966.99,2026-04-23 08:09:12,paid
1778,1778,bank_transfer,3497.17,2025-08-29 17:29:15,refunded
1779,1779,card,1757.08,2026-01-05 03:24:45,paid
1780,1780,card,1453.48,2025-07-31 11:19:05,paid
1781,1781,card,3347.42,2026-01-01 16:58:51,paid
1782,1782,bank_transfer,1103.14,2025-05-30 18:50:41,paid
1783,1783,bank_transfer,2105.18,2025-12-12 16:53:25,paid
1784,1784,bank_transfer,93.78,2025-11-11 21:50:49,paid
1785,1785,bank_transfer,2114.0,2026-02-15 00:19:04,paid
1786,1786,paypal,628.5,2025-05-16 02:05:11,refunded
1787,1787,paypal,322.64,2026-02-27 01:23:24,paid
1788,1788,bank_transfer,1122.69,2025-11-01 03:51:38,refunded
1789,1789,paypal,1896.92,2025-08-13 00:32:40,paid
1790,1790,paypal,900.9,2025-10-08 07:15:35,paid
1791,1791,bank_transfer,1120.34,2026-02-25 20:41:44,paid
1792,1792,bank_transfer,4545.56,2026-02-13 10:05:36,paid
1793,1793,card,1628.67,2026-02-19 09:50:06,refunded
1794,1794,paypal,5695.45,2026-03-26 06:14:49,paid
1795,1795,card,1792.23,2025-11-27 11:19:36,paid
1796,1796,paypal,1180.17,2026-01-01 21:34:52,paid
1797,1797,card,1524.36,2025-06-20 09:43:27,refunded
1798,1798,card,2372.0,2025-07-12 11:07:48,paid
1799,1799,paypal,1946.58,2025-08-28 00:00:27,paid
1800,1800,bank_transfer,966.22,2025-08-25 20:32:50,paid
1801,1801,paypal,737.8,2025-10-03 11:24:40,refunded
1802,1802,card,2721.55,2026-03-30 03:53:32,refunded
1803,1803,bank_transfer,804.22,2025-12-12 08:16:44,paid
1804,1804,card,3289.94,2025-08-28 15:02:18,paid
1805,1805,paypal,1825.37,2026-03-16 20:09:14,refunded
1806,1806,bank_transfer,200.37,2026-01-15 09:07:48,refunded
1807,1807,card,2254.32,2026-02-28 14:00:57,paid
1808,1808,card,1864.88,2025-06-04 16:32:20,paid
1809,1809,bank_transfer,1405.6,2025-05-11 07:15:13,paid
1810,1810,card,1409.31,2025-04-29 02:35:07,paid
1811,1811,bank_transfer,2477.12,2025-07-13 20:26:22,refunded
1812,1812,paypal,1829.21,2026-02-06 12:28:44,refunded
1813,1813,paypal,1624.27,2026-02-22 00:07:49,paid
1814,1814,bank_transfer,2476.1,2025-05-04 06:33:03,paid
1815,1815,bank_transfer,4305.66,2025-10-22 05:25:30,paid
1816,1816,card,285.2,2026-03-18 03:17:10,refunded
1817,1817,bank_transfer,2254.62,2026-02-13 14:40:21,paid
1818,1818,paypal,3291.87,2025-10-01 17:07:25,paid
1819,1819,bank_transfer,2346.1,2026-04-18 11:57:53,refunded
1820,1820,bank_transfer,528.65,2025-07-07 12:31:55,refunded
1821,1821,bank_transfer,1704.72,2025-04-29 01:37:56,paid
1822,1822,bank_transfer,751.75,2025-09-18 09:58:32,paid
1823,1823,bank_transfer,1944.32,2026-03-11 04:27:14,paid
1824,1824,card,2892.26,2026-03-10 10:29:32,refunded
1825,1825,paypal,2184.25,2025-08-14 00:41:48,paid
1826,1826,paypal,2152.91,2025-09-02 15:56:11,paid
1827,1827,card,3056.25,2026-02-09 22:38:11,paid
1828,1828,paypal,1315.65,2025-12-12 04:46:51,paid
1829,1829,card,429.34,2025-09-22 00:11:02,paid
1830,1830,card,461.06,2025-10-14 16:30:11,refunded
1831,1831,paypal,1808.47,2026-03-17 14:52:31,paid
1832,1832,bank_transfer,3025.25,2025-05-26 15:36:45,paid
1833,1833,card,760.36,2025-09-03 10:45:25,paid
1834,1834,paypal,1869.99,2025-05-05 07:13:23,paid
1835,1835,paypal,948.98,2026-04-13 08:37:15,paid
1836,1836,bank_transfer,1105.17,2026-01-20 08:08:21,paid
1837,1837,paypal,2895.88,2025-05-15 15:20:11,paid
1838,1838,paypal,1412.16,2025-10-13 23:44:25,refunded
1839,1839,bank_transfer,4915.24,2025-10-12 20:45:40,refunded
1840,1840,bank_transfer,310.26,2026-04-11 01:42:23,paid
1841,1841,paypal,354.65,2026-01-12 07:40:47,paid
1842,1842,card,2718.96,2025-09-26 03:10:52,paid
1843,1843,bank_transfer,1499.95,2025-10-08 15:03:12,paid
1844,1844,paypal,2863.54,2025-08-10 00:44:31,paid
1845,1845,paypal,2044.94,2025-06-02 12:14:28,paid
1846,1846,card,583.38,2025-05-26 09:54:18,refunded
1847,1847,bank_transfer,4315.43,2025-05-02 18:06:30,paid
1848,1848,bank_transfer,3611.81,2026-04-14 03:38:24,refunded
1849,1849,card,213.84,2026-01-04 03:15:03,refunded
1850,1850,card,117.81,2025-09-27 07:46:25,paid
1851,1851,bank_transfer,665.26,2026-04-18 12:15:30,refunded
1852,1852,card,4354.86,2025-09-18 19:49:32,paid
1853,1853,card,692.72,2025-08-21 20:31:39,refunded
1854,1854,card,2569.45,2026-03-30 16:01:12,paid
1855,1855,card,266.83,2025-05-31 08:04:36,paid
1856,1856,card,3429.82,2026-01-28 02:02:25,paid
1857,1857,paypal,3095.11,2025-06-01 19:08:17,paid
1858,1858,card,4265.57,2026-01-26 03:24:49,paid
1859,1859,card,2919.38,2026-03-20 06:25:35,paid
1860,1860,bank_transfer,2793.57,2026-04-09 00:55:45,paid
1861,1861,card,3419.14,2025-07-24 01:13:40,paid
1862,1862,card,2368.65,2025-08-15 08:22:27,paid
1863,1863,bank_transfer,3354.34,2025-04-28 08:36:42,paid
1864,1864,paypal,1725.6,2026-03-07 10:46:40,refunded
1865,1865,card,2186.45,2025-10-18 07:22:10,refunded
1866,1866,paypal,2062.46,2025-11-24 02:49:44,paid
1867,1867,paypal,543.64,2025-08-31 13:17:18,paid
1868,1868,paypal,2706.13,2025-06-05 19:48:39,paid
1869,1869,paypal,2953.13,2025-09-29 14:31:05,refunded
1870,1870,card,804.5,2025-12-22 06:02:54,refunded
1871,1871,card,3725.74,2026-03-11 09:09:53,paid
1872,1872,paypal,1828.0,2026-04-20 23:47:31,refunded
1873,1873,card,914.0,2026-04-18 13:51:26,refunded
1874,1874,bank_transfer,3147.33,2025-12-13 09:58:15,paid
1875,1875,card,920.92,2025-08-10 03:23:54,paid
1876,1876,paypal,1760.78,2026-02-21 17:21:50,refunded
1877,1877,card,478.87,2025-12-23 22:27:50,paid
1878,1878,card,1715.72,2025-10-27 01:33:20,paid
1879,1879,bank_transfer,3010.82,2025-05-14 01:31:22,paid
1880,1880,card,2612.45,2025-11-16 19:00:50,refunded
1881,1881,card,273.1,2025-12-22 15:31:02,paid
1882,1882,bank_transfer,2610.66,2025-05-03 14:33:23,refunded
1883,1883,paypal,174.64,2025-09-17 08:04:11,paid
1884,1884,paypal,2178.88,2026-02-21 22:29:00,paid
1885,1885,paypal,2572.07,2025-12-01 21:21:08,paid
1886,1886,card,947.88,2026-02-16 22:28:31,paid
1887,1887,paypal,846.86,2025-07-12 08:17:37,paid
1888,1888,card,1463.29,2025-10-11 16:13:30,paid
1889,1889,paypal,1153.71,2025-10-07 16:59:50,paid
1890,1890,bank_transfer,66.6,2025-11-26 15:06:03,paid
1891,1891,bank_transfer,2792.14,2025-07-15 06:17:28,refunded
1892,1892,paypal,892.91,2025-08-19 23:29:07,paid
1893,1893,paypal,4046.65,2025-11-28 20:35:26,refunded
1894,1894,bank_transfer,3758.59,2025-06-21 09:31:57,refunded
1895,1895,bank_transfer,841.21,2025-09-21 12:56:29,paid
1896,1896,card,179.42,2025-11-21 05:02:50,paid
1897,1897,card,1104.46,2026-02-03 13:35:36,paid
1898,1898,bank_transfer,1130.04,2025-12-04 01:52:05,paid
1899,1899,bank_transfer,681.54,2025-12-02 23:17:06,refunded
1900,1900,card,718.54,2025-12-25 05:19:32,paid
1901,1901,paypal,532.35,2025-10-02 02:28:45,paid
1902,1902,paypal,1428.38,2025-06-28 14:55:06,paid
1903,1903,card,1590.89,2025-09-25 13:21:57,paid
1904,1904,card,103.42,2025-12-19 09:56:37,paid
1905,1905,bank_transfer,1332.02,2025-10-23 01:33:44,paid
1906,1906,paypal,3637.63,2026-02-26 14:00:21,paid
1907,1907,card,1329.85,2025-05-03 16:27:08,paid
1908,1908,card,1929.44,2025-11-18 18:51:29,paid
1909,1909,paypal,184.19,2025-07-27 15:33:53,refunded
1910,1910,bank_transfer,2978.52,2025-11-23 10:48:49,paid
1911,1911,card,2389.32,2025-10-13 01:49:13,paid
1912,1912,paypal,3765.56,2025-11-30 11:42:58,paid
1913,1913,bank_transfer,2866.18,2025-11-29 11:01:46,refunded
1914,1914,paypal,903.42,2025-11-15 16:26:50,refunded
1915,1915,card,2608.07,2026-04-11 09:00:35,paid
1916,1916,paypal,424.31,2025-12-30 10:45:45,paid
1917,1917,paypal,627.66,2025-12-03 10:03:48,paid
1918,1918,bank_transfer,1546.38,2025-06-12 16:49:31,paid
1919,1919,card,2548.36,2025-10-28 04:29:02,refunded
1920,1920,card,2329.53,2025-11-19 05:20:42,paid
1921,1921,bank_transfer,1815.49,2026-01-17 15:44:41,paid
1922,1922,paypal,2523.16,2026-01-09 05:13:01,paid
1923,1923,paypal,320.37,2026-01-01 14:21:56,refunded
1924,1924,paypal,366.72,2025-11-02 05:09:37,paid
1925,1925,card,2756.44,2026-02-25 06:09:21,refunded
1926,1926,paypal,3506.11,2025-12-22 07:54:53,paid
1927,1927,paypal,2866.85,2025-05-25 22:56:34,paid
1928,1928,paypal,564.56,2025-09-16 03:41:41,paid
1929,1929,paypal,935.73,2025-05-09 14:35:12,paid
1930,1930,paypal,3170.28,2025-09-18 19:07:48,paid
1931,1931,bank_transfer,2163.81,2026-03-05 13:31:37,paid
1932,1932,bank_transfer,779.4,2025-12-13 10:09:29,paid
1933,1933,paypal,1307.34,2025-10-11 04:51:44,paid
1934,1934,paypal,244.5,2025-07-06 21:35:25,refunded
1935,1935,card,2312.69,2025-09-15 18:07:12,paid
1936,1936,card,3410.4,2025-10-20 21:01:42,refunded
1937,1937,card,376.68,2026-03-21 12:02:05,paid
1938,1938,bank_transfer,2168.88,2025-05-27 19:15:18,refunded
1939,1939,bank_transfer,2204.17,2025-12-04 21:02:22,refunded
1940,1940,bank_transfer,1814.65,2025-10-21 06:01:22,paid
1941,1941,card,1951.87,2026-04-11 00:20:29,paid
1942,1942,paypal,132.03,2025-09-21 03:39:08,paid
1943,1943,bank_transfer,2253.47,2025-05-06 18:30:25,refunded
1944,1944,card,3101.38,2026-01-21 21:59:00,refunded
1945,1945,bank_transfer,129.47,2025-12-14 17:00:11,paid
1946,1946,paypal,804.22,2025-07-28 15:15:46,paid
1947,1947,bank_transfer,763.68,2025-06-15 20:18:13,paid
1948,1948,bank_transfer,1080.93,2025-05-06 09:41:07,refunded
1949,1949,card,1908.8,2025-05-31 12:26:09,refunded
1950,1950,paypal,894.89,2025-06-18 05:50:45,paid
1951,1951,card,4830.57,2025-10-12 09:03:24,paid
1952,1952,paypal,1805.81,2026-04-04 21:58:15,paid
1953,1953,card,857.52,2026-01-25 03:36:46,paid
1954,1954,card,405.0,2026-02-18 11:09:00,refunded
1955,1955,paypal,417.96,2025-09-13 22:09:25,paid
1956,1956,card,1999.98,2025-10-21 07:01:55,paid
1957,1957,bank_transfer,1346.12,2026-03-23 12:59:13,paid
1958,1958,card,5602.24,2025-12-28 19:44:08,refunded
1959,1959,card,87.32,2025-11-16 10:17:26,paid
1960,1960,card,1231.14,2025-12-07 21:34:20,paid
1961,1961,card,1776.91,2025-11-30 20:00:19,paid
1962,1962,card,1189.15,2026-03-16 10:54:31,paid
1963,1963,paypal,128.08,2026-04-01 14:52:58,paid
1964,1964,paypal,173.48,2025-07-09 07:13:24,paid
1965,1965,bank_transfer,1564.54,2025-09-22 09:09:53,paid
1966,1966,bank_transfer,133.2,2025-05-03 10:16:36,paid
1967,1967,card,3997.56,2025-08-23 07:21:24,paid
1968,1968,bank_transfer,1206.33,2025-05-28 06:17:25,paid
1969,1969,bank_transfer,1062.99,2025-11-28 14:11:30,refunded
1970,1970,bank_transfer,1060.36,2026-03-25 15:44:53,paid
1971,1971,card,2942.81,2025-04-30 00:16:21,refunded
1972,1972,paypal,2581.42,2026-02-17 07:37:18,refunded
1973,1973,paypal,1784.97,2026-04-11 05:48:58,paid
1974,1974,bank_transfer,4680.28,2025-12-05 17:08:01,paid
1975,1975,bank_transfer,3622.54,2025-09-17 21:26:33,paid
1976,1976,bank_transfer,1056.48,2026-04-25 16:52:50,paid
1977,1977,card,3578.87,2025-06-20 19:43:20,paid
1978,1978,bank_transfer,2632.0,2025-05-25 23:55:50,paid
1979,1979,bank_transfer,2952.91,2026-02-26 05:01:00,paid
1980,1980,bank_transfer,1041.51,2025-10-23 18:49:44,refunded
1981,1981,paypal,2113.79,2025-09-14 23:31:29,paid
1982,1982,card,2578.72,2025-09-05 01:50:07,paid
1983,1983,card,716.79,2025-11-11 23:19:25,paid
1984,1984,paypal,578.8,2025-08-27 19:28:46,paid
1985,1985,paypal,3593.92,2025-06-12 11:07:29,paid
1986,1986,bank_transfer,1813.72,2025-10-23 14:23:43,paid
1987,1987,bank_transfer,1840.5,2025-11-02 17:30:46,refunded
1988,1988,paypal,2925.03,2025-10-22 03:23:06,refunded
1989,1989,paypal,661.84,2025-08-18 16:01:00,refunded
1990,1990,paypal,1216.11,2026-01-26 23:07:52,paid
1991,1991,card,4133.85,2025-06-01 18:40:20,paid
1992,1992,bank_transfer,898.84,2026-01-13 08:12:19,paid
1993,1993,bank_transfer,1441.2,2026-02-12 05:09:42,paid
1994,1994,paypal,675.17,2025-06-20 07:07:13,paid
1995,1995,bank_transfer,872.37,2025-11-03 08:18:39,paid
1996,1996,paypal,216.54,2025-08-20 23:55:20,paid
1997,1997,card,1334.79,2025-09-24 06:21:33,paid
1998,1998,card,562.31,2025-12-17 13:04:38,refunded
1999,1999,card,2003.08,2025-07-08 13:13:20,paid
2000,2000,paypal,3663.38,2026-02-26 05:40:09,paid
2001,2001,card,24.67,2025-05-26 16:40:06,refunded
2002,2002,card,2922.62,2025-06-04 04:58:55,paid
2003,2003,bank_transfer,1244.35,2025-11-24 03:07:26,paid
2004,2004,bank_transfer,914.97,2026-01-14 01:11:26,paid
2005,2005,bank_transfer,2255.31,2026-03-03 08:46:52,paid
2006,2006,bank_transfer,692.15,2026-03-17 22:42:56,paid
2007,2007,paypal,2216.16,2026-01-03 05:53:29,paid
2008,2008,card,558.18,2025-11-27 21:00:37,paid
2009,2009,card,1648.04,2025-06-22 21:49:00,paid
2010,2010,paypal,3863.65,2025-08-14 14:16:20,paid
2011,2011,paypal,248.79,2025-06-02 09:10:18,refunded
2012,2012,bank_transfer,1749.12,2025-12-20 02:19:42,paid
2013,2013,paypal,961.92,2026-01-29 13:39:52,refunded
2014,2014,bank_transfer,2482.47,2025-12-13 16:30:43,refunded
2015,2015,bank_transfer,4389.55,2025-10-01 04:18:16,paid
2016,2016,paypal,457.04,2026-04-27 17:49:41,paid
2017,2017,paypal,1243.46,2025-06-20 06:29:57,refunded
2018,2018,paypal,2125.52,2025-10-13 22:35:47,paid
2019,2019,bank_transfer,2777.8,2025-08-09 04:14:33,paid
2020,2020,card,1971.25,2025-07-05 12:14:09,paid
2021,2021,bank_transfer,408.84,2025-06-29 21:41:53,paid
2022,2022,card,2560.42,2025-06-21 10:46:21,paid
2023,2023,paypal,3370.57,2025-12-17 22:37:39,paid
2024,2024,paypal,4371.72,2025-10-30 04:22:55,refunded
2025,2025,bank_transfer,3867.11,2025-09-04 13:09:50,paid
2026,2026,card,3714.37,2025-11-12 15:12:55,paid
2027,2027,card,232.13,2025-12-11 22:16:11,paid
2028,2028,card,2262.41,2025-05-26 14:31:21,paid
2029,2029,paypal,104.57,2025-10-19 05:26:02,paid
2030,2030,card,1779.3,2025-05-18 11:31:21,paid
2031,2031,card,2364.19,2026-03-08 17:28:02,paid
2032,2032,card,1009.37,2026-01-27 08:42:21,refunded
2033,2033,card,1986.5,2026-04-05 02:31:34,paid
2034,2034,card,911.43,2026-04-17 10:09:29,paid
2035,2035,card,2169.44,2026-04-06 00:41:11,paid
2036,2036,card,3340.44,2025-08-08 09:27:07,refunded
2037,2037,bank_transfer,1342.8,2026-02-01 17:30:46,paid
2038,2038,card,4001.01,2026-02-05 19:16:47,paid
2039,2039,card,1816.2,2025-09-17 00:40:48,refunded
2040,2040,paypal,1502.53,2025-08-09 04:50:12,refunded
2041,2041,bank_transfer,514.44,2026-04-18 14:03:52,refunded
2042,2042,bank_transfer,1326.32,2025-06-17 22:34:22,refunded
2043,2043,paypal,1112.32,2025-06-07 14:56:04,refunded
2044,2044,paypal,415.16,2026-03-13 11:02:52,refunded
2045,2045,card,2871.95,2025-11-28 16:28:43,paid
2046,2046,paypal,1754.2,2025-09-09 07:17:07,paid
2047,2047,card,933.92,2026-01-17 05:21:17,paid
2048,2048,card,1034.27,2025-08-19 18:09:04,paid
2049,2049,paypal,1580.76,2025-09-19 12:04:53,refunded
2050,2050,bank_transfer,267.32,2025-11-02 12:45:26,paid
2051,2051,card,2612.44,2026-03-17 08:46:48,paid
2052,2052,bank_transfer,693.57,2026-03-17 23:37:27,paid
2053,2053,card,3387.19,2025-05-15 08:06:29,refunded
2054,2054,card,2833.49,2025-08-29 13:48:33,paid
2055,2055,bank_transfer,1177.6,2025-10-13 17:53:22,refunded
2056,2056,bank_transfer,1133.16,2026-02-24 10:32:13,paid
2057,2057,card,1874.56,2025-11-10 02:54:28,paid
2058,2058,bank_transfer,7025.65,2025-06-15 20:03:36,refunded
2059,2059,card,1336.62,2025-04-28 21:08:59,refunded
2060,2060,paypal,1320.72,2026-03-21 20:00:29,paid
2061,2061,paypal,2514.5,2025-12-08 04:42:35,refunded
2062,2062,paypal,1696.52,2025-06-21 17:34:35,paid
2063,2063,card,1033.3,2025-06-15 19:54:59,paid
2064,2064,bank_transfer,4115.84,2026-03-21 17:25:25,refunded
2065,2065,card,1370.56,2026-03-31 12:05:50,paid
2066,2066,paypal,2970.54,2025-09-17 08:43:39,paid
2067,2067,paypal,222.36,2025-11-06 18:08:42,refunded
2068,2068,card,1369.8,2026-03-16 06:08:45,refunded
2069,2069,card,758.34,2025-04-27 18:40:59,paid
2070,2070,bank_transfer,336.51,2026-01-28 13:31:12,paid
2071,2071,paypal,1864.88,2025-12-06 20:10:17,paid
2072,2072,card,1482.78,2025-05-04 18:34:50,refunded
2073,2073,card,4203.84,2026-04-27 02:12:46,paid
2074,2074,card,1468.13,2026-02-06 22:28:58,refunded
2075,2075,paypal,91.32,2025-05-17 01:21:31,paid
2076,2076,card,175.53,2025-05-22 07:27:38,paid
2077,2077,card,3873.71,2025-12-29 04:18:06,refunded
2078,2078,bank_transfer,520.17,2025-09-29 19:16:49,paid
2079,2079,bank_transfer,1202.64,2025-07-22 00:00:17,paid
2080,2080,bank_transfer,3759.45,2026-04-22 02:31:00,paid
2081,2081,card,1351.3,2026-01-26 05:12:10,paid
2082,2082,bank_transfer,2726.86,2026-04-11 15:47:23,refunded
2083,2083,card,1692.21,2025-09-07 15:39:55,paid
2084,2084,bank_transfer,2755.06,2025-10-03 22:56:27,paid
2085,2085,bank_transfer,1026.91,2025-08-12 13:45:02,paid
2086,2086,paypal,3622.68,2025-05-18 05:21:51,paid
2087,2087,paypal,244.5,2025-10-23 02:18:39,refunded
2088,2088,paypal,5112.54,2025-07-03 10:28:43,paid
2089,2089,card,931.53,2025-07-18 18:59:52,paid
2090,2090,card,296.21,2026-03-14 23:30:54,refunded
2091,2091,card,817.28,2025-06-19 14:14:36,paid
2092,2092,paypal,200.84,2025-08-13 20:12:18,paid
2093,2093,card,756.39,2026-03-22 21:15:28,paid
2094,2094,card,174.21,2026-03-29 11:42:44,paid
2095,2095,card,3266.08,2025-10-27 05:50:30,paid
2096,2096,bank_transfer,3849.15,2025-07-05 17:56:13,paid
2097,2097,paypal,3246.42,2025-11-09 03:34:07,paid
2098,2098,bank_transfer,2659.5,2025-06-30 00:52:59,paid
2099,2099,card,3766.18,2026-04-19 20:16:19,refunded
2100,2100,card,20.73,2025-12-01 05:16:03,paid
2101,2101,card,917.84,2025-12-21 00:01:45,paid
2102,2102,bank_transfer,1781.83,2025-09-02 03:38:50,paid
2103,2103,bank_transfer,1019.91,2026-04-07 08:21:30,refunded
2104,2104,card,1009.53,2026-02-01 18:41:12,refunded
2105,2105,card,352.16,2026-04-06 15:34:35,paid
2106,2106,bank_transfer,2476.9,2026-02-27 14:50:24,paid
2107,2107,bank_transfer,3286.48,2025-08-14 10:58:29,refunded
2108,2108,paypal,468.0,2025-04-29 16:32:57,paid
2109,2109,card,1792.0,2025-05-20 10:02:37,refunded
2110,2110,card,2519.6,2025-06-01 07:19:39,refunded
2111,2111,card,1047.62,2025-11-02 06:30:08,paid
2112,2112,bank_transfer,207.34,2025-11-15 18:16:27,paid
2113,2113,bank_transfer,4077.53,2026-01-05 22:23:37,paid
2114,2114,paypal,3580.78,2026-04-17 02:05:50,paid
2115,2115,bank_transfer,3410.5,2026-03-10 22:22:45,paid
2116,2116,paypal,2156.07,2025-11-14 09:10:12,paid
2117,2117,paypal,111.76,2025-07-07 16:33:20,paid
2118,2118,card,1446.3,2025-06-29 05:27:41,paid
2119,2119,card,2690.7,2026-01-20 07:01:17,paid
2120,2120,bank_transfer,276.28,2025-08-07 09:44:56,paid
2121,2121,card,1510.94,2026-01-31 04:26:20,paid
2122,2122,paypal,1711.74,2025-10-20 11:37:37,paid
2123,2123,card,1595.4,2025-07-30 02:33:51,refunded
2124,2124,card,299.76,2025-06-01 18:02:37,paid
2125,2125,card,1678.3,2025-06-19 14:42:18,paid
2126,2126,paypal,1629.02,2025-10-07 17:41:58,refunded
2127,2127,card,1310.55,2025-05-25 20:55:10,paid
2128,2128,bank_transfer,937.66,2025-09-26 00:30:20,refunded
2129,2129,card,107.44,2026-04-25 10:23:27,paid
2130,2130,paypal,3199.35,2025-11-24 06:50:17,paid
2131,2131,bank_transfer,1125.08,2026-04-21 16:00:48,refunded
2132,2132,paypal,3317.2,2026-04-24 08:55:44,paid
2133,2133,paypal,547.25,2026-03-02 09:23:25,paid
2134,2134,bank_transfer,144.09,2026-02-21 16:48:33,paid
2135,2135,card,928.42,2025-09-19 15:43:52,paid
2136,2136,bank_transfer,4343.69,2025-04-30 04:28:31,paid
2137,2137,paypal,1033.73,2025-10-31 16:13:40,paid
2138,2138,bank_transfer,194.7,2025-05-23 07:09:06,paid
2139,2139,card,3607.58,2025-05-20 14:47:58,paid
2140,2140,card,2504.64,2026-02-27 01:59:26,paid
2141,2141,bank_transfer,784.56,2025-09-11 05:24:07,paid
2142,2142,paypal,524.6,2025-12-02 03:41:24,paid
2143,2143,card,1337.18,2026-01-01 19:39:48,paid
2144,2144,card,1633.87,2026-01-23 19:09:12,paid
2145,2145,paypal,460.5,2026-02-14 05:06:34,refunded
2146,2146,bank_transfer,290.22,2025-05-20 14:28:10,paid
2147,2147,paypal,559.24,2025-06-02 05:54:54,refunded
2148,2148,paypal,1388.19,2025-06-11 19:39:10,paid
2149,2149,card,1758.44,2025-12-06 19:30:52,paid
2150,2150,card,1296.56,2025-09-19 03:25:25,paid
2151,2151,card,1448.34,2025-04-28 03:23:33,paid
2152,2152,card,1230.33,2025-12-20 18:53:40,refunded
2153,2153,paypal,4486.91,2025-07-05 20:58:54,refunded
2154,2154,paypal,457.0,2026-03-21 10:56:45,refunded
2155,2155,bank_transfer,468.25,2025-10-24 20:10:55,paid
2156,2156,bank_transfer,500.25,2026-04-06 17:56:56,paid
2157,2157,card,1463.46,2026-03-07 05:58:45,refunded
2158,2158,paypal,184.19,2025-06-09 02:38:05,paid
2159,2159,paypal,1946.9,2026-03-10 17:41:42,paid
2160,2160,paypal,2510.82,2026-01-07 20:01:53,paid
2161,2161,paypal,3061.02,2025-05-31 03:43:44,paid
2162,2162,bank_transfer,68.13,2025-08-28 01:21:25,refunded
2163,2163,paypal,1954.91,2025-07-08 21:49:25,paid
2164,2164,paypal,179.58,2025-10-10 17:53:24,paid
2165,2165,card,5571.11,2025-05-29 03:46:11,paid
2166,2166,card,3002.99,2026-02-12 00:57:52,paid
2167,2167,bank_transfer,19.22,2026-04-04 12:48:13,paid
2168,2168,bank_transfer,3154.06,2025-05-14 15:17:47,paid
2169,2169,paypal,1483.01,2026-02-10 14:25:11,paid
2170,2170,paypal,1476.26,2025-09-15 15:01:46,paid
2171,2171,card,3460.49,2025-07-25 01:43:23,refunded
2172,2172,bank_transfer,2196.68,2026-03-11 00:45:10,refunded
2173,2173,paypal,810.0,2026-03-28 14:05:08,paid
2174,2174,paypal,2700.05,2026-03-02 02:15:13,paid
2175,2175,card,1525.28,2025-10-15 20:19:07,paid
2176,2176,card,884.46,2025-05-18 09:44:58,paid
2177,2177,bank_transfer,1938.6,2026-03-12 11:22:15,paid
2178,2178,card,751.03,2025-12-04 21:18:04,paid
2179,2179,bank_transfer,1348.26,2025-06-19 14:55:32,refunded
2180,2180,card,1057.83,2025-07-14 06:19:42,refunded
2181,2181,bank_transfer,2387.69,2025-05-14 17:49:43,paid
2182,2182,card,339.92,2025-05-10 12:11:43,paid
2183,2183,bank_transfer,331.2,2025-10-24 07:25:02,paid
2184,2184,bank_transfer,1759.88,2025-05-25 05:55:00,paid
2185,2185,bank_transfer,1926.84,2026-03-08 03:42:45,paid
2186,2186,bank_transfer,1312.68,2025-10-11 18:32:29,paid
2187,2187,paypal,2137.17,2025-12-14 05:51:13,paid
2188,2188,card,892.55,2025-08-27 15:55:12,refunded
2189,2189,bank_transfer,1421.83,2026-01-16 23:14:59,paid
2190,2190,card,1788.07,2025-05-03 10:44:03,paid
2191,2191,card,499.23,2025-04-29 11:53:24,refunded
2192,2192,paypal,1567.04,2025-11-01 16:00:56,paid
2193,2193,card,2454.04,2025-08-05 07:53:35,paid
2194,2194,bank_transfer,1040.6,2026-04-14 15:14:22,refunded
2195,2195,paypal,674.63,2026-01-24 20:48:00,paid
2196,2196,bank_transfer,464.86,2026-03-16 00:44:47,refunded
2197,2197,paypal,1666.0,2026-01-06 14:53:10,paid
2198,2198,bank_transfer,106.92,2025-05-31 09:47:26,paid
2199,2199,card,530.64,2026-04-03 10:17:22,paid
2200,2200,paypal,2437.07,2025-11-09 12:59:50,paid
2201,2201,paypal,936.0,2025-12-06 16:25:24,paid
2202,2202,bank_transfer,1133.79,2026-02-26 15:29:51,paid
2203,2203,bank_transfer,1131.52,2025-08-27 00:20:29,refunded
2204,2204,paypal,1888.67,2025-12-01 20:41:57,paid
2205,2205,bank_transfer,282.88,2026-01-28 23:05:31,paid
2206,2206,bank_transfer,751.38,2025-09-01 18:55:33,paid
2207,2207,paypal,1243.97,2026-01-24 05:32:01,paid
2208,2208,bank_transfer,2299.93,2025-08-19 13:33:19,paid
2209,2209,card,1388.5,2025-07-24 22:06:25,refunded
2210,2210,bank_transfer,2219.8,2026-03-08 13:59:00,paid
2211,2211,card,40.07,2026-01-03 13:46:53,paid
2212,2212,bank_transfer,1827.83,2025-06-21 10:26:33,paid
2213,2213,card,2548.99,2026-03-03 10:59:37,paid
2214,2214,paypal,823.48,2025-12-04 03:38:40,paid
2215,2215,bank_transfer,103.79,2025-11-16 10:01:14,refunded
2216,2216,bank_transfer,956.48,2025-10-26 15:27:23,refunded
2217,2217,card,2660.48,2025-10-05 04:26:34,refunded
2218,2218,paypal,1067.32,2025-12-14 02:22:26,paid
2219,2219,paypal,2259.11,2025-11-29 10:28:37,paid
2220,2220,paypal,3168.35,2025-12-06 06:34:56,paid
2221,2221,bank_transfer,1254.38,2025-07-19 13:20:30,paid
2222,2222,paypal,1450.72,2026-03-29 18:25:22,paid
2223,2223,paypal,1235.76,2026-03-26 18:19:09,paid
2224,2224,card,4032.04,2025-10-04 18:33:57,paid
2225,2225,card,2806.88,2025-09-08 14:05:56,paid
2226,2226,bank_transfer,2078.39,2025-06-17 18:16:54,paid
2227,2227,paypal,5919.82,2025-12-14 21:04:34,paid
2228,2228,card,421.21,2025-08-05 13:58:34,paid
2229,2229,bank_transfer,453.65,2025-08-14 03:02:01,paid
2230,2230,paypal,2076.97,2025-10-28 02:25:03,paid
2231,2231,bank_transfer,1542.86,2026-02-19 04:37:13,paid
2232,2232,bank_transfer,473.52,2025-06-11 14:09:44,paid
2233,2233,card,345.64,2025-10-05 07:23:56,paid
2234,2234,bank_transfer,3035.75,2026-03-18 11:53:54,refunded
2235,2235,card,2521.13,2026-02-06 05:53:51,paid
2236,2236,card,339.97,2025-05-31 23:32:52,refunded
2237,2237,bank_transfer,3565.76,2025-12-26 06:13:39,refunded
2238,2238,card,586.68,2026-03-01 17:52:19,paid
2239,2239,bank_transfer,3116.95,2026-02-01 17:23:36,paid
2240,2240,paypal,609.05,2025-11-13 14:57:29,paid
2241,2241,card,2819.5,2026-04-22 06:30:22,refunded
2242,2242,card,2516.07,2025-06-21 13:44:03,paid
2243,2243,card,1478.04,2025-10-28 20:56:25,paid
2244,2244,paypal,2720.2,2025-07-15 06:48:45,paid
2245,2245,bank_transfer,2564.48,2026-03-06 06:50:54,paid
2246,2246,paypal,89.32,2025-08-26 10:29:27,paid
2247,2247,bank_transfer,2603.75,2026-03-08 16:35:40,paid
2248,2248,paypal,1195.35,2025-11-22 20:18:07,paid
2249,2249,paypal,2332.4,2025-05-29 19:43:57,paid
2250,2250,card,2488.3,2025-07-19 12:15:45,paid
2251,2251,card,5645.15,2026-04-12 21:46:11,paid
2252,2252,bank_transfer,888.63,2026-02-20 22:40:40,refunded
2253,2253,paypal,1751.67,2026-02-03 09:24:40,paid
2254,2254,paypal,3850.22,2026-02-22 03:11:23,refunded
2255,2255,card,1793.97,2025-05-25 04:21:15,paid
2256,2256,paypal,2120.32,2025-05-11 13:27:06,paid
2257,2257,bank_transfer,2932.96,2025-08-05 21:05:37,paid
2258,2258,paypal,1218.96,2025-09-03 19:10:04,paid
2259,2259,bank_transfer,1868.61,2025-05-15 08:06:40,paid
2260,2260,bank_transfer,4079.99,2025-06-26 10:36:28,paid
2261,2261,card,928.6,2025-09-11 08:37:58,refunded
2262,2262,paypal,3624.23,2026-02-22 13:08:11,paid
2263,2263,card,2900.44,2025-12-01 18:31:30,paid
2264,2264,bank_transfer,2005.92,2026-01-10 14:20:51,paid
2265,2265,paypal,91.32,2025-12-20 23:15:27,refunded
2266,2266,bank_transfer,1303.47,2025-10-01 08:55:25,refunded
2267,2267,bank_transfer,1041.84,2025-07-22 21:33:46,paid
2268,2268,bank_transfer,3601.68,2026-01-18 13:44:20,paid
2269,2269,bank_transfer,1281.44,2025-07-07 21:28:19,refunded
2270,2270,paypal,2787.74,2025-05-24 09:55:22,paid
2271,2271,paypal,597.41,2025-10-26 13:20:40,paid
2272,2272,card,1864.56,2026-04-09 06:51:14,paid
2273,2273,bank_transfer,2767.04,2025-08-21 00:18:43,paid
2274,2274,card,2811.8,2025-07-19 12:57:56,paid
2275,2275,paypal,1459.83,2026-04-05 03:09:36,refunded
2276,2276,bank_transfer,252.36,2026-02-26 01:34:50,paid
2277,2277,paypal,40.07,2026-02-28 19:12:28,paid
2278,2278,bank_transfer,848.64,2026-02-04 14:44:06,paid
2279,2279,paypal,1870.72,2025-09-14 13:05:41,paid
2280,2280,card,3132.23,2025-10-14 18:56:38,paid
2281,2281,paypal,157.72,2025-08-05 03:52:18,paid
2282,2282,bank_transfer,3025.13,2025-11-17 05:35:00,paid
2283,2283,card,1050.08,2026-02-18 10:09:39,refunded
2284,2284,bank_transfer,3044.32,2026-04-05 00:24:38,paid
2285,2285,card,1584.92,2026-03-13 15:49:50,paid
2286,2286,paypal,2587.93,2025-07-30 17:14:52,paid
2287,2287,card,1807.89,2025-09-05 18:15:58,paid
2288,2288,card,1513.69,2026-04-01 03:27:09,paid
2289,2289,bank_transfer,2346.86,2026-04-19 10:01:21,paid
2290,2290,card,4752.98,2025-06-25 11:58:58,paid
2291,2291,bank_transfer,3109.12,2025-10-08 02:12:30,paid
2292,2292,paypal,1438.17,2025-11-19 12:31:42,paid
2293,2293,paypal,3289.54,2025-05-21 05:20:17,paid
2294,2294,card,3479.58,2025-10-02 07:03:33,paid
2295,2295,bank_transfer,1754.76,2026-03-28 13:21:00,paid
2296,2296,bank_transfer,2916.24,2025-08-11 18:36:21,refunded
2297,2297,bank_transfer,1640.84,2025-11-25 15:03:44,refunded
2298,2298,card,3564.03,2025-10-13 20:10:25,paid
2299,2299,bank_transfer,202.76,2025-05-12 20:31:21,refunded
2300,2300,paypal,2078.44,2026-02-11 05:21:46,refunded
2301,2301,card,1942.2,2025-10-11 10:21:24,refunded
2302,2302,card,1973.61,2025-10-18 15:42:27,paid
2303,2303,bank_transfer,2225.32,2025-07-12 00:19:14,paid
2304,2304,bank_transfer,1014.96,2025-12-12 04:42:19,paid
2305,2305,bank_transfer,2031.62,2025-11-26 13:12:51,paid
2306,2306,paypal,285.4,2025-07-21 19:14:03,paid
2307,2307,bank_transfer,3335.65,2026-01-31 12:16:36,refunded
2308,2308,card,728.84,2025-08-03 08:45:45,paid
2309,2309,bank_transfer,6070.64,2026-04-08 17:55:53,paid
2310,2310,paypal,800.73,2025-08-22 01:43:50,paid
2311,2311,card,1461.88,2026-04-24 06:21:19,refunded
2312,2312,paypal,2659.96,2025-11-24 04:48:53,paid
2313,2313,paypal,441.0,2025-11-09 05:10:21,paid
2314,2314,bank_transfer,4930.73,2025-07-12 12:32:33,paid
2315,2315,paypal,2876.91,2025-11-26 06:02:22,refunded
2316,2316,card,3621.65,2025-08-23 16:08:35,paid
2317,2317,bank_transfer,1380.35,2025-07-05 10:06:35,paid
2318,2318,card,440.24,2025-08-29 04:20:24,paid
2319,2319,card,598.47,2026-03-04 12:56:18,paid
2320,2320,bank_transfer,1944.27,2025-07-25 04:52:44,refunded
2321,2321,card,2020.99,2025-09-23 08:41:24,paid
2322,2322,card,3071.73,2026-04-20 11:36:17,paid
2323,2323,card,346.91,2026-03-03 14:26:28,paid
2324,2324,bank_transfer,2518.18,2026-04-15 05:52:39,paid
2325,2325,bank_transfer,704.32,2025-12-28 14:34:19,paid
2326,2326,bank_transfer,747.07,2026-03-23 17:52:57,refunded
2327,2327,paypal,3011.7,2025-08-21 09:46:15,refunded
2328,2328,paypal,930.31,2025-10-02 08:59:18,paid
2329,2329,bank_transfer,886.6,2026-04-18 02:45:33,paid
2330,2330,card,2246.82,2025-06-20 06:41:04,paid
2331,2331,paypal,2618.96,2025-11-23 13:14:16,paid
2332,2332,bank_transfer,985.36,2025-05-16 03:00:19,paid
2333,2333,paypal,1964.86,2025-09-03 06:03:44,paid
2334,2334,card,1176.84,2025-09-04 11:03:05,paid
2335,2335,card,1457.97,2025-05-18 08:10:30,paid
2336,2336,paypal,2066.28,2025-10-17 17:48:35,paid
2337,2337,bank_transfer,3206.61,2026-03-10 18:45:27,paid
2338,2338,bank_transfer,3248.69,2025-10-17 06:57:15,refunded
2339,2339,bank_transfer,1883.06,2026-04-22 17:37:37,paid
2340,2340,paypal,3244.65,2025-08-13 05:13:55,paid
2341,2341,bank_transfer,939.84,2026-01-26 10:38:00,paid
2342,2342,card,1773.53,2025-05-17 03:46:37,paid
2343,2343,card,1148.24,2025-09-27 12:14:18,paid
2344,2344,card,374.66,2025-09-14 13:38:52,paid
2345,2345,bank_transfer,904.88,2025-10-19 02:43:55,refunded
2346,2346,paypal,438.21,2025-12-24 10:46:58,paid
2347,2347,paypal,722.12,2025-09-05 01:09:41,refunded
2348,2348,card,1033.41,2025-09-11 14:16:14,refunded
2349,2349,bank_transfer,1155.06,2025-05-28 19:12:39,paid
2350,2350,card,791.18,2025-09-16 04:36:41,paid
2351,2351,bank_transfer,970.41,2025-09-28 21:28:17,paid
2352,2352,card,5923.75,2025-06-28 16:17:04,paid
2353,2353,paypal,2846.63,2025-07-16 17:35:53,refunded
2354,2354,paypal,3132.29,2025-12-02 23:23:57,paid
2355,2355,bank_transfer,4485.54,2025-07-07 16:09:36,paid
2356,2356,paypal,3498.75,2026-02-04 21:08:36,paid
2357,2357,paypal,405.93,2026-03-14 00:17:44,paid
2358,2358,card,1675.56,2025-05-01 11:37:07,paid
2359,2359,bank_transfer,2321.03,2025-12-14 11:27:05,paid
2360,2360,card,563.78,2025-05-10 22:15:07,paid
2361,2361,bank_transfer,1135.34,2025-11-23 18:11:48,paid
2362,2362,bank_transfer,545.12,2026-04-26 14:36:06,refunded
2363,2363,paypal,2320.8,2025-09-04 03:41:27,refunded
2364,2364,card,3281.93,2026-04-13 04:36:08,paid
2365,2365,bank_transfer,586.68,2026-02-19 01:21:55,refunded
2366,2366,card,1589.85,2025-08-31 18:59:50,paid
2367,2367,card,4235.23,2025-06-08 08:23:03,refunded
2368,2368,bank_transfer,983.57,2025-05-14 06:18:33,paid
2369,2369,bank_transfer,2431.8,2025-11-05 08:53:33,paid
2370,2370,bank_transfer,2328.03,2025-12-27 23:44:57,paid
2371,2371,card,4191.95,2026-01-24 11:59:15,refunded
2372,2372,card,38.92,2025-08-25 21:03:57,refunded
2373,2373,bank_transfer,686.24,2026-02-05 12:13:11,paid
2374,2374,card,693.56,2025-05-08 10:06:34,paid
2375,2375,card,275.76,2026-01-11 10:14:13,paid
2376,2376,paypal,1807.52,2025-12-16 18:20:42,paid
2377,2377,card,757.72,2025-06-06 05:49:02,paid
2378,2378,bank_transfer,133.58,2026-04-08 04:22:01,refunded
2379,2379,bank_transfer,1740.67,2025-07-27 09:53:19,paid
2380,2380,paypal,445.07,2025-06-05 11:03:56,paid
2381,2381,bank_transfer,41.26,2025-05-30 02:54:04,paid
2382,2382,paypal,320.37,2025-06-05 14:32:28,paid
2383,2383,bank_transfer,692.26,2025-10-24 10:44:23,paid
2384,2384,card,799.33,2026-02-24 04:54:32,refunded
2385,2385,bank_transfer,1310.55,2025-11-10 19:16:19,paid
2386,2386,paypal,811.46,2025-09-25 09:24:29,refunded
2387,2387,card,2245.47,2025-06-03 12:18:37,paid
2388,2388,card,3435.28,2025-12-17 03:46:37,refunded
2389,2389,bank_transfer,484.43,2026-01-19 10:38:09,refunded
2390,2390,card,2290.67,2025-05-05 04:10:32,paid
2391,2391,card,380.61,2025-06-22 00:03:25,refunded
2392,2392,bank_transfer,1184.28,2025-09-02 07:22:27,paid
2393,2393,paypal,919.6,2026-03-06 11:56:22,paid
2394,2394,paypal,174.64,2025-08-20 07:28:50,paid
2395,2395,bank_transfer,438.6,2026-01-26 04:06:32,refunded
2396,2396,paypal,3134.63,2025-10-17 15:29:33,paid
2397,2397,card,3944.98,2026-01-17 13:17:13,paid
2398,2398,bank_transfer,1186.39,2025-09-25 20:12:55,paid
2399,2399,card,467.85,2025-05-18 15:48:39,paid
2400,2400,paypal,4103.84,2026-01-19 11:17:27,paid
2401,2401,paypal,2040.66,2026-01-25 15:02:42,paid
2402,2402,card,782.61,2025-07-05 11:57:04,paid
2403,2403,bank_transfer,2653.69,2025-07-02 00:17:39,paid
2404,2404,bank_transfer,3101.47,2025-12-29 20:53:16,paid
2405,2405,paypal,3969.9,2025-05-06 23:23:57,refunded
2406,2406,bank_transfer,2300.37,2025-10-02 09:55:20,paid
2407,2407,card,501.47,2026-01-31 05:20:55,paid
2408,2408,bank_transfer,1730.35,2025-12-24 20:59:32,refunded
2409,2409,paypal,269.13,2025-09-18 19:08:41,paid
2410,2410,card,2724.22,2026-04-19 19:14:58,paid
2411,2411,card,1369.8,2025-07-27 12:30:46,paid
2412,2412,card,5063.41,2025-08-28 02:09:45,paid
2413,2413,card,1622.66,2026-03-11 06:36:42,paid
2414,2414,card,1665.16,2026-04-19 22:56:53,refunded
2415,2415,card,2720.71,2026-04-24 17:31:49,paid
2416,2416,card,3282.49,2025-08-09 20:36:57,refunded
2417,2417,card,1900.21,2026-01-24 00:17:36,paid
2418,2418,card,2346.03,2025-05-30 01:02:10,paid
2419,2419,bank_transfer,1768.69,2026-01-17 19:59:47,paid
2420,2420,bank_transfer,5125.93,2025-07-05 11:36:15,paid
2421,2421,card,4241.01,2025-04-27 23:27:28,refunded
2422,2422,card,387.8,2026-04-09 12:38:18,refunded
2423,2423,card,3113.61,2025-05-29 20:54:13,paid
2424,2424,bank_transfer,634.7,2026-01-11 17:19:52,refunded
2425,2425,paypal,3920.69,2025-06-19 06:47:49,paid
2426,2426,paypal,218.52,2025-07-07 11:14:26,paid
2427,2427,card,2626.24,2025-10-14 17:56:26,refunded
2428,2428,paypal,1198.56,2026-04-12 17:00:03,paid
2429,2429,paypal,627.91,2025-08-27 12:53:59,refunded
2430,2430,bank_transfer,3984.81,2026-02-26 12:55:37,paid
2431,2431,paypal,2488.37,2026-03-02 02:04:19,paid
2432,2432,paypal,442.65,2026-04-12 07:12:07,paid
2433,2433,card,3715.27,2025-12-03 11:48:44,refunded
2434,2434,card,1316.42,2025-09-13 12:18:25,paid
2435,2435,bank_transfer,1854.78,2026-04-01 09:02:35,refunded
2436,2436,card,961.11,2025-05-20 20:33:31,refunded
2437,2437,card,1180.17,2025-05-01 20:47:17,paid
2438,2438,paypal,1290.0,2025-06-28 00:25:52,refunded
2439,2439,bank_transfer,3138.55,2026-03-27 17:34:33,paid
2440,2440,paypal,2017.78,2025-10-06 22:49:57,paid
2441,2441,bank_transfer,777.62,2026-02-16 17:59:10,refunded
2442,2442,card,3680.85,2026-03-09 05:44:17,paid
2443,2443,card,474.56,2026-01-24 09:55:46,paid
2444,2444,card,570.2,2026-04-19 14:18:49,paid
2445,2445,bank_transfer,4312.64,2025-05-17 10:59:46,paid
2446,2446,paypal,2273.34,2025-05-28 08:35:20,paid
2447,2447,card,3317.13,2025-08-29 19:52:31,refunded
2448,2448,card,834.24,2025-06-09 19:31:10,paid
2449,2449,card,2413.47,2025-09-05 16:30:44,paid
2450,2450,card,1315.34,2025-07-20 02:41:17,refunded
2451,2451,paypal,1504.51,2026-03-28 20:33:54,paid
2452,2452,card,1154.0,2026-02-01 03:49:06,paid
2453,2453,paypal,1528.09,2026-04-24 01:29:03,refunded
2454,2454,bank_transfer,1252.89,2025-07-07 19:20:51,refunded
2455,2455,card,4307.93,2026-04-14 18:20:37,paid
2456,2456,paypal,1292.74,2026-04-03 22:08:06,refunded
2457,2457,bank_transfer,2549.78,2025-09-09 12:21:07,refunded
2458,2458,paypal,3127.59,2026-03-03 14:39:36,refunded
2459,2459,bank_transfer,813.31,2026-01-06 22:50:30,paid
2460,2460,paypal,1200.88,2026-01-19 06:37:28,paid
2461,2461,card,1293.27,2026-01-19 06:20:04,refunded
2462,2462,paypal,2061.22,2025-12-12 03:37:32,paid
2463,2463,paypal,204.46,2025-08-06 13:14:23,refunded
2464,2464,bank_transfer,2570.07,2025-10-15 16:27:12,paid
2465,2465,card,1165.41,2025-12-29 19:17:54,paid
2466,2466,paypal,2969.85,2026-04-08 13:35:45,refunded
2467,2467,paypal,1133.72,2025-12-23 14:12:35,refunded
2468,2468,paypal,2861.57,2025-09-06 17:11:05,paid
2469,2469,card,1812.58,2025-05-10 03:13:24,paid
2470,2470,bank_transfer,3131.94,2025-10-14 19:56:48,paid
2471,2471,paypal,930.34,2025-08-15 11:08:20,refunded
2472,2472,bank_transfer,342.76,2025-05-14 19:00:09,paid
2473,2473,card,808.14,2026-03-17 21:18:57,refunded
2474,2474,paypal,5211.84,2025-11-04 21:30:09,paid
2475,2475,card,1754.37,2025-06-05 12:11:11,paid
2476,2476,bank_transfer,126.75,2026-02-18 20:26:33,paid
2477,2477,paypal,2131.15,2025-10-16 18:18:12,paid
2478,2478,card,3116.85,2026-01-26 05:13:27,refunded
2479,2479,bank_transfer,3283.37,2025-07-11 00:05:52,paid
2480,2480,card,1731.11,2026-03-21 17:37:27,paid
2481,2481,bank_transfer,600.44,2025-06-16 20:41:33,paid
2482,2482,bank_transfer,621.17,2025-10-24 19:44:19,refunded
2483,2483,paypal,1974.89,2025-12-14 19:02:57,refunded
2484,2484,bank_transfer,576.41,2025-11-27 14:31:37,paid
2485,2485,bank_transfer,1506.2,2025-05-16 22:58:07,paid
2486,2486,bank_transfer,1784.94,2026-04-24 04:03:15,paid
2487,2487,card,457.0,2025-09-12 03:11:55,paid
2488,2488,paypal,3144.42,2026-01-27 20:15:20,refunded
2489,2489,bank_transfer,556.81,2026-02-10 08:41:07,refunded
2490,2490,bank_transfer,1455.2,2025-12-12 19:01:46,paid
2491,2491,bank_transfer,694.34,2026-01-14 13:00:00,paid
2492,2492,paypal,1461.15,2025-09-16 22:53:03,paid
2493,2493,bank_transfer,803.36,2026-01-02 19:55:22,paid
2494,2494,paypal,2511.09,2025-05-08 13:59:49,paid
2495,2495,bank_transfer,4040.39,2026-04-17 12:28:10,paid
2496,2496,paypal,3122.74,2025-07-26 07:49:36,refunded
2497,2497,bank_transfer,3098.77,2026-01-11 12:30:58,paid
2498,2498,bank_transfer,760.36,2026-02-13 09:38:24,paid
2499,2499,card,2828.06,2026-03-15 18:40:59,refunded
2500,2500,paypal,2333.19,2025-05-23 06:30:12,paid
2501,2501,paypal,847.01,2025-05-16 10:04:18,paid
2502,2502,bank_transfer,375.12,2025-05-01 11:41:18,paid
2503,2503,bank_transfer,1734.9,2025-09-27 05:26:09,paid
2504,2504,card,673.64,2025-08-17 12:48:53,paid
2505,2505,card,241.48,2026-01-15 21:30:53,refunded
2506,2506,card,1169.25,2025-12-25 06:40:19,paid
2507,2507,card,374.77,2025-07-20 16:26:32,paid
2508,2508,bank_transfer,441.3,2025-08-23 19:41:59,paid
2509,2509,bank_transfer,2331.65,2026-02-21 21:54:20,refunded
2510,2510,card,1159.6,2026-02-01 20:57:01,refunded
2511,2511,paypal,1397.63,2025-05-02 11:40:22,paid
2512,2512,card,2697.28,2025-07-15 15:45:06,paid
2513,2513,bank_transfer,1096.27,2026-01-20 17:42:20,refunded
2514,2514,paypal,2111.94,2026-04-11 05:12:27,refunded
2515,2515,paypal,1689.61,2025-12-08 13:55:02,refunded
2516,2516,bank_transfer,774.67,2025-06-12 18:01:44,refunded
2517,2517,paypal,339.3,2025-04-28 20:32:01,paid
2518,2518,card,3682.48,2025-08-13 11:30:22,refunded
2519,2519,bank_transfer,1512.08,2025-09-09 22:29:59,paid
2520,2520,card,4348.62,2025-06-15 16:34:51,paid
2521,2521,card,2391.49,2026-04-26 21:11:54,refunded
2522,2522,card,1336.75,2025-05-09 22:42:24,refunded
2523,2523,card,80.14,2026-04-03 18:47:34,refunded
2524,2524,paypal,2370.02,2025-07-20 01:44:17,paid
2525,2525,bank_transfer,441.25,2025-10-11 02:22:12,paid
2526,2526,paypal,1200.88,2025-05-15 10:19:18,paid
2527,2527,paypal,1382.56,2025-11-10 10:15:22,paid
2528,2528,paypal,2890.55,2025-12-21 06:06:17,paid
2529,2529,paypal,873.7,2026-01-24 01:20:54,paid
2530,2530,card,1668.29,2026-02-16 23:32:04,refunded
2531,2531,bank_transfer,1336.07,2025-08-16 03:26:27,refunded
2532,2532,bank_transfer,319.98,2025-05-22 17:36:20,paid
2533,2533,paypal,2665.9,2025-05-25 17:21:06,paid
2534,2534,card,758.22,2025-11-24 13:13:56,paid
2535,2535,bank_transfer,532.83,2025-08-22 04:34:39,paid
2536,2536,card,2727.97,2025-12-27 05:03:01,paid
2537,2537,card,2333.59,2025-12-21 22:14:23,paid
2538,2538,card,4906.6,2026-04-16 01:18:01,refunded
2539,2539,card,1896.34,2025-06-03 04:26:03,paid
2540,2540,bank_transfer,232.13,2025-07-22 16:44:23,paid
2541,2541,card,2066.71,2026-01-06 16:36:23,paid
2542,2542,bank_transfer,1247.51,2025-09-05 12:07:09,paid
2543,2543,card,339.92,2026-04-04 17:06:18,paid
2544,2544,paypal,392.28,2025-12-22 16:45:49,paid
2545,2545,bank_transfer,5380.6,2025-12-23 04:45:21,paid
2546,2546,paypal,5381.1,2026-04-09 02:42:26,refunded
2547,2547,paypal,1036.48,2025-07-04 10:29:33,paid
2548,2548,paypal,738.72,2025-11-25 13:07:59,paid
2549,2549,card,1680.92,2025-09-14 05:15:42,paid
2550,2550,paypal,2365.29,2025-09-09 03:36:40,paid
2551,2551,paypal,1909.24,2026-02-16 21:45:17,paid
2552,2552,paypal,1686.52,2026-02-12 23:50:15,refunded
2553,2553,card,2223.81,2025-07-31 08:00:16,paid
2554,2554,paypal,2452.67,2026-04-15 20:32:48,paid
2555,2555,paypal,2159.67,2025-09-19 21:54:57,refunded
2556,2556,paypal,355.14,2026-01-19 03:04:45,paid
2557,2557,bank_transfer,256.3,2025-12-04 00:06:18,paid
2558,2558,paypal,417.7,2025-09-06 23:15:14,paid
2559,2559,card,331.2,2025-06-23 14:17:07,paid
2560,2560,bank_transfer,1662.24,2025-05-15 11:20:49,paid
2561,2561,bank_transfer,2120.64,2025-09-15 01:27:16,paid
2562,2562,card,161.32,2025-09-25 09:34:51,refunded
2563,2563,bank_transfer,3010.82,2025-05-25 03:30:49,refunded
2564,2564,paypal,1289.12,2025-05-10 16:10:59,paid
2565,2565,card,341.74,2025-05-20 19:18:49,paid
2566,2566,card,121.02,2025-10-02 23:57:23,paid
2567,2567,card,2304.07,2025-11-02 19:38:07,paid
2568,2568,paypal,3294.13,2025-12-04 20:56:25,paid
2569,2569,bank_transfer,721.62,2025-12-08 01:50:20,paid
2570,2570,paypal,80.66,2025-05-02 18:45:02,paid
2571,2571,card,1093.65,2026-01-02 20:47:56,paid
2572,2572,paypal,673.48,2025-05-05 03:46:26,paid
2573,2573,bank_transfer,214.67,2025-09-29 04:46:35,paid
2574,2574,bank_transfer,477.17,2025-12-05 13:11:12,paid
2575,2575,paypal,816.6,2025-10-11 03:00:30,paid
2576,2576,paypal,1625.28,2026-04-17 16:53:48,paid
2577,2577,bank_transfer,241.48,2026-04-15 16:22:19,paid
2578,2578,bank_transfer,418.28,2026-03-13 20:00:43,paid
2579,2579,paypal,161.32,2025-11-26 08:39:02,paid
2580,2580,paypal,828.91,2025-05-20 13:43:35,paid
2581,2581,paypal,859.24,2025-05-26 08:23:07,paid
2582,2582,card,1697.37,2025-11-26 00:55:30,refunded
2583,2583,paypal,55.59,2025-09-24 22:45:16,paid
2584,2584,paypal,2973.5,2026-01-31 04:52:27,paid
2585,2585,bank_transfer,944.66,2025-10-15 07:41:28,paid
2586,2586,paypal,1928.53,2025-10-30 04:58:40,paid
2587,2587,bank_transfer,376.68,2025-08-07 17:47:25,paid
2588,2588,card,1137.33,2025-05-14 19:28:12,refunded
2589,2589,card,1591.91,2026-02-23 23:34:27,refunded
2590,2590,paypal,384.12,2026-01-22 20:30:48,refunded
2591,2591,card,3754.31,2026-04-10 10:58:31,paid
2592,2592,card,1619.21,2025-07-30 14:31:32,refunded
2593,2593,paypal,410.48,2025-10-30 17:45:05,refunded
2594,2594,paypal,133.98,2025-11-08 06:44:38,paid
2595,2595,paypal,3372.83,2025-08-09 11:27:25,paid
2596,2596,card,2766.02,2026-01-22 10:03:58,paid
2597,2597,bank_transfer,1009.53,2026-01-16 22:17:28,paid
2598,2598,bank_transfer,723.03,2025-06-15 08:40:21,refunded
2599,2599,card,1139.16,2026-01-31 01:23:16,paid
2600,2600,bank_transfer,3873.57,2026-04-08 07:11:44,paid
2601,2601,bank_transfer,1580.96,2025-07-21 08:13:46,refunded
2602,2602,bank_transfer,1131.52,2026-01-09 21:06:57,paid
2603,2603,paypal,1103.31,2025-07-12 01:08:10,refunded
2604,2604,card,3063.84,2025-12-05 04:15:25,paid
2605,2605,card,2958.12,2026-03-23 03:35:26,paid
2606,2606,bank_transfer,454.18,2025-08-17 22:15:04,paid
2607,2607,paypal,1864.88,2025-08-24 20:55:46,paid
2608,2608,bank_transfer,533.66,2025-12-09 09:40:26,paid
2609,2609,card,447.18,2026-01-24 03:14:10,paid
2610,2610,bank_transfer,370.82,2025-09-20 08:25:37,paid
2611,2611,paypal,253.33,2026-03-28 11:25:41,paid
2612,2612,paypal,1580.58,2025-07-24 03:49:54,paid
2613,2613,bank_transfer,2348.12,2025-05-05 17:27:39,refunded
2614,2614,paypal,3718.18,2025-04-28 20:21:08,paid
2615,2615,bank_transfer,1736.93,2025-09-27 04:17:51,paid
2616,2616,bank_transfer,3235.42,2025-11-04 08:29:05,paid
2617,2617,paypal,270.46,2025-10-22 18:21:28,paid
2618,2618,paypal,146.76,2025-09-21 02:32:45,paid
2619,2619,paypal,456.36,2026-02-16 08:43:52,paid
2620,2620,paypal,2037.57,2026-03-23 02:02:59,paid
2621,2621,bank_transfer,2595.94,2026-03-22 11:40:24,paid
2622,2622,bank_transfer,1496.19,2025-06-27 18:06:53,refunded
2623,2623,paypal,2108.05,2025-09-04 11:40:46,paid
2624,2624,paypal,2474.6,2025-09-02 03:56:09,paid
2625,2625,card,2017.78,2025-04-30 21:21:49,refunded
2626,2626,card,1939.46,2025-07-21 08:44:30,refunded
2627,2627,bank_transfer,1215.7,2025-06-29 02:53:47,paid
2628,2628,bank_transfer,698.84,2025-12-29 12:59:51,paid
2629,2629,bank_transfer,5387.02,2025-09-09 20:49:28,paid
2630,2630,card,2125.33,2026-03-15 12:03:27,refunded
2631,2631,bank_transfer,1717.59,2025-05-02 00:03:55,paid
2632,2632,card,1442.59,2025-05-25 23:58:35,paid
2633,2633,paypal,5392.92,2025-11-05 07:36:19,paid
2634,2634,bank_transfer,4151.87,2025-07-19 06:50:50,refunded
2635,2635,paypal,1511.92,2025-09-22 02:21:12,paid
2636,2636,card,3886.92,2025-08-27 07:47:11,refunded
2637,2637,paypal,1327.02,2025-08-04 18:52:23,paid
2638,2638,card,3070.33,2025-06-17 05:54:38,paid
2639,2639,paypal,3542.28,2026-04-11 20:09:56,paid
2640,2640,card,985.36,2025-09-26 15:24:10,paid
2641,2641,bank_transfer,1726.51,2025-07-08 01:28:38,paid
2642,2642,paypal,1005.66,2025-08-16 17:07:32,paid
2643,2643,paypal,2474.54,2025-06-07 20:00:38,paid
2644,2644,bank_transfer,678.05,2025-10-23 03:07:02,paid
2645,2645,card,110.44,2025-11-22 09:05:44,refunded
2646,2646,card,1527.91,2025-08-04 15:57:19,paid
2647,2647,paypal,310.26,2025-07-08 01:43:44,refunded
2648,2648,paypal,3282.26,2025-12-09 18:47:07,paid
2649,2649,paypal,53.46,2025-05-21 10:52:34,refunded
2650,2650,paypal,1087.96,2025-12-27 13:19:34,paid
2651,2651,paypal,2543.44,2025-07-09 05:37:24,paid
2652,2652,paypal,3684.64,2026-01-09 14:04:48,refunded
2653,2653,bank_transfer,52.87,2025-12-06 03:48:02,paid
2654,2654,bank_transfer,1491.21,2026-01-25 13:00:05,paid
2655,2655,card,234.0,2026-02-24 07:16:21,paid
2656,2656,card,227.81,2025-06-24 18:11:22,paid
2657,2657,card,91.32,2025-07-21 17:30:26,paid
2658,2658,card,3191.02,2026-02-28 07:03:33,paid
2659,2659,paypal,581.58,2025-07-22 16:43:24,paid
2660,2660,bank_transfer,2083.08,2025-08-25 04:41:49,paid
2661,2661,bank_transfer,3561.0,2025-09-03 06:42:20,paid
2662,2662,card,1086.38,2026-03-26 04:29:16,paid
2663,2663,card,303.02,2025-06-03 16:55:01,refunded
2664,2664,card,788.79,2025-05-24 19:04:38,refunded
2665,2665,card,339.69,2025-05-03 15:31:04,refunded
2666,2666,card,98.68,2026-02-08 01:05:10,paid
2667,2667,card,2587.16,2026-02-27 12:20:40,refunded
2668,2668,paypal,730.94,2025-05-10 02:30:44,refunded
2669,2669,bank_transfer,3716.53,2025-12-05 15:25:58,paid
2670,2670,card,3090.04,2025-05-13 04:06:39,refunded
2671,2671,bank_transfer,945.88,2026-01-02 12:13:05,paid
2672,2672,bank_transfer,2412.31,2026-04-10 08:33:08,paid
2673,2673,card,1485.86,2026-04-09 06:36:35,paid
2674,2674,paypal,996.19,2025-10-08 12:05:22,paid
2675,2675,bank_transfer,613.6,2026-03-19 12:02:46,refunded
2676,2676,paypal,1584.05,2026-01-15 13:52:26,refunded
2677,2677,bank_transfer,3492.55,2025-05-15 17:06:50,paid
2678,2678,bank_transfer,1672.98,2025-09-13 01:56:23,refunded
2679,2679,paypal,2489.07,2025-07-31 13:34:12,refunded
2680,2680,bank_transfer,2345.14,2025-04-29 21:03:06,paid
2681,2681,card,1027.86,2025-12-31 04:37:47,paid
2682,2682,bank_transfer,22.83,2026-02-18 14:00:32,paid
2683,2683,bank_transfer,2333.13,2025-11-23 21:07:50,paid
2684,2684,paypal,4765.62,2025-11-29 14:32:56,paid
2685,2685,card,1967.62,2026-04-17 12:06:53,paid
2686,2686,bank_transfer,74.07,2025-10-05 13:10:05,paid
2687,2687,bank_transfer,256.16,2025-11-11 23:32:53,refunded
2688,2688,bank_transfer,711.73,2025-08-04 02:09:39,paid
2689,2689,card,5330.38,2025-07-31 01:22:50,refunded
2690,2690,card,2479.14,2025-05-03 03:26:17,refunded
2691,2691,paypal,1028.88,2025-06-25 13:47:20,refunded
2692,2692,card,4223.26,2026-04-06 22:35:54,refunded
2693,2693,bank_transfer,2723.3,2026-04-13 09:09:54,paid
2694,2694,card,740.05,2025-06-11 23:51:24,paid
2695,2695,paypal,1969.77,2025-06-01 00:55:08,paid
2696,2696,card,2174.24,2025-09-23 20:11:55,refunded
2697,2697,paypal,3742.19,2025-09-27 04:17:46,refunded
2698,2698,paypal,2111.19,2025-10-17 05:27:55,refunded
2699,2699,paypal,464.25,2025-07-22 02:37:35,refunded
2700,2700,bank_transfer,2831.04,2026-03-02 07:00:21,refunded
2701,2701,paypal,571.4,2025-06-19 14:06:01,paid
2702,2702,card,3055.4,2025-12-23 01:45:03,paid
2703,2703,card,1774.42,2026-04-22 23:05:50,refunded
2704,2704,paypal,493.64,2025-04-30 05:48:21,refunded
2705,2705,paypal,4545.76,2025-08-15 01:38:26,paid
2706,2706,paypal,5460.61,2026-04-10 20:50:37,paid
2707,2707,bank_transfer,3280.83,2026-01-16 03:34:13,paid
2708,2708,bank_transfer,815.97,2025-09-04 14:39:29,paid
2709,2709,card,2759.43,2026-04-21 09:40:09,paid
2710,2710,card,2534.45,2026-04-16 21:58:19,paid
2711,2711,card,5320.4,2025-10-22 00:17:49,paid
2712,2712,card,160.28,2025-09-04 10:31:43,paid
2713,2713,card,712.32,2026-02-14 15:32:55,paid
2714,2714,paypal,2319.1,2026-04-03 02:42:25,paid
2715,2715,card,662.08,2025-12-02 04:10:29,paid
2716,2716,bank_transfer,5144.59,2025-11-29 20:38:07,paid
2717,2717,bank_transfer,818.94,2026-02-28 13:17:28,paid
2718,2718,bank_transfer,551.12,2025-11-24 15:46:33,paid
2719,2719,bank_transfer,3532.35,2025-10-19 22:14:59,paid
2720,2720,card,1867.84,2025-08-31 07:39:54,refunded
2721,2721,bank_transfer,1453.95,2026-03-26 15:04:28,paid
2722,2722,paypal,252.27,2025-12-03 09:03:51,paid
2723,2723,bank_transfer,148.14,2026-03-28 00:02:23,paid
2724,2724,card,1142.46,2025-07-09 00:34:45,paid
2725,2725,card,1366.44,2025-05-31 18:51:22,paid
2726,2726,card,2803.17,2025-07-03 03:40:34,paid
2727,2727,bank_transfer,3253.66,2025-12-14 05:09:58,paid
2728,2728,paypal,2129.75,2026-02-07 22:58:24,refunded
2729,2729,paypal,1147.75,2025-12-14 07:08:17,paid
2730,2730,card,2114.96,2026-02-21 05:10:20,paid
2731,2731,card,1906.94,2025-10-09 04:09:03,paid
2732,2732,paypal,3669.48,2025-08-26 19:11:46,paid
2733,2733,bank_transfer,394.4,2025-07-01 17:56:32,paid
2734,2734,card,88.02,2025-09-28 04:43:56,paid
2735,2735,card,945.95,2025-05-15 17:43:23,refunded
2736,2736,bank_transfer,4086.55,2025-07-26 11:00:51,paid
2737,2737,card,3531.49,2026-03-21 05:02:35,refunded
2738,2738,paypal,1068.35,2025-07-30 01:22:20,paid
2739,2739,card,290.22,2025-10-07 12:34:38,paid
2740,2740,paypal,1998.09,2026-01-13 08:33:45,paid
2741,2741,bank_transfer,246.3,2026-03-05 23:58:06,paid
2742,2742,bank_transfer,2354.91,2026-04-05 09:54:52,paid
2743,2743,card,342.36,2025-07-06 07:33:12,paid
2744,2744,bank_transfer,2034.9,2026-03-03 09:37:32,refunded
2745,2745,bank_transfer,1578.65,2025-05-01 01:09:30,refunded
2746,2746,bank_transfer,1752.59,2026-04-06 08:05:50,paid
2747,2747,paypal,594.38,2026-01-22 08:09:02,refunded
2748,2748,bank_transfer,1701.01,2025-06-21 15:10:05,paid
2749,2749,card,2473.38,2025-10-22 10:27:24,paid
2750,2750,card,2297.94,2025-09-18 09:46:34,paid
2751,2751,bank_transfer,3417.57,2025-09-12 02:46:16,paid
2752,2752,bank_transfer,2790.1,2025-11-15 23:25:33,paid
2753,2753,card,2813.1,2025-07-09 04:27:55,paid
2754,2754,paypal,1999.45,2025-05-27 21:55:01,paid
2755,2755,card,1843.22,2025-08-05 01:24:59,paid
2756,2756,paypal,1359.06,2025-10-24 02:31:37,paid
2757,2757,bank_transfer,1776.28,2025-10-24 16:59:44,paid
2758,2758,paypal,1187.67,2026-04-08 08:11:51,paid
2759,2759,paypal,485.63,2025-05-07 07:24:08,paid
2760,2760,bank_transfer,339.69,2026-01-22 14:56:55,paid
2761,2761,card,1307.73,2025-12-15 03:48:34,paid
2762,2762,bank_transfer,2295.35,2025-06-15 17:06:19,refunded
2763,2763,paypal,2663.85,2025-04-28 04:42:39,paid
2764,2764,bank_transfer,1633.4,2026-04-15 01:47:11,refunded
2765,2765,paypal,855.32,2025-10-17 12:36:57,refunded
2766,2766,bank_transfer,2309.42,2025-06-11 04:40:16,paid
2767,2767,card,2145.84,2025-06-02 00:25:04,paid
2768,2768,bank_transfer,3498.6,2026-03-04 21:21:15,paid
2769,2769,paypal,1997.87,2025-09-08 09:59:46,paid
2770,2770,card,614.6,2026-03-20 15:36:41,paid
2771,2771,paypal,455.83,2025-06-29 16:39:20,paid
2772,2772,card,618.68,2025-07-24 09:32:27,paid
2773,2773,bank_transfer,1560.38,2026-01-29 21:15:43,paid
2774,2774,bank_transfer,2715.68,2026-02-13 18:07:07,paid
2775,2775,bank_transfer,468.64,2025-11-27 13:56:56,paid
2776,2776,paypal,3375.66,2025-04-30 03:10:04,paid
2777,2777,card,140.68,2025-07-07 00:08:46,paid
2778,2778,bank_transfer,3368.25,2025-07-10 03:22:39,refunded
2779,2779,bank_transfer,1409.41,2025-10-12 06:50:46,refunded
2780,2780,card,923.63,2026-01-24 18:15:28,paid
2781,2781,card,855.95,2025-07-02 01:06:20,refunded
2782,2782,paypal,126.88,2025-06-05 03:22:36,paid
2783,2783,card,4709.04,2026-01-04 00:20:07,paid
2784,2784,bank_transfer,1807.34,2026-03-02 14:22:32,refunded
2785,2785,bank_transfer,108.55,2025-12-19 20:37:05,paid
2786,2786,paypal,1895.48,2026-02-03 11:14:56,paid
2787,2787,card,282.65,2026-01-09 03:16:20,paid
2788,2788,bank_transfer,1444.33,2025-07-03 02:25:33,paid
2789,2789,bank_transfer,811.38,2025-05-23 21:59:46,paid
2790,2790,paypal,1272.82,2025-09-11 15:54:19,paid
2791,2791,paypal,566.02,2026-04-14 22:37:38,paid
2792,2792,card,3182.44,2026-04-16 07:45:35,refunded
2793,2793,paypal,4471.6,2025-11-17 10:31:06,paid
2794,2794,paypal,5291.47,2026-02-26 19:47:01,paid
2795,2795,card,2544.93,2025-06-15 02:17:27,refunded
2796,2796,card,1016.06,2025-11-16 13:43:33,paid
2797,2797,bank_transfer,2235.36,2025-12-06 04:54:18,paid
2798,2798,bank_transfer,1781.03,2026-04-16 01:08:01,paid
2799,2799,card,1979.57,2025-11-03 14:06:11,paid
2800,2800,paypal,2743.22,2026-02-02 10:40:05,refunded
2801,2801,bank_transfer,2148.27,2025-04-29 10:08:14,paid
2802,2802,card,3916.87,2026-01-19 07:30:07,paid
2803,2803,paypal,3561.87,2025-09-16 21:35:31,paid
2804,2804,bank_transfer,1894.46,2025-12-03 08:41:45,paid
2805,2805,paypal,2932.02,2025-06-03 10:19:41,paid
2806,2806,bank_transfer,5495.69,2025-10-13 04:33:04,paid
2807,2807,bank_transfer,60.37,2025-06-08 02:04:06,refunded
2808,2808,bank_transfer,4102.61,2026-02-21 20:53:28,refunded
2809,2809,card,2743.79,2025-06-10 05:55:00,paid
2810,2810,paypal,1234.28,2025-11-09 03:37:16,paid
2811,2811,paypal,1612.93,2025-10-14 05:18:30,paid
2812,2812,card,3462.07,2025-07-18 19:35:32,paid
2813,2813,bank_transfer,4274.89,2025-11-21 17:19:21,paid
2814,2814,paypal,356.16,2025-09-18 23:37:46,paid
2815,2815,bank_transfer,573.04,2025-09-03 19:48:24,paid
2816,2816,paypal,1210.5,2025-11-27 09:46:24,paid
2817,2817,card,4554.69,2025-11-27 12:31:25,paid
2818,2818,card,679.49,2025-05-29 08:44:43,refunded
2819,2819,card,3426.56,2026-02-05 09:38:07,paid
2820,2820,paypal,3171.95,2025-12-12 07:17:05,paid
2821,2821,bank_transfer,1413.73,2026-04-04 17:43:50,paid
2822,2822,card,1457.55,2025-08-27 05:38:48,refunded
2823,2823,paypal,941.35,2025-12-04 17:42:52,paid
2824,2824,paypal,1571.77,2026-02-12 20:07:27,paid
2825,2825,card,3286.55,2025-10-24 19:47:45,paid
2826,2826,paypal,1355.13,2026-01-20 19:35:27,paid
2827,2827,card,1837.16,2025-10-27 11:12:58,refunded
2828,2828,paypal,2812.16,2025-07-01 19:14:13,paid
2829,2829,bank_transfer,5348.66,2026-01-26 02:40:50,paid
2830,2830,card,1621.21,2026-01-20 22:49:14,paid
2831,2831,card,2718.57,2025-06-03 07:06:23,paid
2832,2832,bank_transfer,807.11,2025-09-23 00:11:07,paid
2833,2833,paypal,292.4,2025-11-29 15:12:57,paid
2834,2834,bank_transfer,40.34,2025-11-14 10:46:21,paid
2835,2835,card,2435.6,2025-05-14 23:48:09,paid
2836,2836,card,1909.31,2026-01-27 23:41:16,paid
2837,2837,bank_transfer,1012.53,2025-05-17 07:35:19,paid
2838,2838,bank_transfer,3020.83,2026-02-13 03:03:01,paid
2839,2839,card,281.34,2026-02-21 23:42:42,paid
2840,2840,paypal,2252.05,2025-09-06 15:26:50,paid
2841,2841,card,2627.13,2026-04-18 21:47:24,paid
2842,2842,card,211.48,2025-07-28 12:04:03,paid
2843,2843,card,2866.41,2025-10-30 15:30:29,paid
2844,2844,paypal,2913.15,2025-11-21 11:03:20,refunded
2845,2845,paypal,974.38,2026-02-19 02:18:44,paid
2846,2846,bank_transfer,3828.18,2026-03-07 15:23:45,refunded
2847,2847,bank_transfer,2514.7,2026-01-24 07:12:46,paid
2848,2848,bank_transfer,775.6,2025-12-18 05:41:43,paid
2849,2849,paypal,1093.97,2026-03-27 00:08:08,paid
2850,2850,paypal,192.83,2025-07-20 14:12:24,paid
2851,2851,paypal,1830.09,2025-05-23 19:38:26,refunded
2852,2852,paypal,1497.95,2025-11-26 07:57:56,refunded
2853,2853,bank_transfer,646.57,2025-09-20 13:32:57,refunded
2854,2854,card,465.14,2025-12-20 01:43:20,paid
2855,2855,card,1377.84,2025-06-26 17:27:34,paid
2856,2856,paypal,5060.53,2025-11-11 04:52:08,paid
2857,2857,paypal,5223.04,2026-04-15 14:08:13,paid
2858,2858,card,1636.6,2025-12-09 17:01:20,paid
2859,2859,card,3495.91,2025-10-30 23:38:10,refunded
2860,2860,card,4740.29,2026-04-11 22:43:16,paid
2861,2861,bank_transfer,3553.88,2025-07-03 15:15:52,paid
2862,2862,bank_transfer,1715.27,2026-03-05 19:46:50,paid
2863,2863,paypal,1657.08,2025-11-11 10:34:28,paid
2864,2864,bank_transfer,2980.42,2025-08-12 22:30:24,paid
2865,2865,bank_transfer,993.6,2025-09-03 13:15:24,paid
2866,2866,bank_transfer,1690.92,2026-04-05 06:50:05,paid
2867,2867,bank_transfer,174.64,2025-08-26 11:21:09,paid
2868,2868,paypal,1889.28,2026-03-30 02:39:22,paid
2869,2869,bank_transfer,432.98,2025-05-18 11:33:50,refunded
2870,2870,card,1882.03,2026-01-08 00:10:23,paid
2871,2871,paypal,483.47,2025-06-04 01:03:47,refunded
2872,2872,card,2828.28,2025-11-13 08:30:18,refunded
2873,2873,bank_transfer,2308.59,2025-06-20 08:15:15,paid
2874,2874,bank_transfer,456.69,2025-07-02 00:14:14,paid
2875,2875,bank_transfer,3231.64,2026-02-02 06:08:31,paid
2876,2876,paypal,2585.86,2026-02-14 12:59:16,paid
2877,2877,paypal,619.0,2025-10-29 20:53:13,paid
2878,2878,paypal,2214.82,2025-06-29 19:39:08,paid
2879,2879,paypal,1610.24,2025-04-28 03:53:46,paid
2880,2880,paypal,1597.26,2025-05-18 16:08:36,paid
2881,2881,card,417.88,2025-07-05 17:30:07,refunded
2882,2882,paypal,3443.04,2025-11-27 19:51:15,refunded
2883,2883,bank_transfer,526.7,2025-07-19 18:01:26,paid
2884,2884,card,1837.62,2025-12-22 13:41:19,paid
2885,2885,paypal,2277.44,2025-08-20 03:14:46,refunded
2886,2886,card,2092.2,2025-11-22 03:43:57,paid
2887,2887,bank_transfer,3134.45,2025-06-16 04:55:13,paid
2888,2888,bank_transfer,4296.81,2025-12-26 12:59:26,paid
2889,2889,paypal,6163.74,2026-04-22 15:09:07,paid
2890,2890,bank_transfer,2012.69,2026-03-19 11:15:18,paid
2891,2891,bank_transfer,1985.54,2025-07-25 12:39:51,paid
2892,2892,bank_transfer,4233.46,2025-06-19 05:48:35,paid
2893,2893,paypal,2119.51,2026-01-10 00:17:37,paid
2894,2894,bank_transfer,89.32,2025-06-27 01:47:38,paid
2895,2895,card,2664.48,2025-05-20 17:05:24,paid
2896,2896,card,1972.26,2025-08-03 13:04:20,refunded
2897,2897,card,148.14,2025-06-01 04:59:42,paid
2898,2898,card,3457.34,2025-08-13 10:52:53,paid
2899,2899,card,421.63,2025-08-14 00:07:15,paid
2900,2900,paypal,2317.22,2025-11-02 23:54:43,refunded
2901,2901,bank_transfer,775.6,2025-08-14 00:04:29,paid
2902,2902,bank_transfer,396.2,2026-01-07 01:00:30,paid
2903,2903,bank_transfer,2275.62,2025-07-18 20:00:00,refunded
2904,2904,paypal,976.63,2026-02-05 17:03:21,paid
2905,2905,paypal,1401.17,2025-06-17 21:38:15,paid
2906,2906,card,1776.24,2026-04-21 19:08:27,paid
2907,2907,paypal,468.0,2026-02-12 17:22:17,paid
2908,2908,card,1163.16,2026-03-27 18:47:01,refunded
2909,2909,bank_transfer,3469.2,2025-11-17 14:20:40,paid
2910,2910,bank_transfer,156.52,2026-02-12 02:58:44,paid
2911,2911,card,719.93,2025-06-09 07:56:08,paid
2912,2912,paypal,1327.95,2025-05-23 09:03:38,paid
2913,2913,card,392.28,2025-10-08 09:52:34,paid
2914,2914,card,1581.45,2025-09-14 12:21:29,paid
2915,2915,card,461.05,2025-12-07 21:27:10,paid
2916,2916,bank_transfer,1101.46,2025-12-17 16:47:46,paid
2917,2917,card,1659.52,2026-01-28 16:56:50,paid
2918,2918,paypal,1539.8,2025-07-12 22:15:25,paid
2919,2919,paypal,5406.2,2026-01-24 23:46:56,paid
2920,2920,paypal,2081.07,2025-05-01 17:29:37,paid
2921,2921,card,997.55,2026-01-14 03:53:27,paid
2922,2922,card,1538.23,2025-06-15 21:50:20,paid
2923,2923,bank_transfer,512.6,2026-02-07 11:52:00,paid
2924,2924,paypal,3663.08,2025-12-27 08:43:06,paid
2925,2925,paypal,757.52,2026-02-07 01:26:18,paid
2926,2926,bank_transfer,3060.94,2025-05-02 19:18:41,paid
2927,2927,card,3484.05,2025-06-16 06:28:15,paid
2928,2928,bank_transfer,403.5,2025-05-11 18:34:19,paid
2929,2929,bank_transfer,2018.55,2025-12-29 23:31:59,paid
2930,2930,card,4017.44,2025-07-17 10:21:23,refunded
2931,2931,bank_transfer,74.07,2025-05-17 10:16:45,refunded
2932,2932,bank_transfer,2853.31,2025-08-13 07:31:35,paid
2933,2933,card,3291.29,2026-04-26 15:53:51,paid
2934,2934,bank_transfer,1522.44,2026-01-30 04:44:06,paid
2935,2935,paypal,2443.36,2026-01-22 23:44:27,paid
2936,2936,card,1982.03,2025-06-24 16:16:30,refunded
2937,2937,card,1606.34,2025-07-21 19:26:26,refunded
2938,2938,card,1154.07,2026-03-24 18:49:47,paid
2939,2939,paypal,304.23,2025-06-17 15:24:37,refunded
2940,2940,card,623.72,2025-06-17 09:42:06,paid
2941,2941,paypal,1052.15,2026-01-31 03:23:36,refunded
2942,2942,card,2632.44,2025-10-15 04:17:22,paid
2943,2943,paypal,421.63,2025-11-07 03:40:51,paid
2944,2944,card,1098.56,2025-09-14 06:16:19,paid
2945,2945,bank_transfer,3601.54,2026-03-24 01:25:28,refunded
2946,2946,card,4880.59,2026-04-24 00:17:15,paid
2947,2947,card,2224.78,2025-06-16 03:55:57,paid
2948,2948,card,967.75,2026-01-22 20:01:14,paid
2949,2949,card,1225.09,2026-04-02 19:42:42,paid
2950,2950,paypal,6.76,2025-06-06 19:11:23,paid
2951,2951,paypal,2275.88,2025-07-31 08:39:28,paid
2952,2952,paypal,4993.33,2025-09-19 12:47:56,paid
2953,2953,bank_transfer,146.07,2026-01-31 11:41:05,paid
2954,2954,card,526.25,2025-07-12 01:47:06,paid
2955,2955,card,2734.87,2025-05-13 19:47:38,refunded
2956,2956,card,2190.94,2026-04-11 16:56:49,paid
2957,2957,card,1013.18,2026-02-23 11:14:47,paid
2958,2958,card,1184.7,2026-02-16 15:04:34,paid
2959,2959,bank_transfer,3486.47,2025-06-17 10:34:42,paid
2960,2960,card,2361.1,2025-11-09 05:52:02,paid
2961,2961,paypal,1663.47,2025-06-03 01:13:40,paid
2962,2962,bank_transfer,533.82,2025-10-07 00:25:37,paid
2963,2963,card,1633.24,2025-09-05 01:12:40,paid
2964,2964,card,1117.5,2026-04-06 22:02:55,refunded
2965,2965,paypal,4089.96,2025-05-15 23:23:45,paid
2966,2966,bank_transfer,1854.89,2025-10-02 19:53:13,paid
2967,2967,card,2230.14,2025-08-04 03:13:14,paid
2968,2968,paypal,1343.86,2025-09-28 11:52:07,paid
2969,2969,card,3368.59,2025-07-13 05:49:32,paid
2970,2970,paypal,1806.84,2025-04-28 20:33:50,refunded
2971,2971,bank_transfer,1190.31,2026-01-17 15:18:45,paid
2972,2972,paypal,1173.36,2026-03-14 02:27:26,refunded
2973,2973,paypal,2993.7,2025-05-20 00:04:22,refunded
2974,2974,paypal,2211.82,2025-09-08 12:39:36,refunded
2975,2975,paypal,2163.45,2026-01-30 13:06:15,paid
2976,2976,paypal,2504.37,2026-03-01 18:06:06,paid
2977,2977,bank_transfer,1579.86,2025-12-14 18:43:49,paid
2978,2978,card,592.42,2025-07-26 08:32:46,paid
2979,2979,paypal,1745.22,2026-04-25 19:40:27,refunded
2980,2980,bank_transfer,570.2,2026-03-15 09:10:00,paid
2981,2981,card,136.28,2025-10-15 14:46:13,paid
2982,2982,paypal,898.61,2025-10-22 03:50:03,refunded
2983,2983,paypal,1595.06,2025-10-23 05:44:16,refunded
2984,2984,paypal,3008.3,2025-09-12 22:13:42,paid
2985,2985,card,930.4,2025-09-29 05:15:38,paid
2986,2986,bank_transfer,2277.45,2026-04-13 10:21:22,paid
2987,2987,card,213.84,2025-12-10 17:41:50,paid
2988,2988,paypal,292.14,2025-06-03 23:11:13,refunded
2989,2989,card,374.77,2025-12-21 00:46:47,refunded
2990,2990,bank_transfer,456.48,2025-11-22 09:59:36,paid
2991,2991,paypal,190.09,2025-07-23 18:42:50,paid
2992,2992,card,1541.6,2025-06-17 23:32:26,paid
2993,2993,bank_transfer,1359.88,2026-02-19 23:06:38,refunded
2994,2994,card,973.08,2025-05-25 08:16:06,paid
2995,2995,bank_transfer,4280.57,2026-01-18 06:35:22,paid
2996,2996,card,111.05,2025-05-06 14:34:30,paid
2997,2997,bank_transfer,1769.71,2026-01-05 19:38:17,refunded
2998,2998,paypal,476.84,2025-06-29 13:49:31,refunded
2999,2999,card,3181.35,2025-12-16 01:12:01,refunded
3000,3000,paypal,3348.96,2025-06-01 13:13:49,paid
